Source,Reused-Text,Final-annnotation
What is the value for 75cos¬≤ 0.18œ?,75 ??? ??≤ 0.18??? ??  ?? ???? ??? ???,H
When did Thanksgiving begin? When was it established as a national Holiday in the United States? Do other countries recognize Thanksgiving?,?????? ????? ?? ???? ????? ????????? ????? ??? ?? ?? ???? ????? ?? ??? ?? ?? ???? ??? ??? ???? ??? ????? ????? ?????? ????? ?? ????? ???? ????,H
"According to the M-theory, there are 11 dimensions. Why are only 5 dimensions in regards to gravity addressed in Interstellar?",??? ?????? ?? ????? ????? ????? ???? ???? ?????? ??? ??? ??? ?? ????? ?? ??? 5 ????? ?? ???? ???? ?? ????? ???,H
"Recently diagnosed with throat cancer, what diet/food can I eat to supplement my treatment? What is homeopathy and can it help?","??? ?? ????? ?? ???? ??? ??? ?? ??? ????? ??? ??? ? ??? ???? ???? ?? ????? ?? ? ??? ??? / ????? ??? ???? ????†?????????? ??? ?? ??? ??? ?? ?? ??? ?? ???? ???",H
Does TripAdvisor allow Localites unmarried couple?,??? ??? ???????? ????? ????? ?? ??? ???? ??? ???? ?? ????? ???? ???,H
Can I climb mount Everest without any previous mountaineering experience?,??? ??? ????? ?????? ?? ??? ???? ??? ???? ??? ??????????? ?? ??????,H
How do you install Plex on Apple TV?,?? ??? ?? ???? ?? ?? ?? ????? ??? ?????? ?????,H
Why are days of the year biased toward certain days of the week?,??? ?? ?? ???? ?? ????? ?? ?? ??? ???? ???? ???? ????,H
Why invest in a high rise condo in Thailand?,????? ???? ??? ???? ???? ????? ??? ?????? ???? ?????,H
Which is the best college to do pre sea(DME)?,??? ?? (?? ??? ??) ???? ?? ??? ??? ?? ?????? ???? ???,H
How can I study linear algebra? Which books will help me in self study?,??? ????? ?????? ?? ?????? ???? ?????? ????†??? ?? ?????? ??? ?????? ??? ???? ??? ???? ???,H
Which is the best digital marketing course?,?????? ?????? ???????? ???? ??? ?? ???,H
How did Ronald Reagan react to 9/11?,?????? ???? ?? ???? ????? ?? ???? ??? ??? ?? ??? ???? ????,H
Careers: I am stuck in a telecom company from last 3 years? How do I get out of it? Please help.,??????: ??? ????? 3 ????? ?? ???? ??? ????? ??? ???? ??? ????†??? ?? ?? ???? ??? ???? ????†??? ????.,H
Should India make mandatory for every citizen to serve in the Army for at least 2 years?,??? ???????? ?? ?? ???? ?? ??? ?? ?? ?? 2 ??? ?? ??? ??? ????? ????? ???? ????? ???? ???? ??????,H
Which is the best gaming laptop under 50k?,50 ???? ?? ??? ??? ?? ?????? ????? ??? ??? ???,H
How can I find my lost phone?,??? ???? ????? ??? ???? ???? ?????? ????,H
"If you're uncircumcised, is it a good idea during a urine sample to pull back the foreskin, wipe off the glans, push the foreskin back, and pee?","??? ?? ??? ???? ????? ??? ?? ? ??? ????? ?? ????? ?? ????? ?? ???? ?? ?? ?? ???? ?? ???? ????? ??? ? ????? ?? ??? ??? ? ???? ?? ????? ??????? ??? ????? ?????",H
What is the space between subatomic particles considered to be?,?? ?? ????? ???? ?? ??? ??? ???,H
What faction of the UK Conservative Party is most similar to the US Republican Party?,?? ??? ???????? ????? ?? ??? ?? ???? ?????? ??????? ????? ?? ???? ???? ???,H
Is chi a form of energy?,??? ?? ??????? ?? ??? ??? ???,H
Which are some of the apps on Google Play/ios App Store having more than 10000 downloads/users?,???? ??? ?? ???? ?? ??? / ??? ????? 10000 ?? ???? ???? ???? / ?????? ???? ??  ??? ????,H
How do I address a woman if I don't know if she is married or single?,??? ??? ???? ????? ??? ?? ?? ???? ??? ?? ?? ??????,H
How do I blur the background in Canon 1200d?,??? 1200 12 1200D ?? ???? ?? ??? ?? ??? ?????? ?? ??? ????,H
Who are the five greatest Hollywood movie directors ever and why?,?? ?? ?? ???? ?? ?? ??? ???? ??? ???? ???????? ??? ??? ??? ?????,H
What are the best & iconic movie posters?,?????? ??? ????? ???? ?? ????? ??? ????,H
What is the purpose of my life? Why should I live?,???? ????? ?? ???? ??? ???†??? ???? ?????,H
Why am I able to do a finger pushup after training upper body and forearms?,????? ??? ??? ?????? ?? ????? ?? ??? ??? ???? ???? ?? ?? ???? ?? ???? ????,H
"How can I use ""have had"", ""has had"" and ""had had""?","??? ?? ??? ""??? ??"" ?? ??????? ?? ???? ???? ""????? ??? ??"" ??? ""???""?",H
"Is the term ""evolution"" explained in Vedas?","??? ?????? ""??????"" ?? ????? ????? ??? ?? ??? ???",H
What is the difference between Olark and Zopim?,?????? ??? ????? ??? ??? ??? ???,H
How dangerous are black snakes that have white stripes on their heads?,???? ???? ???? ?????? ??? ?? ?? ???? ?? ???? ????? ????,H
Why do Skechers shoes smell?,?????? ?? ????? ?? ????? ???? ??? ???,H
"As an insurance claims professional looking to enter into logistics and transportation as a planner, what is the optimum job title for which to apply?","?? ??? ??????? ???? ???? ?? ?? ???? ?? ??? ?????? ??? ?? ??? ?? ??? ??? ??? ? ??? ??? ???? ???? ?? ?????? ?? ?? ? ??????? ???? ?? ??? ????? ?? ????? ?????? ?? ????? ?? ????? ????? ??? ?????",H
"What are the characteristics of a female whose sun, moon, Venus, Mercury, Pluto and ascendant are all in Scorpio?","???? ???? ?? ??? ??????? ??? ?? ?? ???? ? ???? ? ???? ? ????? ? ????? ??? ????? ???? ?? ??? ????? ??? ????",H
How can I be handsome?,??? ??????? ???? ?????? ????,H
What is Wells Fargo's overdraft policy?,???? ????? ?? ???? ????? ?????? ??? ???,H
Why is Google called Google?,???? ?? ???? ???? ??? ???? ???,H
Does Los Angeles really look like Los Santos in GTA5?,?? ?? ?? ??? ?????? ????? ?? ?? ?? 5 ??? ??? ?????? ?? ??? ??? ??? ???,H
How does a person detect if their weed was laced with rat poison?,??? ??? ?? ???? ??? ???? ?? ?? ??? ?? ?? ???? ????? ?? ??? ?? ????? ???? ????,H
Do musicians love their own music?,??? ????????? ?? ???? ?????? ???? ???,H
"Why does Oberon punish Titania in ""A Midsummer Night's Dream""?","?????? ???????? ?? ""? ????? ???? ????"" ??? ???? ??? ???? ???",H
"What hotel in Dehradun Hill-station would be safe for unmarried couples, without the harassment of police, hotel staff, and moral police?","????? ? ???? ?? ???? ??? ?????? ????? ?? ?????? ??? ???? ??????? ?? ?????? ?? ??? ?? ???? ??? ???? ??? ????? ?? ??? ????? ?????",H
Does gel cause hair loss?,??? ??? ?? ????? ?? ????? ???,H
How can I see Unknown people in my dreams very clearly?,??? ???? ?????? ??? ?????? ????? ?? ?? ??? ???? ???? ????,H
Which is better the resin kitchen or the granite kitchen?,??? ?? ?????? ???? ?? ??????? ?????? ???? ????? ???? ???,H
What are some theories of life?,????? ?? ??? ?????? ??? ????,H
"Given a chance, what would you say to your future soul mate?","???? ???? ?? ? ?? ???? ?????? ?? ????? ?? ??? ???? ???",H
How do I transfer ola money to Bank?,??? ??? ???? ?? ??? ???? ?????? ??? ????? ?????? ????,H
How do I hide apps on an ??????? phone without rooting in any version of your ????????,??? ?? ?? ??????? ?? ??? ??? ???? ?? ?? ?? ???? ??? ??????? ??? ?? ??????? ?? ???? ???????,H
How do startup accelerators give you the funding?,???????? ???? ???? ???? ?? ?? ???? ????? ???? ???? ????,H
How can I use Framer.js? How do I install it or include them in an HTML page and start prototyping?,??? ?????? ?? ??? ???? ??????? ?????? ????†??? ??? ???? ?????? ???? ?? ????? ??? ??? ?? ??? ??? ???? ??? ???? ???? ??? ????? ?????? ???? ?????,H
What are issues of problems facing organization?,????? ?? ????? ????? ?? ??? ????? ????,H
How do I change the registered mobile number for the DBS bank account?,??? ?? ?? ??? ???? ?????? ?? ??? ?????? ?????? ???? ?? ???? ????? ?????,H
How do you connect HDMI computer to VGA monitor?,?? ??? ?? ??? ??? ??????? ?? ?? ?? ?? ?????? ?? ???? ????? ????,H
Is there a meaning behind the Destiny logo?,??? ????? ?? ???? ?? ????? ???? ????? ???,H
What is it like to live in the big cities of Jamaica compared to the ones in Mexico?,??????? ?? ????? ?? ?????? ????? ?? ??? ????? ??? ???? ???? ???,H
What is the purpose of your life?,?? ?? ????? ?? ???? ??? ???,H
How did pioneers cure rattlesnake bites back in the day?,??? ??? ???????? ???? ???? ?? ?? ??? ??? ????,H
How do I play FarmVille on Google+?,??? ???? + ?? ???? ???? ???? ???? ???? ????,H
Pitch a Marvel anthology series?,??? ?????? ????????? ????? ???,H
What is state in constitution of India?,???????? ?? ???? ??? ????? ??? ???,H
Is it good to do gym at morning and swimming at noon?,??? ??? ???? ??? ????? ?? ??? ?????? ???? ???? ???,H
What is spiritism?,??????? ??? ???,H
Do employees at Duke Realty have a good work-life balance? Does this differ across positions and departments?,??? ???? ?????? ?? ??????? ??? ??? ???? ?? ??? ???? ????? ???†??? ?? ????? ??? ?????? ??? ????? ???,H
I will start eating one egg per day for a month. What other small thing can I add that has very low calories and would keep me healthy? Fruit maybe?,??? ??? ????? ?? ??? ?????? ??? ???? ????? ???? ???? ???†??? ??? ??? ?? ????? ????? ??? ???? ?????? ??? ?? ??? ??? ?? ?????? ??? ??? ?? ???? ??? ??? ?????†??? ?????,H
Does women desire sex equally as much as men do?,?? ?????? ????? ?? ??? ???? ?????? ?? ??? ????? ?????? ???? ???? ??? ?? ??? ???? ????? ????,H
How do you feel when someone points out your mistake?,?? ???? ?? ?? ???? ?? ??????? ???? ?? ?? ?? ?? ???? ???? ???,H
SEO or SMO which help to get more business?,??? ?? ?? ?? ??? ??? ?? ??? ?? ??????? ??? ??? ???? ???,H
"I have a cataract in my eye, Am I eligible for Indian Airforce?","???? ???? ??? ??? ???????? ?? ? ??? ??? ????????? ??? ???? ?? ??? ????",H
What are the best ways to lose weight?,??? ?? ???? ?? ?????? ????? ??? ????,H
"Where is the Baraka River located, and how does it compare to the White Nile?","?????? ????? ???? ???? ?? ? ??? ?? ??? ?? ???? ?????? ???? ???",H
Can all women have anal sex?,??? ???? ?????? ???? ???? ?????? ?? ???? ????,H
How can I book Ronda Rousey to star in an adult movie?,??? ??? ???? ??? ??? ????? ?? ??? ????? ???? ?? ?? ??? ?? ?????? ????,H
"Why did aircraft stop using variable-sweep wings, like those on an F-14?",????? ?????? ?? ???-????  ?? ???? ???? ????? ???? ???? ?? ??????? ???? ??? ????,H
Why do you think Donald Trump is getting so much support?,?? ?? ???? ??? ????? ???? ?? ???? ????? ???? ?? ??? ???,H
I got a score of 99 in TOEFL will it negate my AWA score of 3.0?,??? ?? 99 ?? ????? ?? 3.0 ??? ???? ????? ??? ?? ??? ???????? ????? ??? ??? ???,H
Does okha express provide food?,??? ???? ???????? ????? ???? ???? ???,H
I can feel a little mass protruding out when I touch the back of my skull on both sides of the hemispheres. Is this a tumor?,??? ?? ??? ????????? ?? ????? ????? ?? ???? ?????? ?? ????? ??? ???? ????? ??? ??? ????? ?? ??? ?????? ?? ????? ?? ???? ???. ?? ??? ????? ???,H
Which army would win if fights occured between US troops from WW2 and US troops from Vietnam war?,??? ????? ????? 2 ?? ?????? ?????? ??? ?????? ?? ??? ?? ?????? ?????? ?? ????? ????? ???? ?? ????? ??? ??? ???? ???,H
What are some tips for learning the guitar on your own?,??? ?? ???? ?????? ?? ??? ??? ???? ??? ????,H
What is it like to have unique name?,?? ?????? ??? ?? ??? ???? ???,H
Is there a possibility to grow taller at 17?,17 ??? ???? ????? ?? ??? ??? ????? ???,H
I cannot control my urge to have sweets. I feel addicted. I have lost control over my mind. What can I do?,??? ???????? ????? ?? ????? ?? ???? ???? ??? ?????†???? ???? ?? ??? ???†??? ?? ???? ???? ?? ?????? ??? ??? ???†??? ??? ?? ???? ????,H
How do I physically speak with a softer voice?,???? ???? ???? ?? ??? ?????? ??? ?? ???? ??? ?????,H
Is the U.S. un-invadable?,??? ?????? ?????? ???? ???,H
Could all bitcoin mining be done by a single Raspberry Pi?,??? ???? ?? ????? ??? ??? ??? ?? ??????? ???? ?? ????? ?? ?????? ???,H
"My exgirlfriend is on my car insurance. She has her own car. I was going to leave her on it until she is 25 (Feb) just to be nice, I guess. I saw a friend of hers driving her car. If she lets someone borrow her car and something happens, can anything fall back on me in anyway?","???? ????? ?????? ???? ??? ??????? ?? ???†?? ?? ???? ??? ??? ???†???? ?????? ?? ?? ??? ?? ?? ?? ??? ?? ???? ?? ???? ?? ?? ?? ?? ?? 25 ????? ?? ?? ???†??? ?? ????? ?? ?? ?? ??? ???? ?? ?? ???? ??? ??? ???†??? ?? ??? ?? ???? ??? ????? ???? ??? ??? ??? ?????? ?? ? ??? ???? ??? ??? ?? ??? ???? ????? ???",H
How can I integrate Bitbucket with Microsoft Azure to build and deploy applications?,??? ????? ????? ?? ????? ??? ??? ? ???? ?? ??? ??????????? ????? ?? ???? ?? ??? ?? ?? ??? ?? ?? ???? ???,H
Where is my downloaded iTunes music on my iPad?,???? ??? ??? ?? ???? ???? ??? ??? ????? ????? ???? ???,H
What's the best energy drink that can keep a person going all day long?,??? ?? ???? ?????? ????? ???? ?? ?? ????? ?? ???? ?? ????? ???? ???,H
How long does your sex last?,??? ??? ?? ?? ?? ???? ???? ???? ???,H
Why are Muslims often stereotyped as terrorists?,??? ???? ???????? ?? ??? ???? ???? ????,H
What is the aim of science?,????? ?? ???? ??? ???,H
What are some best books for CAT preparation?,?? ?? ?? ?? ????? ?? ??? ????? ?? ????? ?????? ?????? ??? ?? ????,H
How can I get food stamps in college?,??? ???? ??? ??? ?????? ???? ???? ?????? ????,H
In what instance is a half cord of wood necessary over a full cord of wood?,???? ?? ??? ???? ??? ?? ???? ??? ???? ?? ??? ????? ???,H
Can we cancel a 'Tatkal waiting list' ticket?,??? ?? '??? ?????? ?? ?????' ?? ??? ????? ?????? ????,H
"I got a right wrist fracture, I want to join the gym again should I?","??? ?? ??? ????? ????? ?????? ?? ???? ??? ?? ??? ?? ??? ???? ???? ????? ??? ??? ?? ??????",H
Why should we avoid hot tea in plastic cup?,???? ?????? ?? ?? ??? ??? ???? ?? ???? ???? ???? ??????,H
How do I increase grey matter in the brain?,??? ???? ??? ????? ??? ???? ?? ???? ???????,H
What does it feel like to have a man ejaculate inside your anus (without a condom)?,???? ??? ???? ?? ???? ???? ?? ?? ???? ??? (????? ?? ????) ????? ???????,H
How do I use Python for web development? What are the tools and the methodologies used?,??? ??? ???????? ?? ??? ???? ?? ??????? ???? ?????†??? ?? ????? ??? ????? ??? ??????? ??? ???? ???,H
Who  funded douban.com?,?? ?? ???? ??? ??? ?? ??? ?????,H
Does Anthony Bourdain own any restaurants?,??? ??????? ?????? ?? ??? ???? ???????? ???,H
What is the standard amount of time off given for an international relocation?,??? ???????? ???? ????? ???? ?? ??? ??? ?? ?????? ??? ???? ???,H
How do you act sympathetic for someones pain over text?,?? ??? ?? ??? ?? ??? ?? ??? ???????? ???? ???? ???? ????,H
What are some mind blowing tools and things that most people don't know?,???? ?? ????? ???? ??? ????? ??? ???? ??? ?? ????? ??? ?? ?? ????? ?? ??? ???? ????? ????,H
Who has proved himself/herself the best Chief Minister of India to date?,???? ?? ?? ?? ?? ?? ?? ?? ?????? ???? ???? ?? ?? ???? ??? ???,H
"Why is ""The Sound of Music"" motion picture still so famous?","""????? ?? ?????"" ???? ???? ?? ??? ???? ????? ???? ???",H
"Will ""Lucy"" get a sequel?","??? ""???"" ?? ?????? ??? ???",H
Is it safe to buy from AliExpress?,??? ??? ???????? ?? ?????? ????? ???,H
How do I get a job in NASA from India?,??? ???????? ?? ???? ??? ?????? ???? ???? ?????? ????,H
What does it mean when my boyfriend calls me sexy?,?? ???? ????? ????? ???? ????? ???? ??? ?? ?? ?? ??? ???? ???,H
What are some things new employees should know going into their first day at Marcus?,??? ???? ??? ?? ????? ??? ????? ??? ??????? ?? ????? ??? ???? ???? ?? ??? ???? ???? ??????,H
Why does the CBSE setting have such tough papers for the class 12 and 10 for board exams?,?? ?? ??? ?? ?? ????? ??? ???? ???????? ?? ??? ???? 12 ??? 10 ?? ??? ?? ??? ?? ??? ?????? ???? ????? ????,H
What is the best way to prepare for IITJEE?,??? ?? ??? ?? ?? ?? ?? ????? ?? ?? ?? ???? ????? ??? ???,H
Can I renounce my US citizenship?,??? ??? ???? ?????? ????? ??? ?? ???? ????,H
What are some questions that reveal the character of a female person?,??? ?????? ??? ??? ?? ??? ????? ??? ?? ????? ?? ???? ???? ????,H
What math does a complete newbie need to understand algorithms for computer programming? What books on algorithms are suitable for a complete beginner?,??????? ????????? ?? ??? ?? ??? ???????? ?? ?????? ?? ??? ??? ???? ????? ?? ??? ????? ?? ????? ??? ???????? ?? ????? ?????? ???? ???????? ?? ? ??? ????? ????,H
What‚Äôs the best way to get someone to stop for you as a hitchhiker?,??? ?? ????? ???? ?? ? ??? ??? ?? ?  ???? ?? ?? ?? ???? ????? ??? ???,H
I've been using my phone too much lately. I feel like I have aquired ADHD from using my phone too much. What do I do?,??? ???? ??? ??? ??? ?? ??????? ?? ??? ???? ???? ???? ???? ?? ?? ??? ?? ???? ??? ?? ????? ??????? ???? ?? ?? ?? ??? ?? ???? ??? ??? ??? ??? ?????,H
"Pangrams: In English, using all the letters of the alphabet exactly once, and picking one dictionary, can you make a sentence, or any set of common English words?","????????: ??????? ??? ? ??? ???? ?? ???? ????? ?? ????? ??? ??? ??????? ???? ???? ? ??? ??? ??? ???? ?? ? ??? ?? ???? ???? ? ?? ??? ??????? ????? ?? ???? ?????? ??? ???? ???",H
"28,34,18,24,26,30,35,33,38,40,31,37 find the median, mod and mean of the following data.?","28?34?18?24?26?30?35?33?38?40?31?37 ??? ??? ????? ? ???? ?? ???? ??? ??? ?? ?? ???? ???? ?????",H
Why is my steering wheel light?,???? ???????? ???? ???? ???? ???,H
"When do you use ""&"" instead of ""and""?","?? ""???"" ?? ????? ""???"" ?? ??????? ???? ????",H
Bollywood industry doesn't encourage outsiders? For ex outsiders may get one or at max two chances whereas star kids get multiple chances to perform?,???? ??? ??????? ?????? ????? ?? ????? ?????? ???? ????? ???? ?????? ????? ?? ? ??? ??? ?? ????? ?? ????? ?? ????? ?? ???? ??? ???? ????? ???? ?? ????? ???? ?? ????? ????? ???? ????,H
What are the causes of low sperm count?,?? ??? ???? ?? ?????? ??? ????,H
How many jobs has Donald Trump created/support?,????? ???? ?? ???? ???????? ????? / ????? ?? ????,H
"Is it wrong that I find it ignorant of Americans to say that America is the best country in the world? I'm American living in Sydney, Australia ",??? ?? ??? ?? ?? ???? ?? ???? ???????? ?? ????? ???? ?? ?? ?????? ???? ?? ?? ?? ???? ??? ???†??? ?????? ???????? ?? ??? ???? ??? ???? ???,H
What is an easy way to attach scrapy to my web app?,???? ??? ??? ??? ??????? ????? ???? ?? ???? ????? ??? ???,H
"How can I recover the images, videos and files I accidentally deleted from the internal memory of my phone?","??? ???? ?? ???? ??? ?? ????? ?????? ?? ??? ???? ?????? ? ?????? ??? ?????? ?? ?? ??? ??????? ?????? ????",H
How do I introduce myself in a interview of a teacher?,??? ??? ????? ?? ??????? ??? ???? ????? ???? ?????,H
What have been some of the most significant contributions towards the standard model?,?????? ???? ?? ??? ??? ?? ?? ??? ????? ??? ???,H
"How many problems in total, an approximate guess, does the GeeksforGeeks website have?","??? ?????? ?? ????? ? ?????????? ??? ???? ??? ?? ???? ????? ????",H
What is the best presentation software for you tube video making (both paid and free)?,?? ?? ???? ????? ????? ?? ??? ?? ?? ???? ??? ?? ???? ???? ??? ?? (????? ?????? ??? ???),H
How do I personalize my Quora feed?,??? ???? ???? ??? ?? ?? ??? ???? ??? ???? ????,H
How can I book a short duration freighter/cargo ship cruise with only US ports of call?,??? ??? ?????? ????????? ?? ??? ???? ????? ??????? ?? ????? ????? / ????? ????? ???? ?? ??? ?? ?????? ????,H
How do I excel in computer sciece & programing without wasting four years in CS degree in Indian engineering college?,??? ????????? ????????? ???? ??? ?? ??? ???? ??? ??? ??? ???? ??? ???? ??????? ????? ??? ????????? ??? ?? ??? ???? ???? ?????? ????,H
"What do non-Indians feel about M.S. Dhoni, Virat Kohli, and company?","??? ??? ????? ? ????? ????? ? ??? ????? ?? ???? ??? ??? ????????? ??? ????? ????",H
What are common required and elective courses in philosophy?,????? ??? ??? ??? ?????? ??? ???? ??? ????,H
Should I join a coaching for CAT?,??? ???? ?? ?? ?? ?? ????? ??? ???? ???? ??????,H
"I am a young adult woman and I've never had a boyfriend. Is this normal, or is something wrong with me?","??? ??? ???? ???? ???? ??? ??? ??? ?? ???? ????? ????? ???? ????†??? ?? ????? ?? ? ?? ???? ???? ???? ???? ???",H
What is the legacy of Michael Jackson?,?????? ????? ?? ??? ????? ???,H
What is the difference between urban and rural?,???? ??? ???? ?????? ??? ??? ??? ???,H
What is an orientation programme?,?????? ?? ??????? ??? ???,H
What's life after retirement?,????????? ?? ??? ?? ????? ??? ???,H
What do I do when I don't feel like doing anything?,???? ??? ??? ???? ?? ????? ???? ?? ?? ??? ??? ?????,H
What computer science courses should I take If I want to join a product based or e-commerce company?,??? ??? ??? ?????? ?? ???? ?? ?? ????? ????? ??? ???? ???? ????? ??? ?? ???? ??????? ????? ???? ?? ???? ??? ???? ?????,H
"100-101 ICND1 got expired on August 20th, 2016. Does it mean that there won't be CCNA v2 exam anymore?",??? ??? ?? ?? 48 ?????? ???? 26 ???? 2016 ???? ?? ??? ??????†?? ?????? 27 ???? ???? ?? ???†??? ?? ???? ???????? ??? ?? ???,H
"My exgirlfriend is on my car insurance. She has her own car. I was going to leave her on it until she is 25 (Feb) just to be nice, I guess. I saw a friend of hers driving her car. If she lets someone borrow her car and something happens, can anything fall back on me in anyway?","???? ????? ?????? ???? ??? ??????? ?? ???†?? ?? ???? ??? ??? ???†???? ?????? ?? ?? ??? ?? ?? ?? ??? ?? ???? ?? ???? ?? ?? ?? ?? ?? 25 ????? ?? ?? ???†??? ?? ????? ?? ?? ?? ??? ???? ?? ?? ???? ??? ??? ???†??? ?? ??? ?? ???? ??? ????? ???? ??? ??? ??? ?????? ?? ? ??? ???? ??? ??? ?? ??? ???? ????? ???",H
How can I integrate Bitbucket with Microsoft Azure to build and deploy applications?,??? ????? ????? ?? ????? ??? ??? ? ???? ?? ??? ??????????? ????? ?? ???? ?? ??? ?? ?? ??? ?? ?? ???? ???,H
Where is my downloaded iTunes music on my iPad?,???? ??? ??? ?? ???? ???? ??? ??? ????? ????? ???? ???,H
What's the best energy drink that can keep a person going all day long?,??? ?? ???? ?????? ????? ???? ?? ?? ????? ?? ???? ?? ????? ???? ???,H
How long does your sex last?,??? ??? ?? ?? ?? ???? ???? ???? ???,H
What is the aim of science?,????? ?? ???? ??? ???,H
What are some best books for CAT preparation?,?? ?? ?? ?? ????? ?? ??? ????? ?? ????? ?????? ?????? ??? ?? ????,H
How can I get food stamps in college?,??? ???? ??? ??? ?????? ???? ???? ?????? ????,H
In what instance is a half cord of wood necessary over a full cord of wood?,???? ?? ??? ???? ??? ?? ???? ??? ???? ?? ??? ????? ???,H
Can we cancel a 'Tatkal waiting list' ticket?,??? ?? '??? ?????? ?? ?????' ?? ??? ????? ?????? ????,H
"I got a right wrist fracture, I want to join the gym again should I?","??? ?? ??? ????? ????? ?????? ?? ???? ??? ?? ??? ?? ??? ???? ???? ????? ??? ??? ?? ??????",H
Why should we avoid hot tea in plastic cup?,???? ?????? ?? ?? ??? ??? ???? ?? ???? ???? ???? ??????,H
How do I increase grey matter in the brain?,??? ???? ??? ????? ??? ???? ?? ???? ???????,H
What does it feel like to have a man ejaculate inside your anus (without a condom)?,???? ??? ???? ?? ???? ???? ?? ?? ???? ??? (????? ?? ????) ????? ???????,H
How do I use Python for web development? What are the tools and the methodologies used?,??? ??? ???????? ?? ??? ???? ?? ??????? ???? ?????†??? ?? ????? ??? ????? ??? ??????? ??? ???? ???,H
Who  funded douban.com?,?? ?? ???? ??? ??? ?? ??? ?????,H
Does Anthony Bourdain own any restaurants?,??? ??????? ?????? ?? ??? ???? ???????? ???,H
What is the standard amount of time off given for an international relocation?,??? ???????? ???? ????? ???? ?? ??? ??? ?? ?????? ??? ???? ???,H
How do you act sympathetic for someones pain over text?,?? ??? ?? ??? ?? ??? ?? ??? ???????? ???? ???? ???? ????,H
How do you act sympathetic for someones pain over text?,???? ?? ????? ???? ??? ????? ??? ???? ??? ?? ????? ??? ?? ?? ????? ?? ??? ???? ????? ????,H
Who has proved himself/herself the best Chief Minister of India to date?,???? ?? ?? ?? ?? ?? ?? ?? ?????? ???? ???? ?? ?? ???? ??? ???,H
"Why is ""The Sound of Music"" motion picture still so famous?","""????? ?? ?????"" ???? ???? ?? ??? ???? ????? ???? ???",H
"Will ""Lucy"" get a sequel?","??? ""???"" ?? ?????? ??? ???",H
Is it safe to buy from AliExpress?,??? ??? ???????? ?? ?????? ????? ???,H
How do I get a job in NASA from India?,??? ???????? ?? ???? ??? ?????? ???? ???? ?????? ????,H
What does it mean when my boyfriend calls me sexy?,?? ???? ????? ????? ???? ????? ???? ??? ?? ?? ?? ??? ???? ???,H
What are some things new employees should know going into their first day at Marcus?,??? ???? ??? ?? ????? ??? ????? ??? ??????? ?? ????? ??? ???? ???? ?? ??? ???? ???? ??????,H
Why does the CBSE setting have such tough papers for the class 12 and 10 for board exams?,?? ?? ??? ?? ?? ????? ??? ???? ???????? ?? ??? ???? 12 ??? 10 ?? ??? ?? ??? ?? ??? ?????? ???? ????? ????,H
What is the best way to prepare for IITJEE?,??? ?? ??? ?? ?? ?? ?? ????? ?? ?? ?? ???? ????? ??? ???,H
Can I renounce my US citizenship?,??? ??? ???? ?????? ????? ??? ?? ???? ????,H
What are some questions that reveal the character of a female person?,??? ?????? ??? ??? ?? ??? ????? ??? ?? ????? ?? ???? ???? ????,H
What math does a complete newbie need to understand algorithms for computer programming? What books on algorithms are suitable for a complete beginner?,??????? ????????? ?? ??? ?? ??? ???????? ?? ?????? ?? ??? ??? ???? ????? ?? ??? ????? ?? ????? ??? ???????? ?? ????? ?????? ???? ???????? ?? ? ??? ????? ????,H
What‚Äôs the best way to get someone to stop for you as a hitchhiker?,??? ?? ????? ???? ?? ? ??? ??? ?? ?  ???? ?? ?? ?? ???? ????? ??? ???,H
I've been using my phone too much lately. I feel like I have aquired ADHD from using my phone too much. What do I do?,??? ???? ??? ??? ??? ?? ??????? ?? ??? ???? ???? ???? ???? ?? ?? ??? ?? ???? ??? ?? ????? ??????? ???? ?? ?? ?? ??? ?? ???? ??? ??? ??? ??? ?????,H
"Pangrams: In English, using all the letters of the alphabet exactly once, and picking one dictionary, can you make a sentence, or any set of common English words?","????????: ??????? ??? ? ??? ???? ?? ???? ????? ?? ????? ??? ??? ??????? ???? ???? ? ??? ??? ??? ???? ?? ? ??? ?? ???? ???? ? ?? ??? ??????? ????? ?? ???? ?????? ??? ???? ???",H
"28,34,18,24,26,30,35,33,38,40,31,37 find the median, mod and mean of the following data.?","28?34?18?24?26?30?35?33?38?40?31?37 ??? ??? ????? ? ???? ?? ???? ??? ??? ?? ?? ???? ???? ?????",H
Why is my steering wheel light?,???? ???????? ???? ???? ???? ???,H
"When do you use ""&"" instead of ""and""?","?? ""???"" ?? ????? ""???"" ?? ??????? ???? ????",H
Bollywood industry doesn't encourage outsiders? For ex outsiders may get one or at max two chances whereas star kids get multiple chances to perform?,???? ??? ??????? ?????? ????? ?? ????? ?????? ???? ????? ???? ?????? ????? ?? ? ??? ??? ?? ????? ?? ????? ?? ????? ?? ???? ??? ???? ????? ???? ?? ????? ???? ?? ????? ????? ???? ????,H
What are the causes of low sperm count?,?? ??? ???? ?? ?????? ??? ????,H
How many jobs has Donald Trump created/support?,????? ???? ?? ???? ???????? ????? / ????? ?? ????,H
"Is it wrong that I find it ignorant of Americans to say that America is the best country in the world? I'm American living in Sydney, Australia ",??? ?? ??? ?? ?? ???? ?? ???? ???????? ?? ????? ???? ?? ?? ?????? ???? ?? ?? ?? ???? ??? ???†??? ?????? ???????? ?? ??? ???? ??? ???? ???,H
What is an easy way to attach scrapy to my web app?,???? ??? ??? ??? ??????? ????? ???? ?? ???? ????? ??? ???,H
"How can I recover the images, videos and files I accidentally deleted from the internal memory of my phone?","??? ???? ?? ???? ??? ?? ????? ?????? ?? ??? ???? ?????? ? ?????? ??? ?????? ?? ?? ??? ??????? ?????? ????",H
How do I introduce myself in a interview of a teacher?,??? ??? ????? ?? ??????? ??? ???? ????? ???? ?????,H
What have been some of the most significant contributions towards the standard model?,?????? ???? ?? ??? ??? ?? ?? ??? ????? ??? ???,H
"How many problems in total, an approximate guess, does the GeeksforGeeks website have?","??? ?????? ?? ????? ? ?????????? ??? ???? ??? ?? ???? ????? ????",H
What is the best presentation software for you tube video making (both paid and free)?,?? ?? ???? ????? ????? ?? ??? ?? ?? ???? ??? ?? ???? ???? ??? ?? (????? ?????? ??? ???),H
How do I personalize my Quora feed?,??? ???? ???? ??? ?? ?? ??? ???? ??? ???? ????,H
How can I book a short duration freighter/cargo ship cruise with only US ports of call?,??? ??? ?????? ????????? ?? ??? ???? ????? ??????? ?? ????? ????? / ????? ????? ???? ?? ??? ?? ?????? ????,H
How do I excel in computer sciece & programing without wasting four years in CS degree in Indian engineering college?,??? ????????? ????????? ???? ??? ?? ??? ???? ??? ??? ??? ???? ??? ???? ??????? ????? ??? ????????? ??? ?? ??? ???? ???? ?????? ????,H
"What do non-Indians feel about M.S. Dhoni, Virat Kohli, and company?","??? ??? ????? ? ????? ????? ? ??? ????? ?? ???? ??? ??? ????????? ??? ????? ????",H
What are common required and elective courses in philosophy?,????? ??? ??? ??? ?????? ??? ???? ??? ????,H
Should I join a coaching for CAT?,??? ???? ?? ?? ?? ?? ????? ??? ???? ???? ??????,H
"I am a young adult woman and I've never had a boyfriend. Is this normal, or is something wrong with me?","??? ??? ???? ???? ???? ??? ??? ??? ?? ???? ????? ????? ???? ????†??? ?? ????? ?? ? ?? ???? ???? ???? ???? ???",H
What is the legacy of Michael Jackson?,?????? ????? ?? ??? ????? ???,H
What is the difference between urban and rural?,???? ??? ???? ?????? ??? ??? ??? ???,H
What is an orientation programme?,?????? ?? ??????? ??? ???,H
What's life after retirement?,????????? ?? ??? ?? ????? ??? ???,H
What do I do when I don't feel like doing anything?,???? ??? ??? ???? ?? ????? ???? ?? ?? ??? ??? ?????,H
What computer science courses should I take If I want to join a product based or e-commerce company?,??? ??? ??? ?????? ?? ???? ?? ?? ????? ????? ??? ???? ???? ????? ??? ?? ???? ??????? ????? ???? ?? ???? ??? ???? ?????,H
How much would it cost to construct 2000 sqft area RCC slab?,2000 ???? ?? ????? ?? ?? ?? ???? ????? ??? ???? ??? ??? ???,H
How can I reduce my weight in 3 months?,??? 3 ??? ??? ???? ??? ???? ?? ?????? ????,H
"How can you personalize a LinkedIn invitation? I think I just sent a colleague an invitation on LinkedIn, but did not get a chance to personalize it!","?? ???? ?? ???? ?? ?? ??? ???? ??? ???? ???? ???? ???? ?? ?? ??? ?? ???? ??? ????? ?? ???? ?? ?? ???? ???? ????? ? ???? ?? ?? ???? ????? ?? ???? ???? ???!",H
What is the best way to counteract anxiety as soon as it starts?,?????? ?? ????? ?? ???? ?? ?? ?? ?????? ???? ?? ?????? ????? ??? ???,H
Which is the third largest country in area?,???? ??? ????? ??? ??? ??? ?? ???,H
"I own a multinational company worth $450 million dollars, and I want to prepare my son to be the future CEO. What should I advise him?","??? ??? ???? ????? ????? ?? ???? ??? ?? ?? ????? 50 450 ???? ???? ?? ? ??? ??? ???? ???? ?? ?????? ?? ?? ?? ?? ???? ?? ??? ???? ???? ????? ???? ??? ??? ??? ????? ????",H
What is the temperament of a Border Collie/German Shepherd mix?,??? ????? ???? / ???? ????? ???? ?? ???? ??? ???,H
How did you feel when you travelled in an airplane for the first time?,?? ?? ?? ???? ??? ????? ???? ??? ??? ??? ?? ?? ?? ???? ????,H
What does it mean to see a white bull in your dream?,?? ?? ???? ??? ???? ??? ?????? ?? ??? ???? ???,H
Which are the best careers for women?,?????? ?? ??? ?????? ?????? ??? ?? ????,H
Is Breaking Bad an overrated TV series?,??? ?????? ???? ?? ??? ?????????? ?? ?? ??????,H
How can the following vector concept be solved?,??? ??? ????? ???? ?? ???? ?? ??? ?????? ???,H
Assuming that x is random variable. Prove mathematically that Œºx= Œº (the mean of the probability distribution is equal to the mean in the population?,?? ??? ???? ???? ?? ???? ?? ????? ????? ???†????? ?? ?? ???? ???? ?? =???? = Œº (?????? ????? ?? ???? ????? ??? ??? ???? ?? ????? ???,H
What makes young girls fall for married guys in late thirties or early forties?,??? ?? ????? ?? ??? ?? ????? ?? ????? ?? ????? ??? ?? ??? ?????? ?? ???? ??? ????? ?? ? ?? ?? ??? ?? ????? ???? ???? ???,H
I love English.Which stream should I go for in 11th if I'm studying icse ?,???? ??????? ???? ??? ??? ??? ????? ?? ????? ???? ????? ??? ?? ???? 11 ??? ??? ??? ?? ???? ???? ??????,H
What makes pilot watches different from the regular ones?,????? ?? ?????? ???????? ?? ??? ?? ????? ?? ????? ???? ????,H
How companies make money?,??????? ???? ???? ????? ????,H
What is sin?,???? ??? ???,H
What was Obama trying to accomplish by agreeing to a Bill O'Reilly interview?,??? ?? ?? ???? ??????? ?? ????? ???? ???? ?????? ??? ???? ?? ???? ?? ??? ????,H
Where do scientists work?,????? ??? ???? ??? ???? ????,H
"Do private wealth managers really make a difference in making a wealthy person wealthier? Also would it be better to have an asset manager if your main source of income is assets (rental space, hotels, and vacation rentals).","??? ??? ???? ?? ????? ?????? ??? ???? ??? ??? ?? ?????? ????? ??? ??? ???? ????†??? ?? ??? ???? ???? ?? ??? ?? ?? ????? ?? ??? ????? ?????? (????? ?? ??? ? ?????? ??? ?????? ?? ?????) ??? ?? ????? ????? ????? ???? ?????",H
What is the meaning of ‚úaverage of the maximum cases‚?,? ????? ????? ?????? ?? ????? ?? ??? ?? ??? ??? ???,H
What is the one thing you regret doing in your life?,?? ???? ????? ??? ?? ????? ??? ??? ??? ???,H
What happens when you mix sodium chloride and barium nitrate?,?? ?? ????? ??????? ??? ????? ??????? ?????? ???? ??? ?? ??? ???? ???,H
Why we don't believe in ourselves?,?? ??? ?? ???? ???? ???? ?????,H
What has china done to help iraq and syria?,??? ??? ?? ??? ?? ???? ??? ??? ?? ??? ??? ??? ???,H
Physics: Why is polluted air denser than cold air?,???????: ????? ??? ????? ??? ?? ????? ???? ???,H
Is there a good pay for reviews site out there?,??? ???? ????? ?? ???? ????? ???? ?????? ???,H
Where can I hire a hacker?,??? ??? ???? ?? ????? ???? ?????? ????,H
What is the meaning of the future?,?????? ?? ??? ???? ???,H
What happens when I block a number on whatsapp?,??? ???? ??? ?? ??? ???? ?? ???? ?? ??? ???? ???,H
Can you present only your work in an academic poster of a research study?,??? ?? ??? ?????? ?????? ?? ??? ???? ????? ??? ???? ??? ??? ?????? ????,H
How can I connect my laptop through phone or tablet?,??? ???? ??? ??? ?? ??? ?? ????? ?? ????? ???? ??? ???? ????,H
What should we do to avoid over thinking and being stressed up?,?? ??? ?? ????? ?? ???? ?? ??? ??? ???? ????? ??? ?? ?? ??? ??? ?? ??? ???,H
How do I prepare for RRB NTPC second stage?,??? ?? ?? ?? ??? ?? ?? ?? ?? ????? ????? ?? ????? ???? ?????? ????,H
"What hotel in Allahabad would be safe for unmarried couples, without the harassment of police, hotel staff, and moral police?","????? ? ???? ?? ???? ??? ?????? ????? ?? ?????? ??? ???? ???????? ?? ??? ?? ???? ??? ???? ??? ????? ?? ??? ????? ?????",H
What is a social justice warrior?,??????? ????? ?? ????? ??? ???,H
How is mental retardation viewed in Europe?,????? ??? ???? ???? ?? ?? ??? ????? ???? ???,H
Which one is better? Intel HD graphics 4400 or the nvidia geforce 930m 2 gb?,????? ???? ???†????? ??? ?? ?????? 4400 ?? ???????? ?????? 930? 2 ?? ???,H
How does eclipse force.com IDE work on Macbook pro?,?????? ???? ??? ??? ??? ?? ?? ??? ?? ??? ?? ?? ??? ??? ???? ???,H
"How does Clinton/Kaine intend to support down-ballot Democrats, and what can we do to elect a Democratic Congress?","????? / ???? ??? ???? ????????? ?? ????? ???? ?? ????? ?? ??? ???? ??? ? ??? ?? ????????? ??????? ?? ?????? ???? ?? ??? ??? ?????? ????",H
Did India ever tried to invade Pakistan?,??? ???????? ?? ???? ??????? ?? ???? ???? ?? ???? ???,H
What are the best exercises for gaining muscles that can be done at home?,????? ?? ??? ??? ??? ?? ???? ?? ?? ???? ???? ?? ??? ?????? ????? ??? ????,H
What are your views on the movie Flying Colors?,??? ?????? ???? ?? ???? ??? ?? ?? ?????? ??? ????,H
"If math and English or any other language are so far apart in regards to methods of study, etc. why do so many mathematicians use such big words?",??? ????? ??? ??????? ?? ???? ????? ???? ?????? ?? ?????? ????? ?? ????? ??? ??? ??? ?? ?? ??? ???? ????? ??? ???? ??? ????? ???? ??????? ???? ????,H
Why CO is a lewis base?,???? ??? ??? ???? ????? ???,H
How can I specifically update a section of my webpage without PHP (I believe GitHub does not support PHP)?,??? ?? ??? ?? ??? ?? ?? ???? ???? ??? ??? ?? ??? ??? ?? ??? ??? ?? ?? ??? ?????? ??? (???? ???? ?? ?? ?? ?? ?? ??? ?? ?? ????? ???? ????),H
What are some new technology or emerging technology for technical seminar?,?????? ??????? ?? ??? ??? ??? ????????? ?? ?????? ???? ????????? ??? ????,H
What tripod should I get for my Canon 6D?,???? ???? ???? ?? ?? ?? ??? ??? ?? ????? ???? ???? ??????,H
How can I make a working model on maths?,??? ????? ?? ????? ???? ???? ??? ???? ????,H
How do people die?,??? ???? ???? ????,H
How many ways are there to place 9 identical balls in 3 indistinguishable red boxes and 3 indistinguishable green boxes?,9 ????? ?????? ?? 3 ??? ??? ??? ????? ??? 3 ?????? ????? ???? ????? ??? ????? ?? ???? ????? ????,H
What SD card do I need to play videis from my SD card to TV via USB?,???? ???? ??? ?? ???? ?? ?? ?? ?? ?? ??? ?? ?? ????? ????? ?????? ?? ??? ?? ??? ?? ???? ?? ????? ???,H
What questions should I ask a famous person?,??? ??? ????? ??? ?? ??? ?????? ?????,H
Which Sherlock series is worth watching?,??? ?? ????? ????? ?????? ?? ???? ???,H
How do you stop being afraid of everything?,?? ?? ??? ?? ?????? ???? ?? ??? ????? ???,H
How do you care for guinea pigs?,?? ??? ????? ?? ???? ???? ???? ???? ????,H
"My friend betrayed me in a terrible way. what is the best way to get closure, revenge, or let go?","???? ???? ?? ???? ??? ?????? ????? ??? ????? ????†???? ? ?????? ? ?? ???? ???? ?? ?? ?? ???? ????? ??? ???",H
After completing the Java lectures should I jump to problem solving on different websites or should I learn some algorithms from MIT lectures?,"???? ????? ???? ???? ?? ??? ? ???? ????? ??? ?????? ?? ?????? ?? ?? ?? ??? ???? ????? ?? ???? ??? ??? ?? ?????? ?? ??? ???????? ?????? ??????",H
Do spiritually enlightened people have different kinds of brain activity?,??? ?????? ??? ?? ???? ???? ????? ?? ???? ?? ????? ??? ?? ???????? ???? ????,H
What do 50-year-olds know that 20-year-olds often don't?,50 ??? ?? ???? ?? ??? ????? ?? 20 ??? ?? ???? ?? ???? ???? ???? ???? ????,H
I want to join the Bulls Summer Training Program network for my CCNA R&S preparation. Which schedule is better?,??? ???? ?? ?? ??? ?? ?? ???? ?? ??????? ?? ??? ??? ??? ?????? ??????? ??? ??? ??? ???? ???? ????? ????†??? ?? ????? ???? ???,H
Why are short shorts popular?,????? ????? ???? ????? ????,H
What are the causes and most effective ways to treat or cure migraine headaches?,??? ????? ?? ?? ??? ?? ???? ?? ???? ?? ??? ??? ?????? ??? ???? ???? ????? ????,H
Will I not cross 90 percentile in CAT 2016?,??? ??? ??? 2016 ??? 90 ???? ?? ????? ???? ???? ???,H
What are the differences between a .cda file and a .mp3 file?,??? .?? ?? ?? ???? ??? ??? ??? ?? ???? ?? ?????? ???????? ??? ????,H
Where can I find a conversion chart for CC to horsepower?,??? ???? ???? ?? ?? ?? ??? ??????? ?? ???? ???? ?? ???? ?????? ????,H
What is like to be a private banker in Switzerland?,?????????? ??? ??? ????? ???? ?? ??? ??? ???,H
How does the disease affect the organism in organism?,?? ??? ??????? ??? ??????? ?? ?? ??? ????? ???? ???,H
What is it like to be a stay at home dad?,??? ?? ???? ?? ??? ?????? ???? ??? ???,H
"I have straight hair, which I don't like at all, and they grow very fast, so they get out of setting and shape. Every month I need to go to parlor to get rid of the looks. Is there a solution for this problem?","???? ????? ??? ??? ? ?? ???? ????? ??? ???? ???? ??? ? ??? ?? ??? ???? ?? ????? ??? ? ???? ?? ????? ??? ??? ?? ???? ?? ???? ????†?? ??? ???? ????? ?? ??????? ???? ?? ??? ????? ???? ?? ????? ???†??? ?? ??????? ?? ???? ?? ???",H
What is the role of the Indian army?,????????? ??? ?? ??? ????? ???,H
How much coconut water is in one young coconut?,??? ?????? ????? ??? ????? ?? ???? ???? ???,H
How is Arvind Kejriwal in real life?,??? ????? ??? ????? ???????? ???? ???,H
Why do fracture pressure gradient is less than of lithostatic pressure gradient?,?????? ????? ????? ?????????? ????? ????? ?? ?? ???? ???,H
How is the Lewis structure for urea determined?,????? ?? ???? ?? ?????? ???? ?? ???? ???,H
How can I transfer WhatsApp from an Android to a Windows phone?,??? ??? ????????? ?? ????? ??? ??? ???? ??? ?? ??? ????? ?????? ????,H
Whatare the best sites for searching civil engineering jobs alone?,???? ??? ???????? ?? ???????? ?? ???? ?? ?? ?????? ?????? ??? ????,H
How can an infinite sum yield a finite value?,?? ??? ??? ??????? ??? ??? ????? ???? ???? ?????? ???,H
Should I apply both kajal and eye liner or only eye liner is better?,??? ???? ???? ??? ??? ????? ????? ?????? ?? ??? ?? ????? ?? ???? ???,H
What are some private things you have caught people doing?,?? ?? ??? ??? ??? ??? ??? ?? ?? ????? ?? ???? ???? ???? ????,H
‚¶‚¶‚¶‚¶..,¶?? ¶?? ¶??¶ ..,H
How can I recover my Gmail password without a recovery phone number or email?,??? ?? ??? ??????? ??? ???? ?? ?? ??? ?? ???? ???? ?? ??? ??? ??? ?????? ???? ?????? ????,H
What are the obstacles to creating an anti-gun organization that is as effective as the National Rifle Association is in shaping legislation & policy?,????? ?? ?????????? ????? ??? ??? ??????? ??? ?? ?? ??? ???? ??? ???? ????? ????? ?????? ???? ????? ???? ??? ?????? ?? ????? ??? ???,H
How are stolen passports used?,???? ??? ??????? ???? ??????? ???? ????,H
How do you treat acne?,?? ?????? ?? ???? ?? ??? ???? ????,H
Does it matter from which college you do your graduation (BCom) from for admission into a top Indian B-School even If I score high(99%+)?,??? ?? ?? ???? ??? ???? ???? ?? ?? ?? ?? ?? ???? ?? ???? ???? ?? ??-????? ??? ????? ???? ?? ??? ???????? (?? ?? ?? ???) ??? ?? ?? ?? ??? ??? ??? ???? ??? (99? +)?,H
How does TrueCaller work?,?? ??? ??????? ??? ???? ???,H
What's Rob Weir think of Austan Goolsbee?,???? ?????? ?? ???? ??? ??? ???? ??? ????? ????,H
How can I fake my iPhone location without jailbreaking?,??? ???? ??? ???? ?? ???? ??? ?? ?????? ?? ???? ???? ??? ???? ????,H
What is the rough cost of an weather buoy?,??? ???? ???? ?? ?? ??? ?? ??? ??? ?? ???? ??? ???,H
What does purple crayon mean in slang?,????? ??? ????? ?? ??? ??? ??? ??? ????,H
What are the best schools in the world to study cinema?,????? ?? ????? ???? ???? ?? ??? ???? ?? ??? ??? ?? ?????? ????? ????,H
How does a blank round work?,???? ????? ???? ??? ???? ???,H
"Is the ""The Flat Earth Society"" right in saying that the world is flat?","??? ""???? ???? ???????"" ?? ???? ???? ???? ?? ?? ???? ???? ???",H
"Perhaps I'm wrong, but Russia seems to take disinformation and propaganda to a far higher level than the US, fully integrating it into war planning. Am I missing something?","???? ??? ??? ??? ? ???? ???? ???? ?? ?? ??? ?????? ?? ???? ????? ???? ??? ?? ??? ???? ??? ????????? ???? ?? ? ??? ??? ??? ?? ?????? ???? ??? ???? ??? ?? ?? ???? ???†??? ??? ??? ???? ??? ????",H
What are the similarities and differences between molecular mass and molar mass?,??????? ??? ??? ???? ?? ??? ?? ?????? ?????? ??? ??? ??? ????,H
"I've been trying to create my own blog on Quora, what is a URL and how do I use it? What should I put in the URL? What are examples of URLs so I can get an understanding?","??? ????? ?? ???? ???? ????? ?? ???? ?? ??? ??? ? ?? ?? ??? ??? ?? ??? ??? ??? ???? ??????? ???? ???†???? ?? ?? ??? ??? ??? ????? ??????†?? ?? ??? ?? ??? ?????? ??? ???? ??? ???? ???? ?????",H
Has a fan made music video ever been released as the official music video for a song?,??? ??? ???? ?? ??? ????? ????? ?? ???? ??? ???? ?? ??? ????? ????? ????? ?? ??? ?? ???? ??? ???,H
What is the best way of learning Node.js?,???.?? ?????? ?? ?????? ????? ??? ???,H
What a picture or photo that makes you think a lot when you see it?,???? ??? ?? ????? ?? ????? ?? ?? ?? ?????? ?? ?? ??? ????? ????,H
Should I buy one plus two or Moto m.?,??? ??? ?? ????? ?? ?? ???? ???? ?????? ?????.?,H
Can indian travel to russia without a visa?,??? ????????? ???? ?? ???? ??? ?? ??? ?????? ???,H
Why did my dog bite me?,???? ??? ?? ???? ???? ?????,H
Could the study of meteorology be used (in part) to understand the development and movement patterns of cancer?,??? ????? ?? ??????? ??? ??? ? ???? ?? ?????? ?? ?????? ?? ??? ??????? ?? ?????? ?? ??????? ??? ?????? ???,H
What would happen if the Indian government stole the Kohinoor (Koh-i-Noor) diamond back?,??? ????????? ????? ??????? (??? ???) ???? ???? ???? ?? ?? ?? ??? ?????,H
Delhi's IIT hostel doesn't have a Wi-Fi connection. Are there any hostels in any other IITs which have a Wi-Fi connection available?,???? ?? ??? ??? ?? ????? ??? ???? ???? ????? ???? ???†??? ??? ????? ??? ??? ?? ??? ???? ????? ?? ?? ??? ???? ???? ????? ????? ???,H
Why can't sodium channels pass through potassium channels?,???? ????? ???? ??????? ????? ?? ???? ??? ???? ????,H
Why aren't hashtags working on Instagram?,????????? ?? ??? ??? ???? ??? ???? ????? ????,H
"If you make $75,000 a year, is saving $1,500 per month good?","??? ?? ??? ??? ??? ?000 75?000 ????? ??? ?? ? ??? ?? ????? ??? 500 1?500 ?? ??? ?????? ???",H
What is a good web photo gallery for your own website or services like Flickr?,???? ?? ??? ?? ?? ???? ??? ???? ?? ????? ?? ??? ??? ???? ??? ????? ????? ??? ???,H
What are some characteristics of the structural composition of planet Mars?,????? ???? ?? ???? ???? ?? ??? ??????? ??? ????,H
What are the best books to read to learn about Islam and Islamic culture?,????? ??? ?????? ????? ?? ???? ??? ????? ?? ??? ????? ?????? ?????? ??????,H
Which is the best country for higher education after USA and UK?,?????? ??? ??????? ?? ??? ???? ????? ?? ??? ??? ?? ?????? ??? ???,H
What would provoke someone to sexually abuse a child?,??? ?? ??? ?? ???? ???? ?????? ???? ?? ??? ?????? ???,H
I am in 10th grade. I need to make a working model on food provision and agriculture for my science exhibition. What can I make?,??? ????? ????? ??? ????†???? ???? ????? ????? ?? ??? ????? ?? ?????? ??? ????? ?? ???? ??? ??? ????? ???? ????? ?? ????? ???†??? ??? ??? ???? ????,H
What does it mean when I get a cold feeling all over my body?,?? ???? ???? ???? ??? ??? ????? ?? ????? ?? ?? ?? ?? ??? ???? ???,H
Why is it hard to get a girlfriend?,??? ????? ???? ???? ???? ???,H
"I've been cat fished by a close friend. I feel even more depressed than I was before, and I feel very unstable. What do I do?","??? ?? ??? ????? ???? ?? ??? ?? ??? ????? ??? ???†??? ???? ?? ???? ????? ?????? ????? ???? ??? ? ??? ??? ??? ??? ?????? ???? ????†??? ??? ?????",H
What are the some of the lines or phrases we can use in most of the GDs?,?? ?? ?? ??? ????? ?????? ?? ???? ?? ?? ??? ??????? ?????? ????,H
Why are there so many haters?,???? ???? ??? ?? ???? ???? ???? ????,H
Why is Persian word ‚ úÿ∞ŸÑŸäŸÑ‚ meaning ‚ a Muslim‚ô translated incorrectly on Microsoft Translator? Is it intentional or careless?,??????????? ????? ?? ????? ???? ?? ??? ?? ???^ ??ÿ ∞?? ÑÑ ?? ??? ?? Ñ?????? ???? ?????? ?????????? ???? ??? ?? ??? ???? ?? ?? ?? ????????,H
Should i quit social media?,??? ???? ???? ????? ?????? ??????,H
How do I hack a website?,??? ??? ??? ???? ?? ???? ??? ?????? ????,H
What are all of Voldemort's Horcruxes?,???????? ?? ????????? ?? ?? ??? ????,H
How can Naruto fly?,?????? ?? ??? ????? ?? ???? ????,H
Review of hunterdon medical center?,?????? ?????? ????? ?? ??????,H
"What are some of the experiences of NRIs or people of Indian origins who have returned to live and work in India for good? Has it been a successful move? If not, why not?",??? ?? ???? ?? ????????? ??? ?? ????? ?? ??? ?????? ??? ??? ?? ???????? ??? ???? ???? ??? ?? ??? ?? ??? ????†??? ?? ??? ?????? ????? ??? ???†??? ???? ?? ???? ?????,H
Do you like video games?,??? ?? ?? ????? ???? ???? ????,H
What is the best way to get divorced?,???? ???? ?? ?????? ????? ??? ???,H
Which car services are available in Philadelphia? How good are they compared to taxis and relative to each other?,????????? ??? ????? ??? ?? ????? ?????? ???? ?? ??????? ?? ?????? ??? ??? ????? ?? ???? ???? ???? ????,H
What do I do now that I have my Scrum master certificate?,?? ??? ??? ???? ?? ???? ??? ???? ???? ????? ???????? ???,H
Is there something wrong with you that you can't look people directly in the eyes?,??? ?? ?? ???? ???? ???? ?? ?? ?? ????? ?? ???? ???? ?????? ??? ???? ???? ???? ????,H
Is UberMoto legal in India?,??? ???????? ??? ???? ???? ?????? ???,H
Which is a suitable inpatient drug and alcohol rehab center in Heard County GA?,??? ?????? ?? ?? ??? ????? ?????? ?? ???  ?????? ??? ????? ??????????? ?? ??? ?? ???? ???,H
Why do some people cry more than others?,???? ??? ????? ?? ?????? ?? ?????? ??? ????? ???? ????,H
What information belongs on address line 2?,?? ??? ?? ??????? ??? ???? 2 ?? ???? ??????,H
How can I learn Chinese?,??? ???? ?? ??? ???? ???? ????,H
Briefly describe how you would test a mineral for each of these properties?,??????  ???? ???? ?? ?? ?? ??? ?? ?? ????? ?? ??? ??????? ?? ???? ???? ???? ???,H
Why do many white people think East Asians obsess with white skin mainly because they want to look like white people?,??? ???? ???? ??? ??? ???? ????? ??? ?? ????? ??????? ??? ???? ??? ???? ?? ???? ????? ??? ???? ?? ?? ???? ??? ????? ?? ??? ??? ??? ????? ????,H
How can I transfer money from an SBI account to another bank account using a debit card?,??? ??? ????? ???? ?????? ?? ???? ???? ?? ??????? ???? ??? ????? ???? ?????? ??? ??? ???? ????? ?????? ????,H
Has the U.S. military been weakened in recent years?,??? ????? ????? ??? ?????? ??? ????? ????? ???,H
How do I become a private landlord?,??? ?? ??? ??? ???? ???? ?? ??? ?? ???? ????,H
How many characters are in Xchrisone Animation joke episode 8?,????????????????? ???? ??? 8 ??? ???? ???? ????,H
What are the best exercises to burn belly fat?,??? ?? ???? ????? ?? ? ?? ??? ?????? ?????? ??? ????,H
Have mythical creatures been scientifically tested?,??? ??????? ????? ?? ?????? ????? ??? ??? ???,H
How can I get more traffic to my YouTube videos?,??? ???? ?????? ?????? ??? ???? ????? ???? ???? ?????? ????,H
What do mythical creatures eat?,??????? ????? ??? ????? ???,H
Will Donald Trump support Ted Cruz for president?,??? ????? ???? ??? ?? ??? ??? ???? ?? ????? ???? ???,H
Have you lived in a tiny house?,??? ?? ??? ????? ?? ???? ??? ???? ???,H
Online test centers business?,?? ???? ???? ????? ?? ????????,H
What is it like to live in Shanghai?,??????? ??? ???? ??? ???? ???,H
How does one become a hacker?,???? ???? ???? ?? ???? ???,H
How do you get a chiseled jawline?,?? ????? ???? ???? ???? ???? ???? ???,H
Where can I buy a Steam gift card?,??? ?? ??? ???? ??? ???? ???? ?? ???? ???? ????,H
"What would happen in ""Honey, I shrunk the universe""?","?? ? ??? ?????? ??? ??? ??? ????",H
Why should I not vote for Hillary Clinton or Donald Trump?,??? ????? ????? ?? ????? ???? ?? ??? ???? ???? ????,H
How competitive is the hiring process at S & T Bank?,??? ???? ?? ???? ??? ????? ???? ???? ?? ??? ???? ??????? ???,H
What are the most scenic routes in the world?,???? ?? ?? ?? ????? ??????? ????? ??? ????,H
What is the best way to write profile summary for naukri.com? Mention sample profile summary?,????? ??? ??? ?? ??? ??????? ?? ????? ????? ?? ?????? ????? ??? ???†????? ??????? ?? ????? ??? ?????,H
How is TCS training period?,?? ?? ??? ?? ????? ?? ??? ???? ???,H
How do I hack Instagram account? Someone is using my identity and posting inappropriate post?,??? ????????? ?????? ???? ??? ?????†???? ???? ????? ??????? ?? ??? ?? ??? ??????? ???? ???? ?? ??? ???,H
How do I write a good essay for the SAT?,??? ??? ?? ?? ?? ??? ??? ???? ????? ???? ??? ???? ????,H
398 is it enough to get a private medical collage for general category?,??? ??? ???? ?? ??? ??? ?????? ???? ???? ???? ?? ??? ???? ???,H
Can you play Asian Playstation 4 games on a European Playstation 4?,??? ?? ????? ??? ?????? 4 ?? ????? ??? ?????? 4 ???? ???? ???? ????,H
Is it too late to score 95 above in icse boards 2017?,??? ?????? ????? 2017 ??? 95 ????? ???? ??? ??? ??? ?? ??? ???,H
What is the best time to withdraw money from working ATM in present India?,?????? ???????? ??? ??? ???? ???? ?? ?? ??? ?? ??? ?????? ?? ?????? ??? ??? ???,H
Does Donald Trump have hereditary hemochromatosis? It causes bronzed skin and encephalopathy.,??? ????? ???? ?? ?????? ?????????????? ??? ?? ?? ??? ?? ????? ?? ??? ??? ?????????? ???? ???,H
Why did RBI choose to come out with a ‚Çπ2000 note instead of a newer ‚Çπ1000 note?,?? ?? ??? ?? ??? ‚Çπ1000 ?? ??? ?? ????? 0002000 ??? ?? ?? ??? ?? ?????? ???? ????,H
How is it that the company that manufactured Extenze is still in business after it was found the founder was a fraud and embezzled money from customers?,?? ???? ?? ?? ????????? ???? ???? ???? ????? ???? ??? ?? ?? ?? ??? ??? ?? ???? ?? ??? ????? ??? ??? ?????? ?? ??? ??? ??? ????,H
"What is the meaning of ""for your reference""?",??? ????? ??? ?? ??? ??? ???? ??? ???,H
What are the three must-read books for a first-time startup founder?,???? ??? ??????? ???? ?? ??? ????? ???? ??? ?????? ??? ?? ????,H
Is Krav Maga really the deadliest martial art?,??? ?????? ???? ???? ????? ??? ???,H
What is magnetic field?,???????? ????? ??? ???,H
How can I find the email to an Instagram account?,??? ????????? ?? ?? ??? ?? ????? ????? ?? ???? ???? ?????? ????,H
"What are some examples of sentences using the word ""demoralize""?","""????"" ?? ??????? ???? ???? ????? ?? ??? ?????? ??? ????",H
Navy seal Christian?,???? ??? ???????,H
What animal (non-human) is nature's most efficient killing machine?,???? ?? ?? ?? ???? ??? ???? ???? ???? ??? ?? ????? (??? ?????) ???,H
Is worth for a mechanical engineer to work @ Cadd center?,?? ?? ?? ??? ?? ??? ??????? ??????? ???? ????? @ ?? ? ??? ???? ?????,H
What is the cutest thing your pet has ever done?,???? ????? ????? ???? ??? ??? ?? ?? ?? ????? ??? ??? ??? ???,H
Why does my head feels heavy when i‚Äôm sit for long time?,?? ??? ????? ?? ?????? ??? ?? ???? ?? ???? ????? ???? ???,H
What's the best structure for an Indian digital marketing company to operate in Singapore?,??????? ??? ??? ???? ????? ????????? ?????? ???????? ????? ?? ??? ??? ?? ?????? ?????? ???,H
Is ICICI Bank a good place to work?,??? ??? ?? ??? ?? ??? ???? ??? ???? ?? ??? ???? ??? ???,H
How can I get my lost iPhone IMEI number back?,??? ???? ????? ??? ??? ??? ??? ?? ??? ???? ???? ???? ???? ?????? ????,H
How do you describe the word ‚Äòconsent‚Äô?,?? ??? ??ò ??????? ??ô ?? ?? ??? ???? ???? ????,H
What is the reason behind people smoking cigarettes? Does it really a stress buster?,??? ????? ???? ?? ????? ??? ??? ???†??? ????? ?? ???? ?????? ???? ???,H
What would happen if we added a second Earth of equal size and mass on the other side of the sun in Earth's orbit?,???? ?? ???? ??? ???? ?? ??? ????? ?? ???? ??? ??? ?????? ?? ??? ??? ???? ???? ??,H
What do Malaysians think about indians?,???????? ??????????? ?? ???? ??? ??? ????? ????,H
Does tablet mode in Windows 10 manage RAM like iOS/Android?,"????? 10 ??? ?????? ?? ??? ?????? / ??? ? ??? ? ?????? ??????? ???? ?? ??? ??? ?? ?????? ???",H
"If I shave my head for 2 years as am getting bald and then grew my hair, will the hair will be same as when I intially have? Or I loose more hair?","??? ??? ?? ??? ?? ?? ????? ??? ??? ???? ?? ???? ?? ??? ?? ??? ?? ?? ??? ???? ????? ??? ????? ???? ?? ?? ? ??? ??? ??? ??? ??? ?? ?? ???? ???? ???? ??? ??? ?? ??? ??? ????? ????? ?? ????? ???? ????",H
What are some unusual aspects about politics and government in Singapore?,??????? ??? ????? ??? ????? ?? ???? ??? ??? ??? ?????? ???? ??? ????,H
What is the best trading platform for beginners?,?????? ???? ????? ?? ??? ?????? ?????? ???? ???? ??? ???,H
What's the easiest way to make money online?,?? ???? ???? ????? ?? ?? ?? ???? ????? ??? ???,H
What's the largest animal a human can kill with their bare hands?,????? ???? ???? ?????? ?? ?? ?? ??? ????? ??? ??? ???? ???,H
How can I get my name off the first page on Google search?,??? ???? ??? ?? ???? ???? ?? ???? ??? ???? ???? ?????? ????,H
"India: What is the best phone to buy between (Rs, INR) 11-12k?","????????: (12?000 ?????) ? 11-12 ??? ?? ?????? ?????? ?? ??? ??? ?? ?????? ??? ???",H
Which were some of the best games you have played so far?,?? ?? ?? ?? ????? ??? ?????? ?????? ??? ?? ??????,H
Why is my hair black at the root?,???? ??? ???? ??? ???? ???? ????,H
"How does one say ""oh my god"" in Japanese?","???? ?????? ??? ""??? ???? ???"" ???? ???? ???",H
Why are robotic lawnmowers so expensive? Will they become cheaper?,????? ??? ????? ???? ????? ???? ????†??? ?? ????? ??????? ???,H
Why does the poor people usually believe in communism?,? ???? ???? ?? ??? ??? ?? ??????? ??? ???? ???,H
Searching practical application of 6 bit adc?,6 ?? ??? ?? ???? ??????? ?? ???? ???,H
Was George W. Bush a good President?,??? ???? ????? ?? ???? ??? ????,H
When is the next batch of Infosys after 9 Jan 2016?,9 ????? 2016 ?? ??? ??????? ?? ???? ??? ?? ???,H
Should I buy an Apple watch?,??? ???? ???? ???? ?????? ??????,H
Why does my concealer get cakey and ashy even when I moisturise my under eye area and use a corrector underneath?,???? ?????? ?? ???? ??? ???? ???? ???? ?? ???? ?? ?? ?? ??? ???? ?????? ?? ???? ?? ??? ?? ??? ????? ??? ??? ???? ??? ?????? ??????? ???? ????,H
Is suicide murder?,????? ??? ???,H
Can you make money from YouTube?,?? ?? ?????? ?? ??? ?? ?? ???? ????,H
How did Annika Schauer pass medical test of US Navy with flat feet?,????? ???? ?? ???? ????? ?? ?????? ????? ?? ?????? ???? ???? ??? ????,H
"My ex girlfriend wants me to be his friend, what should I do?","???? ????? ????? ????? ????? ?? ?? ??? ?? ?? ???? ???? ? ???? ??? ???? ??????",H
How do you get the net ionic equation for HCO3+H2O?,?? ??? ?? ??3 + ???2?? ?? ??? ???? ???? ?????? ???? ???? ???? ????,H
What are the uses of Raspberry Pi and Intel Galileo?,??? ??? ??????? ??????? ??? ??? ????? ????????,H
What is the difference between physics and chemistry?,??????? ??? ??????? ??? ??? ??? ???,H
What's wrong if men wear shorts in public? Why?,??? ??? ???? ??? ????? ????? ?? ??? ??? ???†?????,H
What are the advantages of women empowerment?,????? ?? ??????? ?? ????? ??? ????,H
How much marks should I score in SSC cpo to get Delhi police?,???? ????? ?? ???? ???? ?? ??? ???? ??? ??? ?? ?? ?? ?? ??? ???? ???? ????? ?????,H
How does Amazon Prime Now (one-hour delivery) work?,?? ??? ??????? ???? ?? (??? ????? ?? ?????) ??? ???? ???,H
I deleted a conversation on OkCupid. Will it be removed from the other person's mailbox too?,???? ?????? ?? ?? ??? ??? ??? ?? ???? ?? ???. ?? ??? ????? ??? ?? ??? ???? ?? ??? ??? ???? ???,H
The MIS course from Texas A&M says it needs 5 courses to be completed as pre-requisites.How do admitted students go about completing it?,"?????? ?? ???? ??? ?? ??? ??? ??? ???? ?? ???? ?? ?? ?? 5 ????? ?? ???? ?? ????? ?? ??? ?? ???? ???? ?? ????? ??. ?? ??? ???? ????? ?? ?? ???? ???? ?? ???? ??? ???? ?? ???? ??? ?????
",H
Why does not the clock tick as per the heart beat?,???? ?? ?? ????? ?? ????? ???? ?? ???? ?????,H
"Is there a paranormal event that you have experienced, which science cannot explain?","??? ???? ??? ?????? ????? ?? ?? ?? ?? ?? ????? ??? ?? ? ?? ?? ????? ????? ???? ???????",H
I want to dye my hair pink but my hair is naturally brown. Are there any dyes out there that will dye my hair without me getting it bleached first?,???? ???? ??? ????? ????? ????? ??? ???? ???? ??? ????? ??? ?? ????? ??. ??? ??? ??? ?? ???? ?? ???? ??? ??????? ?? ??? ???? ???? ??? ????? ?? ???? ?? ???? ????,H
Where can I find a sample of hindi film script?,???? ???? ???? ?????? ?? ????? ???? ?? ???? ???,H
"In superstition, what is the meaning of an itchy palm?",???? ????? ??? ????? ????? ?? ??? ???? ???,H
What are the distinguishing features between kesari dal which is toxic and the masur dal‚Ä¶as they are nearly same in appearance?,????? ??? ?? ?????? ??? ??????? ??????? ??? ?? ?????? ??? ??? ???? ??? ?? ?????? ?? ??? ???? ??? ???? ?? ?? ?? ????? ???? ???,H
What is the difference between a trunk port and a normal Ethernet port?,??? ???? ??????? ??? ??? ??? ???????? ???? ?? ?????? ??? ??? ???,H
Is Toshiba Satellite C50-A547 good for runing games?,??? ?????? ???????? ??50-??547 ???? ????? ?? ?? ???? ???,H
How do I hack Motorola DCX3400 for free internet?,??? ??? ??????? ?? ??? ??????? ?? ?? ???? ??????? ?? ???? ??? ?????? ????,H
What name did you save your dad/mum's number with?,?? ?? ???? ???? / ??? ?? ???? ?? ??? ?? ????? ????,H
How do find best applications for android security?,"??? ??? ??? ? ?????? ???????? ?? ???????? ?? ??? ?? ????? ????? ?? ???? ???? ???",H
What is pocket notebook has many sheets to buy?,??? ??? ?? ??? ?? ??? ?????? ?? ??? ??? ?? ???? ????,H
What are some fermented products?,??? ???? ??? ??????? ??? ????,H
What is spectrum?,??????? ??? ???,H
"Why are possessive, controlling, and obsessive people clingy and needy?","?????? ? ?????? ???? ???? ? ??? ????? ??? ???? ??? ????? ???? ????",H
Bollywood: Which is currently the worst Bollywood movie?,???? ???: ?? ??? ???? ??? ?? ?????? ??? ??? ?? ???,H
why blame the mistress when it was the husband who cheated?what are your feelings on it ? Shouldn't both be responsible?,?? ??? ????? ???? ???? ???? ??? ?? ????? ?? ???? ????? ?????? ?? ?? ?? ?? ??? ????? ????†??? ????? ?? ??? ??? ???? ???? ??????,H
Is it true that Florida has no rocks?,??? ?? ?? ?? ?? ??????? ??? ???? ???? ???? ???,H
"Why are there so many ""no picnic"" signs in Venice?","???? ??? ??? ?? ""???? ????"" ??????? ???? ????",H
Does Amazon.com reduce the cost of living in high-cost-of-living areas like Silicon Valley?,??? ??????? ??? ??? ?????? ???? ???? ???? ???? ?? ???? ???? ?????? ??? ????? ?? ???? ?? ?? ???? ???,H
Will we be able to make websites if we lose net neutrality?,??? ?? ??? ???? ????? ?? ??? ??? ?? ??? ?? ??? ??????????? ?? ????? ????????,H
Give some ideas for developing simple and usable android applications? Thanks in Advance,"???? ??? ??????? ?? ???? ???? ?????? ???????????? ????? ?? ???? ?? ??? ??? ?????? ??? ????? ?????",H
"If nothing is free, why does America stand for freedom?","??? ??? ??? ??? ???? ?? ?? ? ?????? ????? ?? ??? ???? ???? ???",H
What are some tips on making it through the job interview process at AT&T?,?? ?? ???? ?? ??? ??? ??????? ?? ??? ?? ????? ??? ????? ?? ???? ??? ??? ???? ??? ????,H
What is the chemical formula for tetraphosphorous decoxide? How is it determined?,???????????? ???????? ??? ??????? ??????? ??? ??? ?? ???? ???? ??? ???? ???,H
Do women like seeing men ejaculating?,??? ?????? ????? ?? ????? ???? ?????? ???? ???? ????,H
Does a woman who replies to my text messages immediately sound desperate?,??? ???? ???? ?? ???? ????? ????? ?? ???? ???? ?? ?? ????? ?? ????? ?? ???? ???,H
"Buying a car from different state in india and getting it registered in other state is it possible, will I have to pay taxes in both states?","???????? ??? ????? ????? ?? ??? ?????? ??? ??? ????? ????? ??? ????? ?????? ???? ?? ? ??? ???? ????? ??????? ??? ???? ??? ???? ??? ???",H
In what way is economics a social science?,??????? ?? ??? ??????? ????? ???,H
Who is the chief justice of international court of Justice?,??? ???????? ????? ????? ?? ??? ???? ??? ???,H
Can we drive from Mussoorie to Gangotri at night?,??? ?? ??? ??? ??? ????? ?? ??????? ?? ???? ????,H
How many kids read newspaper in india?,???????? ??? ???? ??? ????? ????? ????,H
Is bad breath a sign of a strong stomach?,??? ???? ?????? ????? ??? ?? ????? ????,H
Who is the best guitarist that has ever lived?,?? ?? ???? ???? ?????? ?????? ??? ???,H
What are the best PhD research topic ideas in cloud computing security for a new student? Why?,??? ??? ???? ??? ?? ??? ????? ???????? ???????? ??? ?? ??? ?? ?? ?????? ?????? ??????? ??? ????†?????,H
"After I graduate, I fear that I won't have close friends to confide in, especially as an introvert. How do I go about making new friends post-graduation, and how do you become closer friends with people?","???? ??????? ???? ?? ??? ? ???? ?? ?? ?? ???? ??? ????? ???? ???? ??? ?? ? ??? ?? ??? ???????? ?? ????? ???†??? ??? ?????? ?? ???? ???????? ????? ?? ???? ??? ?? ??? ???? ? ??? ?? ????? ?? ???? ???? ????? ???? ???? ????",H
How do I prepare for the DU JAT PI and GD? What topics are asked?,??? ?? ???? ?? ???? ??? ?? ?? ?? ????? ???? ?????†??? ?? ??????? ????? ???? ????,H
Have you ever been told any condescending statement by your elders to prove their point in question ?,??? ?? ?? ???? ?????? ?? ???? ??? ?? ?? ??? ???? ???? ?? ??? ???? ??? ???? ?????? ???? ???? ??? ???,H
What is your review of Indian Institutes of Technology (IITs)?,????????? (??? ??? ??) ?? ?????? ?????? ?? ?? ?? ????? ??? ???,H
How can I simplify (3+2(2) ¬Ω) ¬Ω?,??? ?? ??? ???? ??? ???? ??? (3 + 2 (2) ??Ω)??Ω?,H
How do I crack JEE Mains in 2 days?,??? 2 ?? ??? ?? ?? ?? ???? ?? ?? ??? ???? ?????,H
What are the main data platform?,??? ???? ???? ???? ??? ????,H
Is the product key/serial number of a device sent to the admin when it connects to the wifi network?,??? ??? ??? ?? ????? ???? / ????? ???? ?? ???? ???? ??? ??? ?? ????? ???? ?? ?? ????? ?? ????? ???? ???,H
How many members of Rajya Sabha in Rajasthan are from BJP and CONGRESS party?,???????? ??? ?????? ?????? ?? ????? ???? ?? ?? ?? ??? ??????? ????? ?? ????,H
"What do you think of the training courses offered by Adaptive Marketing in Bangalore, such as Practical Product Management?","?? ?????? ??? ?????? ???????? ?? ????? ??? ???? ?????? ????? ? ???? ???????? ?????? ??????? ?? ???? ??? ??? ????? ????",H
Can I do an internship for 1 month during the winter?,??? ??? ?????? ?? ????? 1 ??? ??????? ?????? ????,H
Do employees at Agree Realty have a good work-life balance? Does this differ across positions and departments?,??? ???? ?????? ?? ??????? ??? ??? ???? ?? ??? ???? ????? ???†??? ?? ????? ??? ?????? ??? ????? ???,H
How can I know who logged in to my Gmail account? (by telling his IP address or device name)?,??? ?? ??? ??? ???? ??? ?? ???? ?? ??? ?????? ??? ?? ?? ??? ?? ??? ??? (?? ?? ??? ?? ?????? ?? ??? ?? ??? ??? ??)?,H
Which phone to buy Moto m or one plus 3t?,???? ??? ?? ??? ??? 3 ?? ??? ?? ??? ?????? ???,H
What's the difference between survival distribution function and cumulative function? Why do they call it survival?,??? ?? ????? ??? ?????? ??? ??? ??? ??? ???†?? ??? ??? ???? ???? ????,H
What are the best places to visit near bagdogra?,???????? ?? ???? ???? ?? ??? ??? ?? ?????? ?????? ????,H
How many text messages are sent in the US? Per Quarter? Per Year?,?????? ??? ???? ????? ????? ????? ???? ????†?? ??????†???????,H
What is your favourite book?,?? ?? ??????? ???? ??? ???,H
"Honestly can you rate yourself from the criterias such as Looks, Abusive, Affectionate, Courageous, Emotional, Ambitious, etc? You can add more.","????????? ?? ??? ?? ???? ?? ?? ????? ? ??????? ? ???? ? ????? ???? ? ?????? ? ??????????? ???? ????? ?? ???? ???? ?????? ????†?? ??? ??? ???? ?????? ????",H
Is it possible to do regression while minimizing a different customized loss function than sum of squares error?,??? ????? ?? ???? ?? ???? ?? ?????? ??? ????? ????? ??? ????? ?? ?? ?? ?? ???? ???? ???? ?? ??? ???? ???? ???,H
How many Indians are there on Quora?,????? ?? ???????? ???? ????,H
What are your best paranormal experiences?,?? ?? ?? ?? ???? ??? ?????? ?????? ??? ????,H
I am a 12 year old Indian girl and I want to make YouTube videos. I have many ideas. Should I start a channel?,??? 12 ??? ?? ????????? ???? ??? ??? ??? ?????? ?? ?????? ????? ????? ????†???? ??? ?? ?????? ????†??? ???? ???? ???? ???? ??????,H
What is the significance of paying a lot of money and going to study in American universities? Is it worth it?,??? ???? ?? ??????? ??? ?????? ??????????? ??? ????? ???? ???? ?? ??? ??? ?? ??? ????? ??? ?? ???? ???,H
"Other than humans, what are some examples of the smartest mammals?","??????? ?? ????? ? ?????? ????????? ?? ??? ?????? ??? ????",H
Is Huawei honor 5x a good phone?,??? ????? ???? 5???? ???? ??? ???,H
Why do I care about others more than myself?,??? ???? ?? ????? ?????? ?? ????? ???? ???? ????,H
Are Michelin tires good for the Yamaha FZ16?,??? ?????? ?? ???? ?????? ??? ??? 16 ?? ??? ??? ?? ????,H
Why is my mouth dry?,???? ??? ???? ??? ???,H
Why would a male stare at a woman he knew was with her significant other?,??? ??? ?? ???? ?? ???? ????? ???? ??? ??? ?? ????? ??? ?? ?? ?? ?? ????? ??? ???? ?? ???? ???,H
What are some of the best basketball books?,????? ??? ?? ??? ?????? ?????? ??? ????,H
Is it plausible that it's impossible to combine general relativity with quantum mechanics?,??? ?? ????? ?? ?? ??? ???? ???? ?? ?????? ??????? ?? ???? ????? ?????? ???,H
"How can you use the word ""tremulous"" in a sentence?","?? ??? ???? ??? ""???? ???"" ?? ??? ?? ??? ??????? ?????? ????",H
What are some amazing pictures of Turkey?,???? ?? ??? ???? ????? ?????? ??? ????,H
Which is the best ssb coaching centre in dehradun?,??????? ??? ??? ??? ?? ?? ?????? ????? ????? ????? ???,H
How do I get him to chase me?,??? ??? ???? ????? ???? ???,H
Why does my tongue burn after I eat fresh pineapple?,???? ????? ????? ?? ??? ???? ???? ???? ?? ???? ???,H
What is bestmytest.com?,???? ???? ????.??? ??? ???,H
Is there any way for me to not have someone's Snapchat but be able to see if they deleted their account?,???? ??? ?? ????? ??? ?? ???? ?? ?? ?? ?????? ?? ???? ?? ??? ?? ?? ?????? ?? ??? ???? ?? ???? ?? ???? ?? ??? ???? ???? ???,H
"Does a Husky/Cocker Spaniel mix shed? If so, what is the best treatment for this?","??? ???? ???? / ???? ???????? ??? ???? ??? ??? ???? ?? ?? ? ?? ?? ?????? ???? ??? ???",H
"Out of everything you've drawn, what's your favorite doodle and why?","?? ??? ??? ?? ?? ?? ?? ???? ??? ?? ? ?? ?? ??????? ???? ??? ?? ?? ??? ?????",H
"Suppose that your investments earn an 8% rate of return. Today is January 1, 2015. On the first day of the years 2015, 2016, and 2017, you receive $10,000. How much money will you have on January 1, 2018?","??? ???? ?? ?? ?? ?????? ???? 8? ??? ????? ??? ??? ???†?? ??? ????? 2015 ??? ??? 2015 ? 2016 ??? 2017 ?? ???? ?? ?? ?? 10?000 ???? ????? ???? ????†??? ????? ? 2018 ?? ?? ?? ??? ???? ??? ?????",H
What are some birthday gift ideas for a 13-year-old?,??? 13 ???? ??? ?? ??? ?????? ?? ???? ?? ??? ?????? ??? ????,H
What are some of the best non-fiction and fiction books?,?????? ??? ???? ??? ???? ?????? ??? ?? ??? ??? ????,H
Can I download Microsoft office onto an external hard drive and still use it if it is not on my laptops hard drive?,??? ??? ??????????? ??? ?? ?????? ???? ?????? ?? ???? ??? ?? ???? ??? ??? ??? ??? ??? ??????? ?????? ??? ??? ?? ???? ??? ??? ???? ?????? ?? ???? ???,H
Why are food trucks not popular in India?,???? ????? ????? ????? ??? ????? ???? ????,H
I am placed in TCS (engineering industrial services stream). So should I now prepare for GATE ME 2017?,???? ?? ?? ??? (????????? ???????? ????? ??????) ??? ???? ??? ???†?? ??? ???? ?? ??? ??? ?? 2017 ?? ????? ???? ??????,H
What skills/knowledge would be advantageous to getting a job if I want to work in the fashion tech industry?,??? ??? ???? ??? ??????? ??? ??? ???? ????? ??? ?? ?????? ???? ???? ??? ?? ????? / ??? ?? ????? ?????,H
How much does it cost for a band to go on tour?,???? ?? ???? ?? ???? ??? ???? ??? ??? ???,H
Should not lower drinking age?,???? ?? ??? ?? ?? ???? ???? ??????,H
I worked for 1month and absconded from accenture within bond period will they take any legal action?will it effect when joining other company?,??? ?? ??? ??? ?? ??? ??? ??? ??? ???? ?? ???? ??? ???? ?? ????? ??? ??? ?? ???? ?????? ???????? ???? ??? ??? ????? ????? ??? ???? ???? ?? ?? ?? ??? ?????,H
Which is better Ubuntu 16.04 or Windows 10?,?????? 16.04 ?? ????? 10 ??? ?? ???? ???,H
Which is the best Kajol movie and why?,?????? ????? ??? ??? ???? ??? ?? ???,H
Why am I afraid of telling my boyfriend I love him?,??? ???? ????? ????? ?? ?? ???? ???? ???? ???? ??? ?? ??? ?? ?? ???? ???? ????,H
What books should all highly gifted teenagers read?,???? ??????? ???? ??????? ??? ?????? ?? ????? ??????,H
I have heard that Go is more challenging than chess. What is more challenging than Go?,??? ?? ??? ?? ?? ?? ????? ?? ????? ??????? ???†?? ?? ????? ????? ??? ???,H
What are the pros and cons of San Francisco Ballot Measure J (2014)?,??? ???????? ???? ???? ?? (2014) ?? ????? ??? ????? ????,H
How can I get budget hotel list in Hyderabad to visit this New Year Eve?,???????? ??? ??? ?? ??? ???? ?? ????? ???? ???? ???,H
How do I empathize with an Internet troll?,??? ??? ??????? ???? ?? ???? ?? ??? ????????? ????,H
I am 14 years old and my height is 4 feet 6 inches. What will be my adult height?,??? ?? 14 ??? ?? ??? ??? ??? ??? ???? ??????? 4 ?? 6 ??? ??. ???? ???? ??????? ??? ?? ???,H
Why do humans understand things better with examples?,???? ????? ???? ?? ???? ????? ?? ???? ?????? ????,H
"How much ""me"" time do the astronauts in the International Space Station have per day?","??? ???????? ????? ?????? ??? ????? ???????? ?? ?????? ???? ""???"" ???? ???",H
Do enlightened people get angry at those who cause suffering?,??? ???? ???? ????? ?? ????? ??????? ????? ?? ????? ?????? ????,H
What are some of your own personal Jupiter in the 1st house stories and experiences?,??? ?? ???? ??????? ??? ?????? ??? ?? ?? ???? ???? ????? ??? ?? ??? ??? ????,H
"If the Bible talks about Earth and Man, are there Books about other Planes and Life?","??? ????? ???? ??? ????? ?? ???? ??? ??? ???? ?? ?? ? ??? ????? ?????? ??? ????? ?? ???? ??? ?????? ????? ????",H
Is computer engineering good as career?,??? ??????? ????????? ?????? ?? ??? ???? ???,H
How can we reduce food waste in the world?,?? ???? ??? ????? ?? ???? ?? ???? ?? ?????? ????,H
Where can I find information on fixed matches?,??? ????? ????? ?? ???? ??? ??????? ???? ?? ???? ?????? ????,H
Where can I get a large corpus of news articles?,??? ???? ?????? ?? ??? ??? ????? ???? ?? ???? ?????? ????,H
How far could Jet Li go in the UFC if he really trained for it while in his physical prime?,??? ?? ??? ??? ???? ??? ?????? ?? ??? ?? ????? ?? ?? ??? ????? ???? ???? ????,H
What's the best way to epilate your underarms?,???? ???????? ??????? ?? ???? ????? ?? ????,H
Will an MS degree help after 6 years of working in an oil and gas company in india?,??? ??? ??? ?? ???? ???????? ??? ??? ???? ??? ????? ??? 6 ??? ??? ???? ?? ??? ??? ??? ???,H
What NFL teams have won the most Super Bowl rings?,??? ??? ??? ?? ??? ?? ????? ?? ?? ????? ???? ??? ????? ????,H
What are some cute names for a girlfriend?,??? ??? ????? ?? ??? ??? ????? ??? ??? ????,H
What is a client relation?,??? ???? ?? ???? ??? ???,H
Will Martian Manhunter and Lady Shiva be included in the DCEU?,??? ?????? ??????? ??? ???? ???? ?? ?? ?? ?? ?? ??? ???? ??? ???? ???,H
"What are the best places to visit in D√ºsseldorf, Germany?","??????? ? ????? ??? ?????? ?? ??? ??? ?? ?????? ?????? ????",H
"How can I make my whole body more fair, if I am a wheatish Indian guy?",??? ??? ???? ???? ????????? ???? ??? ?? ??? ???? ???? ??? ?? ?? ??? ????? ????? ??? ???? ????,H
How do you make a video go viral?,?? ????? ?? ????? ???? ???? ????,H
How do i prevent other people in this world to use similar name like me? Is there any way that i can protect my unique name as My IP assets?,??? ?? ???? ?? ????? ????? ?? ??? ???? ??? ??????? ???? ?? ???? ??? ???? ???? ??? ???? ????? ?? ?? ??? ???? ????? ??? ?? ????? ???? ??? ?? ?????? ?? ??? ?????,H
Would NATO defend Turkey if Russia attacked?,??? ??? ?? ???? ??? ?? ??? ???? ???? ?? ???? ??? ???,H
What are some good book that are a must read?,??? ??? ????? ?? ?? ??? ???? ???? ??? ????,H
How can I earn online with little investment?,??? ????? ?? ?????? ???? ?? ???? ?? ???? ???? ??? ???? ????,H
How many calories does a Dominos pizza have?,?????? ???? ??? ???? ?????? ???? ???,H
What exercise can help to reduce the weight on my arms?,??? ?? ???? ???? ?????? ?? ??? ?? ???? ??? ??? ?? ???? ???,H
Why do a lot of Instagram users add the word Otaku to their bio? What does it mean?,???? ??? ???? ????????? ?????? ???? ????? ??? ?????? ?? ??? ???? ???? ????†?? ?? ??? ???? ???,H
Does IUB take admissions for spring for an MS in CS?,??? ??? ?? ??  ?? ??? ??? ??? ??? ?? ??? ???? ???? ?? ??? ?????? ???,H
What will be best laptop Under 25000 INR ?,25000  ?? ??? ?????? ??? ??? ??? ???????? ??? ??,H
Where shall I live in St. Petersburg (Russia) for a peaceful life?,??? ????? ????? ?? ??? ???? ???????? (???) ??? ???? ???? ???,H
How does one over come depression which is taking over there life at 25?,?? ??? ??? ??????? ????? ?? ?? ???? 25 ?? ????? ?? ?? ?? ??? ???,H
What makes killer dolls scary?,??? ???? ???? ?????? ???? ???,H
How much weight do I lose by purging after every time I eat?,??? ?? ??? ????? ??? ?? ?? ??? ??? ???? ??? ?? ???? ????,H
What universities does Sigma-Aldrich recruit new grads from? What majors are they looking for?,????-????? ??? ?? ??????????? ?? ??? ???? ????? ???? ??? ?? ?? ??? ????? ?? ???? ??? ????,H
How much does an Ola Mini cab earn on average per month from an investor's point of view in Bangalore?,?????? ??? ?????? ??? ?? ???? ??? ?? ???? ??? ????? ????? ????? ???? ??? ???? ???,H
Can a person fall in love with another person while he/she is already in love?,??? ???? ??? ????? ??? ?? ???? ?????? ?? ?? ?? ?? ???? ?? ???? ??? ???,H
"What are some different ways to make money online, excluding selling things?","?? ???? ???? ????? ?? ??? ????? ????? ??? ??? ? ????? ????? ???? ???",H
How do I be popular in school?,??? ????? ??? ????? ???? ????,H
"If every passenger on an airliner were to suddenly rush to one end of the plane, would it cause any hindrance to the flight?","??? ????? ???? ?? ???? ???? ?? ????? ?? ????? ????? ???? ?? ??? ??? ?? ?????? ??? ? ?? ??? ?? ?? ????? ??? ????? ?????",H
What should be done further to apply for Ph.D fellowship from a government institution if I have cleared TIFR GS 2016 written test?,??? ??? ?? ?? ??? ??? ??  ?? ??? 2016 ?????? ?????? ?? ????? ????? ?? ?? ??? ?????? ????? ?? ?? ??? ?? ?? ????? ?? ??? ??????? ???? ?? ??? ???? ??? ???? ??????,H
Who is the best manufacturer of customized kiosk in India?,???????? ??? ???????? ????? ?? ?????? ??????? ??? ???,H
How much (numerically) does tobacco smoking increase your lung cancer risk?,?????? ?????? ???? ?? ?? ???????? ?? ????? ?? ???? ???? ?????? ???,H
Does Donald Trump get to deduct his campaign expenses from his taxes?,??? ????? ???? ?? ???? ??????? ??? ?? ??????? ???? ?????? ?? ?? ???? ???? ????,H
"Is Facebook news, video sharing a new kind of spam?","??? ??? ?? ?? ????? ? ????? ??? ??? ??? ?? ????? ???? ????? ???",H
What is the title of the film described below?,??? ??? ???? ???? ??? ?? ????? ??? ???,H
Is there a Monster Hunter PC game?,??? ???? ?????? ???? ?? ?? ??? ???,H
What are microprocessors?,??????????????? ??? ????,H
How many characters are there in Xchrisone animation joke 8?,????????????????? ???? ??? 8 ??? ???? ???? ????,H
What do women talk about mostly(among themselves)?,?????? ????? ?? (??? ???) ?? ???? ??? ??? ??? ???? ????,H
Is technology and globalisation making the world a better place or a bad place?,??? ???????? ??? ????????? ???? ?? ??? ???? ??? ??? ??? ?? ?? ???? ????,H
What's the difference between IT security and ethical hacking?,??? ?? ???????? ??? ?????? ????? ??? ??? ??? ???,H
"How can standing in the rain or thick mist cause pneumonia, lung inflammation or fluid in the lungs?","???? ??? ???? ???? ?? ???? ???? ?????? ? ???????? ??? ???? ?? ???????? ??? ???? ?? ??? ?? ???? ???",H
Who invented zero and how?,??? ????? ?? ?? ?? ??? ?????,H
"My hair is thinning, very dry, and unhealthy, and I have dandruff?",???? ???? ????? ?? ??? ??? ??? ???? ???? ?? ??? ???? ??????,H
What is the function of mitochondria in a plant cell?,????? ?? ???? ??? ???????????? ?? ??? ??? ???,H
Is Taylor Swift immature?,??? ???? ????? ????? ???,H
"National Institute of Technology Karnataka (NITK) , Surathkal: To the graduating batch: What lessons would you want to give to your juniors before you leave?","????? ????? ???? ?? ???????? ?????? (??? ??? ?? ??) ? ????????: ???????? ??? ??: ?? ???? ?? ???? ???? ??????? ?? ??? ??? ???? ????? ???",H
Should I go back to school at 50?,??? ???? ???? ??? ?? ????? ???? ??????,H
"Prosumers: ""A new social theory is round the bend.""","???????: ""??? ??? ????? ????? ??? ?? ??? ??? ???""",H
What is SAP?,??? ?? ?? ??? ???,H
Why nothing is done to solve Kashmir issue?,????? ????? ?? ?? ?? ??? ??? ???? ???? ??? ?????,H
Is it necessary to learn how to drive a car with a manual transmissions?,??? ???? ????? ?? ???? ??? ????? ?? ????? ?????? ????? ???,H
How much time does it take to upgrade the access level to full transaction rights in SBI online?,??? ?? ??? ?? ???? ??? ????????? ?? ???? ???? ?? ????? ?? ??? ?? ?? ???? ???? ??? ???? ??? ???? ???,H
"As of 2015, what is the future of iOS development?","2015 ?? ? ??? ?? ??? ?? ???? ?? ?????? ??? ???",H
How do you get a paper receipt from American Airlines?,?? ?????? ???? ????? ?? ????? ???? ???? ???? ???? ???,H
What is squirting and has it have anything to do with orgasm?,????????? ??? ?? ??? ??? ?? ?? ??????? ?? ???? ???? ???? ???? ???,H
Is hypnosis real?,??? ????? ????? ???,H
Who are Airgas's top competitors?,?????? ?? ???? ??????? ??? ????,H
How can we get updates on any new movie trailers that are uploaded on Youtube?,?? ??? ??? ???? ?? ??? ?????? ?? ???? ???? ???? ???? ?????? ??? ?? ?????? ?? ????? ???? ????,H
How do you not get bad dreams?,?? ?? ??? ???? ???? ???? ???? ????,H
"A crew team rows a boat at a rate of 20 km/h in still water. In practice on a river, the team rows for 30 minutes up the river, and then for 30 minutes down the river. The speed of the river current is 1.5 km/h. How long did it take for them to return to the starting point?","???? ?? ??? ??? 20 ??????? ?? ????? ?? ????? ?? ???? ??? ?????? ????? ???†??? ???? ?? ??? ???? ??? ? ??? 30 ??? ?? ???? ?? ???? ??? ??? 30 ??? ?? ???? ?? ???? ?? ???? ????? ???†???? ?? ?????? ?? ????? 1.5 ??????? ?? ????? ???†????? 30 ??? ??? ????? ?? ???? ??? ??? ????",H
You tube as community television?,?? ???? ???? ?? ??? ?? ?????,H
I am a medical student and I just have 14 days left for my university exam. What would I have to do for pass out?,??? ?????? ?? ???? ??? ??? ??? ???? ????????? ?? ?????? ??? ???? 14 ?? ???? ????†??? ??? ?? ??? ???? ??? ???? ??? ???,H
How do vendors price an electronic wallet product for service providers? What are the factors involved?,????? ??????? ???? ????? ???? ????? ?? ??? ????????? ???? ?? ??????? ?? ???? ???? ????? ????†?? ??? ??? ????? ???? ????,H
What is the best point & shoot camera under 25K INR?,25????? ??? ??? ?? ?? ??? ?? ?? ??? ???? ??? ??? ????? ??? ???,H
"What changes, if any, happen to the shape of a woman's body because she has become sexually active?","???? ?? ??? ?? ??? ??? ??? ???????? ??? ??? ? ???? ?? ?? ???? ??? ?? ????? ?? ??? ???",H
Does box.net use Amazon S3?,????.??? ??????? ??????? ??? 3 ???,H
Did you feel lonely in the first months after giving birth to a child? What did you do to overcome it?,?? ?? ?? ???? ??? ??? ??? ?? ??? ???? ?? ??? ??? ???? ????? ???? ?? ?? ??? ?? ?? ???? ???? ?? ??? ????,H
Can you follow a topic anonymously?,??? ?? ?????? ?? ??? ????? ?? ????? ?????? ????,H
"With a steady decrease in fuel price and in inflation rate in India, why is the Rupee value not appreciating?","???????? ??? ???? ?? ???? ??? ????? ??? ??? ????? ?? ?? ??? ??? ? ????? ?? ??? ???? ???? ?? ?? ??? ???",H
What is the easiest way to build an application using internet of things?,????? ?? ??????? ?? ??????? ???? ???? ??? ??????? ?? ????? ?? ??? ?? ?? ???? ????? ??? ???,H
What if the primary address listed in an agreement changes within the time frame the agreement is signed for? Does that make it void?,??? ?????? ??? ??? ?????? ?????? ?????? ?? ????? ??? ???? ?? ??? ?? ???? ?? ????? ?????? ?? ??? ?????†??? ?? ?? ?? ?????? ?????? ???,H
How much did Microsoft pay for LiveLoop?,??????? ???? ?? ???? ??? ?? ??? ???? ??????? ????,H
Why are AAP leaders having no previous criminal records are now being sent to jail?,?? ?? ?????? ?? ??? ????? ????????? ?????? ????? ???? ???? ?? ????? ??? ????? ????? ???,H
Do some women really squirt during sex? is it safe to consume the vaginal fluids?,??? ??? ?????? ???? ?? ????? ????? ??? ????????? ???? ???? ??? ????? ????? ?????? ?? ??????? ????? ???,H
What is the goal of living?,???? ?? ???? ??? ???,H
How do I find a good escort?,???? ??? ???? ?????? ???? ?? ???? ???,H
What universities does Universal insurance recruit new grads from? What majors are they looking for?,???????? ??????? ?? ??????????? ?? ??? ????? ?? ????? ???? ???†?? ?? ??? ????? ?? ???? ??? ????,H
Why are fairy-themed magical girls rare in anime?,??? ?? ???? ?????? ?????? ?????? ???? ??? ????? ???? ????,H
Am I too young to come out as a lesbian? I am in 8th grade and almost 14. I am pretty sure I am a lesbian. Will people think I'm too young?,??? ??? ???? ????? ??? ?? ?? ??? ???? ?? ?? ???? ????†??? ?????? ????? ??? ??? ??? ?????? 14 14? ???? ???? ???? ?? ?? ??? ?? ??? ???? ????†??? ??? ????? ?? ?? ??? ??? ???? ????,H
Is computer engineering in demand?,??? ??????? ????????? ?? ??? ???,H
What is difference between public subnet and private subnet?,???? ?? ??? ??? ??? ?? ??? ??? ??? ??? ???,H
What are the hardest-hitting rap songs?,?? ???? ??? ??? ???? ??? ???,H
Can I use a Reliance Jio 4G sim in a 3G iphone?,??? ??? 3?? ??? ??? ??????? ???  4 ?? ?? ??????? ?????? ????,H
How is etching done for solar panel?,???? ???? ?? ??? ?????? ?? ??? ?? ???? ???,H
What should I do when my bestfriend is ignoring me?,?? ???? ???? ???? ???? ???????? ????? ?? ?? ???? ??? ???? ??????,H
Where can I watch Pretty Little Liars for free?,??? ??? ??? ????? ????? ????? ?? ???? ???? ???? ????,H
Why are Europeans in general more liberal than Americans?,??? ??? ?? ??????? ???????? ?? ????? ???? ???? ???? ????,H
Intercatse Marriage: My girlfriend's parents rejected me because of my lower caste. What should I do now?,????????? ????: ???? ??? ????? ?? ?????? ?? ???? ???? ??? ?? ??? ?? ???? ????? ??????†?? ???? ??? ???? ??????,H
When is it not good to hire a lawyer who only sees you in court?,??? ???? ?? ????? ???? ???? ?? ???? ???? ?? ?? ??? ????? ??? ?? ?? ?????? ???,H
How do you make 3D animated movies in Blender 3D?,?? ?????? ???? ?? ??? 3?? ????? ????? ???? ????? ????,H
What exactly is the Ratan Tata Cyrus mistry fiasco?,????-????? ?????? ?? ????? ??? ??? ???,H
Who is the best graphic designer in israel?,??????? ??? ?????? ????? ??????? ??? ???,H
"Will existing Apple Watch bands work with Apple Watch 3 (2017), since I have expensive Apple Watch Bands including Link Bracelet and Classic Buckle?","??? ???? ??? ???? ?????? ???? ??? 3 (2017) ?? ???? ??? ???? ?? ? ???? ?? ???? ??? ??? ?????? ??? ??????? ??? ???? ???? ??? ???? ????? ????",H
What is the best cache plugin for WordPress based on Nginx?,??????? ?? ??? ???????? ?? ???? ?????? ??? ??? ?? ??? ???,H
Are there any legitimate reasons why one would vote for Donald Trump?,??? ???? ???? ???? ?????? ??? ?? ?? ??? ?? ???? ????? ???? ?? ??? ?? ???,H
What is the best time to visit Varanasi in India?,????? ??? ??????? ???? ?? ?????? ??? ??? ???,H
How do I get the QR code for someone's WhatsApp messages by only knowing the phone number?,?? ??? ??? ?? ??? ??? ???? ?? ????? ?? ??? ?? ??? ?? ???? ??? ?? ??????? ?? ??? ??? ?? ??? ???? ???? ????,H
How do I calculate punching shear in flat slab?,??? ???? ???? ??? ????? ???? ?? ???? ???? ?????,H
What is the risk of selling bitcoin and accepting credit card payment?,?? ????? ????? ??? ????? ???? ?? ??????? ???? ???? ?? ??? ???? ???,H
How are my credit/debit card details safe?,???? ????? / ???? ???? ?? ??????? ???? ????? ????,H
I am a Pakistani girl and want to get admission in IIT in India. What should I do?,??? ??? ???????? ???? ??? ??? ???????? ??? ??? ??? ?? ??? ????? ???? ????? ???? ??? ??? ?????,H
How does 500 Startups structure its investments?,500 ?????? ??? ?? ?????? ???? ?? ?? ??? ????? ???? ???,H
What is the name of the song in which picturized on Madhuri Dixit and Ranbir Kapoor and is from which movie?,?? ???? ?? ??? ??? ?? ?? ??? ????? ??? ??? ????? ?? ??????? ???? ??????? ???? ?? ?????? ??? ??? ?? ??? ?? ????,H
"If you could break the RSA algorithm, would you keep it secret?",??? ?? ?? ??? ?? ???????? ?? ??? ???? ??? ?? ??? ?? ??? ???? ????? ???,H
How can you increase your height?,?? ???? ??????? ?? ???? ???? ???? ????,H
How do I get my stuff from amazon when it was never delivered?,?? ???? ????? ???? ???? ????? ?? ??? ?????? ?? ???? ???? ?????,H
What was the fate of sanyogita after death of prithviraj chouhan?,????????? ????? ?? ??? ?? ??? ???? ?? ??? ????,H
What is it like to be Jack Dorsey?,??? ????? ?? ??? ???,H
What is the Personal Property Security Act and how is Nova Scotia's different from Quebec's?,????? ??????? ???????? ???? ??? ?? ??? ???? ??????? ?????? ?? ???? ????? ???,H
How can I sell a movie script?,??? ??? ?? ?????? ?? ??? ??? ???? ????,H
Which is the best digital marketing institute in Pune?,???? ??? ?? ?? ?????? ?????? ???????? ????? ???? ??? ?? ???,H
What is the formal protocol to be followed if all of our satellite networks were suddenly destroyed? What would the aftermath of such an event be?,??? ????? ???? ???????? ??? ??? ????? ???? ?? ??? ?? ??????? ???????? ??? ?????†???? ????? ?? ??? ??? ?????,H
What is the weather like during winter in Tel Aviv?,?? ???? ??? ???? ???? ?? ????? ???? ???? ???,H
"Why don't we see Eminem laughing ever, except in his videos?",???? ?? ????? ?? ???? ??? ????? ???? ?????? ??? ????? ?? ?? ?????? ???,H
"What is a ""portfolio""?","""???? ?????"" ??? ???",H
How has the youth benefited from Art of Living courses and Sudarshan Kriya?,??? ?? ????? ????? ??? ????? ???? ?? ???????? ?? ??? ????? ??? ???,H
What is the chemical formula for cellulose?,??????? ?? ?????? ??????? ??? ???,H
My salary is 12.5 k. I'm planning to invest in sips. Can anyone suggest me any investment plan?,???? ?????? 12.5 ????? ??. ???? ??? ??? ?????? ???? ???? ?? ?????? ???? ?? ??? ???. ??? ?? ???? ??? ??? ?????? ???? ?? ?????? ???? ?? ????? ?? ???? ????,H
How competitive is the hiring process at Universal Electronics?,???????? ?????????? ??? ????? ?? ???? ?? ??? ???? ??????? ???,H
Can a Russian citizen with a U.S. Permanent Resident status (green card) live and work in Canada?,??? ?????? ????? ?????? ????? (???? ????) ?? ???? ??? ???? ???? ?????? ??? ???? ??? ??? ??? ?? ???? ????,H
How do I improve my learning skills?,??? ???? ?????? ?? ????? ?? ???? ???? ??????,H
What is the viscosity of water?,???? ?? ????? ???? ??? ??? ???,H
What online platforms can I post ads for beer money opportunity?,??? ???? ??? ?? ????? ?? ??? ??? ?? ?? ???? ???? ???? ?? ???????? ???? ?????? ????,H
What type of government does Turkey have? How does it compare to the one in Poland?,???? ??? ?? ??? ?? ????? ??? ?? ?????? ?? ??? ?? ???? ?????? ???? ???,H
I have 7 years of experience in the project field. I want to change my job profile by pursuing an MBA. Should I go for an executive MBA or a regular MBA?,???? ??? ??????? ?? ????? ??? 7 ??? ?? ????? ???†??? ??? ??? ?? ?? ?? ????? ???? ??? ??????? ????? ???? ????? ????†??? ???? ??? ???????? ??? ?? ?? ?? ??????? ??? ?? ?? ?? ??? ???? ??????,H
What does Jake Williams think about Jake Williams?,??? ????? ??? ????? ?? ???? ??? ??? ???? ???,H
"How do I do the Wake Back To Bed lucid dreaming technique when I think I have restless leg syndrome (regardless, my legs hurt at night.)?","?? ??? ?? ????? ??? ?? ???? ?? ??? ?????? ?? ?????? ?? (?? ?? ??? ??? ? ??? ??? ?????? ??? ???? ???)?",H
Do these jeans look too much like women's jeans?,??? ?? ???? ?????? ?? ???? ?? ??? ????? ??? ??? ????,H
Has there been any price drop in the Indian real estate market post demonetization?,??? ????????? ?????? ??? ?????? ????? ?? ????? ?? ???? ??? ???? ??? ???? ???? ???,H
Do I need a four-wheel-drive car to drive all the way on the Road to Hana?,??? ???? ??? ?? ??? ?? ?? ????? ????? ?? ??? ??? ???? ?????? ??? ?? ????? ???,H
How do you sign out of the Yahoo Mail app?,?? ???? ??? ??? ?? ???? ??? ???? ???? ???,H
What is love in its purest form?,?? ?? ???? ???? ??? ??? ???? ??? ???,H
How do you train a German Shepherd/Border Collie mix?,?? ?? ??? ???? ????? / ????? ????? ??? ?? ??? ?? ????? ???? ????,H
What does anal sex feel like?,???? ???? ???? ????? ???? ???,H
What is better for a low back pain: heat or ice?,??? ?? ??? ?? ??? ??? ???? ??: ???? ?? ????,H
"How much do fiction writers earn in India and abroad if they sell 100,000 copies of a book?",??? ?????? ???? ?????? ??? ???? ?? ??? ???? ?????? ????? ??? ?? ?? ???????? ??? ????? ??? ???? ??? ???? ????,H
What are the greatest lies ever told by HR?,??? ?? ?? ??? ?? ?? ?? ????? ??? ?? ?? ??? ???? ??? ????,H
Which Yamaha service center is best in Chennai?,??? ?? ?????? ???? ????? ???? ??? ?? ?? ???? ???,H
I make money from in-app purhases. Users are asking for more free stuff. Should I give it to them?,??? ???? ???? ?? ??????? ?? ???? ????? ????†?????? ???? ??? ????? ??? ?? ??? ????†??? ??? ?? ?? ????,H
How do I send confirmation texts to my customers?,??? ???? ?????? ?? ????? ?? ??? ???? ???? ???? ????,H
Is it worse to take advantage of someone or be materialistic?,??? ??? ?? ????? ?????? ?? ???? ???? ???? ???? ???,H
What is the reaction between ammonia and sulfuric acid?,?????? ???? ??? ????? ??????? ??????? ?? ?????? ??? ?? ??? ???,H
Which is the best YouTube Indian Tech Channel?,?????? ?? ?????? ??? ????? ???? ??? ?? ???,H
I'm a Canadian PR that just finished studying in the US. I got offered an H1-B. Should I take the offer or return to Canada?,??? ??? ?????? ?? ?? ?? ??? ?? ?? ???? ?????? ??? ????? ???? ??? ???? ???1-?? ?? ??? ?? ????? ??? ??? ??? ?? ??? ?? ?????? ???? ????,H
Which are the best places for the holidays in India?,???????? ??? ??????? ?? ??? ??? ?? ?????? ?????? ????,H
What you will do to make millions?,?? ?????? ????? ?? ???  ??? ???? ???,H
Guru nanak dev university b.arch course reviews?,??? ???? ??? ????????? ?.??? ???? ??????,H
How can I learn ethical hacking online?,??? ?? ???? ?????? ????? ???? ???? ???? ????,H
To those outside of America: If the current US presidential election candidates (Obama Vs. Romney) were running in your country who would you vote for and who do you think would win?,?????? ?? ???? ?? ????? ?? ???: ??? ?? ?? ??? ??? ?????? ?????? ?????? ?????? ?? ??????? (?????? ??????? ?????) ?? ??? ??? ?? ?? ?? ?? ??? ??? ?? ??? ?? ?? ???? ??? ?? ?? ??? ?????,H
How can I get maximum returns by investing Rs 25K in a year?,??? ??? ??? 25????? ???? ??? ?? ??? ????? ?? ????? ????? ???? ???? ?????? ????,H
How do cell phone signal receptions and plan rates in Hawaii differ form the ones in Oregon?,??????? ??? ????? ??? ??? ??? ???? ?? ??????? ??? ?????? ?? ??? ???? ????? ????,H
If you could learn any language fluently what would it be?,??? ?? ????? ?? ???? ???? ???? ???? ??? ?? ?? ??? ?????,H
What is bought more online?,???? ?? ???? ??? ????? ???? ???,H
"Why are there so many Romanian prostitutes offering ""unprotected sex""? Are they not educated on the dangers of this? I'm curious to understand their attitude.","???? ??? ???? ??????? ?? ??????? ""??? ????? ???? ??????"" ?? ??? ?? ???? ????? ????†??? ?? ?? ?? ????? ?? ???? ???? ????†??? ?? ?? ??? ????? ?? ?????? ?? ??? ????? ????",H
Are things without brains conscious?,??? ???? ?? ???? ????? ??? ??? ????,H
What are the best ways to find mentor for a high school student?,???? ????? ?? ???? ??? ?? ??? ?????? ???? ???? ?? ?????? ????? ??? ????,H
Why does a king chess piece often have a cross or + sign on top of it?,??? ????? ?? ???? ??? ???? ?? ?? ???? ???? ?? + ???? ???? ???? ???,H
Why did Air India choose the Boeing 787 Dreamliner?,???? ????? ?? ????? 787 ???? ????? ?? ?????? ???? ????,H
"Once I am able to do vibrato in singing, will it stay with me forever?","??? ??? ?? ??? ???? ??? ????? ???? ?? ???? ?????? ??? ? ?? ??? ?? ????? ???? ???? ??? ???",H
How can I make the color aqua using other colors?,??? ????? ????? ?? ??????? ???? ???? ??? ????? ???? ??? ???? ????,H
What is it like to be Marc Srour?,???? ????? ???? ??? ???? ???,H
What is your favorite top 10 list of ‚ úSun‚ songs?,"?? ?? ??????? ?? ??S‚?????? ? ???? ?? ????? ??? ??? ???",H
What plants do you have at home?,?? ?? ??? ??? ??? ?? ???? ????,H
Why is the GDP per capita more of a measure of standard of living than the GDP?,?? ?? ?? ?? ?? ?? ?? ?? ?? ????? ?????? ????? ???? ???,H
Who are some notable folks who attended Caltech?,??? ???? ??? ??? ??? ??? ????? ?? ?????? ??? ???? ???,H
"I'm software engineer with 3 years of experience in an MNC in India. How to get software job opportunities abroad, specifically in US or UK?",??? ???? ???? ??????? ??? ?? ?? ???????? ??? ??? ??? ?? ??? 3 ??? ?? ????? ???†????? ??? ??? ??? ?? ?????? ?? ??????? ??? ???? ???? ?? ?????? ?? ????? ???? ???? ??? ??????,H
"Did crimes shown by Savdhan India, Crime Patrol, and other similar shows real?","??? ?????? ????? ? ????? ?????? ? ??? ??? ??? ?? ???? ??? ?? ????? ?????? ???? ???? ????? ????? ????",H
"If you want to introduce a friend to Jack Ketchum, what book would you start them off with? I'm thinking RED, PEACEABLE KINGDOM or JOYRIDE‚Ä¶","??? ?? ??? ????? ?? ??? ???? ?? ????? ?????? ???? ?? ?? ?? ???? ???? ?? ?????? ???? ??? ??? ??? ? ???? ?? ??????? ?? ?????? ????? ?? ???? ??? ????? ???",H
How do you convert a torrent file to a DVD file?,?? ??? ?? ?? ??? ?? ?? ?? ???? ??? ??? ????? ???? ??? ????? ?? ???? ????,H
What does it say about someone if they do very well on multiple choice but poorly on the free response of the test?,?? ??? ?? ???? ??? ??? ???? ??? ?? ?? ??? ?? ????? ???? ?? ???? ???? ??? ???? ??? ???? ?? ??? ?? ???? ?? ??? ???? ??? ???? ??? ?? ???? ???,H
What are some of the most amazing concepts given by theoretical physicists which cannot be proved in reality or are too advanced to prove with available resources/technologies?,??????? ??????? ????? ?? ????? ???? ??? ???? ????? ?????? ??? ?? ??? ??? ??? ?? ????? ??? ???? ???? ?????? ??? ?? ?????? ????? / ???????? ?? ????? ???? ???? ?? ??? ??? ???? ????,H
Everyone I've come across doesn't like Donald Trump. Then why do people still predict that he will win the US election?,?? ??? ?? ??? ?? ??? ????? ???? ?? ???? ???? ???? ??? ???? ??? ?? ??? ??? ???? ???? ??? ?? ?? ?????? ???????? ??? ???? ???,H
How can we remove water pollution of rivers?,?? ????? ?? ?????? ?? ???? ??? ?????? ????,H
How do you find a figure labeled this way in a textbook?,?? ?? ????? ??? ??? ?? ??? ?? ???? ??? ??? ?????? ???? ??? ???,H
How do I stop not appreciating things around me?,??? ???? ?? ??? ?? ????? ?? ????? ?? ???? ?? ???? ??????,H
What do you love? Why?,????? ??? ???? ??? ?????,H
Is there any natural remedy for hair regrowth?,??? ????? ?? ?????? ????? ?? ???? ????? ???? ???,H
"Why can't I fall in love with someone? Why I don't feel love, hate, pain or happiness? Why am I always even?","??? ??? ?? ???? ???? ???? ???????†???? ???? ? ???? ? ??? ?? ???? ???? ????? ???? ?????†??? ????? ???? ????",H
What does self-defense teach you?,???? ?? ?? ??? ?????? ???,H
"What do you think when you hear the word, ""Japan""?","?? ?? ?? ??? ""?????"" ???? ??? ?? ?? ?? ??? ???? ???",H
"If I want to say, ""let me know if you can try something and finish doing it"", is it correct to say ""let me know if you could try it""?","??? ??? ?? ???? ????? ??? ? ""???? ?????? ?? ??? ?? ??? ???? ?? ???? ?? ???? ??? ??? ??? ??? ?? ???? ???"" ? ?? ??? ?? ???? ???? ?? ?? ""??? ?? ??? ???? ???? ??"" ?? ???? ???????",H
How do I apply for a PAN card?,??? ??? ???? ?? ??? ?? ??? ??????? ?? ???? ????,H
What are some tips to concentrate when reading or at work? I find my mind wanders and I know I am not being as productive as I should be.,????? ?? ??? ???? ??? ???? ???? ?? ??? ??? ???? ??? ????†??? ???? ???? ?????? ??? ?????? ??? ??? ??? ????? ??? ?? ??? ???? ????? ??? ???? ??? ???? ???? ???? ??????,H
What's the cause of under eye dark circles and what treatments can help?,?????? ?? ??????? ????? ??? ???? ?? ??? ??? ?? ??? ??? ?? ???? ?? ??? ?? ???? ???,H
What's it like to be a trillionaire?,??? ??? ???? ??? ???,H
What can I do if I can't connect games in Windows Live?,??? ?? ????? ????? ??? ???? ????? ?? ???? ??? ?? ??? ??? ?????? ????,H
What are the symptoms of autism in girls?,?????? ??? ???? ?? ?????? ??? ????,H
How do I pick up a girl taller than me?,??? ?? ???? ???? ???? ?? ???? ???????,H
Where can I find the scripts of Desperate Housewives?,???? ????? ?????? ?????? ?? ?????? ???? ?? ?? ???? ????,H
What are some of the QA interview questions?,??????? ?? ??? ?????? ??? ????,H
I am studying BE (engineering) in electronics and communications. I am in 2nd year. But I am very much interested in physics and I want to do research in physics. What should I do to achieve my aim?,??? ?????????? ??? ??????? ??? ?? (?????????) ?? ?????? ??? ??? ???? ??? ????? ??? ??? ???? ???? ??? ????? ?? ??????? ??? ?????? ?? ?????? ???? ??? ??? ???? ??? ????? ???? ????? ???? ??? ??? ?? ?? ???? ???? ?? ? ????? ?????? ????? ????,H
I have studied class 12 PCMB combination. I am going to take CSE. What should I do to make up my computers basic?,??? ?? ???? 12 ?? ?? ??? ?? ?? ?????? ?? ?????? ??? ???†??? ?? ??? ?? ???? ?? ??? ????†???? ??????? ?? ?????? ????? ?? ??? ???? ??? ???? ??????,H
How do I write this program in C++?,??? ?? ++ ??? ?? ??????? ???? ??? ???? ??,H
What are the qualities an Indian must have to get admission in American universities for PG?,?? ?? ?? ??? ?????? ??????????? ??? ????? ???? ???? ?? ??? ??? ????????? ?? ?? ??????? ?? ????? ???,H
How many times a day do a clock‚Äôs hands overlap?,?? ??? ???? ??? ???? ?? ???? ??? ????,H
Whether push ups helps in healing disc bulge?,??? ?? ??? ??? ??? ?? ???? ???? ??? ????? ???,H
Why am I breathing through my mouth during meditation and not my nose?,??? ?????? ?? ????? ???? ??? ?? ???? ???? ?? ??? ??? ??? ???? ??? ?????,H
"What exactly is the ""Vyapam"" scam? Why have so many died because of it?",????? ??????? ????? ??? ??? ?? ?? ??? ?? ??? ???? ???? ??? ????,H
Brucelees death mystery?,??? ?? ???? ?? ???? ???? ???,H
What can you tell about a person from their photo?,??? ??? ?? ????? ?? ?? ?? ?? ???? ??? ??? ??? ???? ????,H
"What are the main imports and exports of Venezuela, and how does Venezuela's industry compare to Cuba's?","???????? ?? ??? ??????? ??? ??????? ??? ??? ? ??? ???????? ?? ???? ??????? ?? ?????? ???? ???? ???",H
How and where do I catch an Eevee in Pok√©mon GO?,??????? ?? ?? ??? ??? ??????? ?? ???? ??? ???? ????,H
Why is it very important to love myself?,"??? ??? ???? ?? ??? ???? ???? ???? ??? ???? ???????",H
How powerful was Radagast the Brown?,??????? ????? ???? ?????? ????,H
"Why do so many people ask ""How do I get rich?"" Shouldn't they ask for knowledge and insight on how to make money, instead of ""get rich, quick?""","??? ???? ??? ""??? ???? ???? ?????? ????"" ???? ?????? ????†??? ????? ""???? ??? ???? ? ???? ???"" ?? ???  ? ???? ????? ?? ???? ??? ??????? ??? ????? ?? ???? ??? ???? ?????? ??????",H
Which is the best modular kitchen in Bangalore?,?????? ?? ?????? ??????? ??? ??? ?? ???,H
How can I recover my emails from my Gmail account?,??? ???? ?? ??? ?? ???? ?? ??? ?????? ?? ???? ??????? ?????? ????,H
Why does Netflix choose to release its new seasons of original shows at 3AM ET/12AM PT?,???? ??? ???? ?? 3A ??? / 12 ??? ?? ?? ?? ??? ??? ??? ?? ?? ??? ?????? ?? ????? ?? ??? ????? ???? ???,H
What did old car enthusiasts think about the revival of the Bugatti brand in the 90s?,90 ?? ????? ??? ????? ????? ?? ????? ?? ???? ??? ??? ?? ????? ?????? ?? ??? ?????,H
What is the derivative of ln (x^2+5x+6) = ln (x+11)?,??? ??? (???? ^ 2 + 5???? + 6) =??? ??? (???? + 11) ?? ???? ??? ???,H
"I have a mixed professional experience (4 Years) in manufacturing Quality and Planning, but I want to transit for Design field (UGNX)! Any Inputs?","??????????? ?????? ??? ?????? ??? ???? ??? ????? ???? ????? ????? (4 ???) ?? ? ???? ??? ?????? ???? (?? ?? ????) ?? ??? ??????? ????? ???!†???? ?? ???",H
What makes a woman or girl unattractive?,???? ?? ???? ?? ?????? ??? ????? ???,H
What's it like to have your spouse cheat on you?,?? ?? ???? ???? ?? ?? ?? ????? ???? ??? ???? ???,H
What are the hardest hip hop/rap songs of all time?,?? ??? ?? ?? ?? ???? ?? ??? / ??? ???? ??? ????,H
How can I learn psychology by myself?,??? ??? ?? ?????? ?? ??? ???? ???? ????,H
What are the condition after 50 days of demonitisation?,??????? ?? 50 ????????? ??? ?? ???? ??? ????,H
How can I do SEO for any website?,??? ??? ??? ??? ???? ?? ??? ??? ?? ?? ???? ?????? ????,H
How long does it take to get as Russian business visa?,???? ???????? ???? ???? ???? ??? ???? ??? ???? ???,H
Does anemia increase irritability?,??? ??? ?? ??? ?? ????? ?? ????? ???,H
How do I deal with dandruff and hair fall?,??? ?? ???? ??? ??? ???? ?? ???? ?? ??? ????? ?? ????,H
How is the Supreme Court of India legislated?,???????? ?? ????? ???? ????? ???? ?? ??? ?? ???? ???,H
How do you sell your soul?,?? ?? ??? ?? ???? ??? ?? ????? ??? ???,H
Does the Supreme Court of India have the power to scrap the articles in the constitution? What can the government do if it wants to oppose SC's verdict? How is the issue finally resolved?,??? ???????? ?? ????? ???? ?? ???? ?? ???????? ?? ??? ???? ?? ?????? ???†??? ?? ????? ???? ?? ????? ?? ?????? ???? ????? ?? ?? ????? ??? ?? ???? ???†??? ?????? ?? ??? ?? ????,H
How can a CA student prepare for SAP and Oracle consulting profiles?,?? ?? ?? ???? ??? ??? ?? ?? ??? ?????? ?????? ???????? ?? ????? ???? ?????? ???,H
Why would some one water cool their keyboard?,??? ??? ?? ???? ?? ?? ?? ???? ?? ????? ???? ???? ???,H
Was Ramanujan murdered by the British?,??????? ??????? ??? ?? ??? ?? ??? ????,H
How do I improve my reading skill?,??? ???? ????? ?? ????? ?? ???? ???? ??????,H
How likely is that the US or Russia will elect someone insane enough to start a nuclear war (excluding Donald Trump)?,???? ????? ?? ?? ?????? ?? ??? ??? ?? ????? ??? (????? ???? ?? ???? ??) ???? ???? ?? ??? ???? ???? ?? ?? ?????? ???? ???,H
Why do parents fight for silly reasons?,?????? ???? ?? ???? ?????? ?? ???? ?? ???? ????,H
How much data do WhatsApp calls consume?,???? ??? ???? ???? ???? ??????? ???? ???,H
"Did Agatha Christie write The Big Four? If not, who did?",??? ?????? ????? ?? ?? ?? ??? ?????†??? ???? ?? ?? ?? ????,H
"What is more power-efficient, in regards to turning on AC Heat in winter. Let it stay on in Auto for a long period or turn it off/on as desired?","???? ???? ??? ?? ?? ????? ?? ???? ???? ?? ????? ??? ? ??? ????? ???? ?? ??? ???†??? ??? ???? ??? ?? ??? ??? ???? ??? ?? ???? / ??? ??? ??????",H
Can I send anyone for jio sim for with my mobile and proofs or Do I need to go there?,??? ??? ???? ?????? ??? ???? ?? ???? ??? ?? ??? ??? ?? ?? ?  ???? ???? ??? ?? ??? ???? ???? ???? ?? ????? ???,H
What are the ways to know what I am interested in?,????? ???? ???? ???? ??? ???? ????? ????,H
Is MGB the new KGB?,??? ??? ?? ?? ??? ?? ?? ?? ???,H
What can a mechanical engineer do?,??????? ??????? ??? ?????? ???,H
"Whenever I sing, my throat feels stuffy. How can I stop this?","?? ??? ??? ???? ??? ? ???? ??? ???? ???? ???†??? ??? ???? ??? ???? ????",H
Have you ever benefitted from drinking water even when not thirsty?,??? ?? ???? ??? ???? ?? ???? ?? ???? ??? ???? ????? ?? ????? ?????? ?? ??? ????? ???,H
"Is Rohit sharma is unsung hero? Why we forget him every time and give credits to kohli, raina etc.?","? ???? ???? ??? ???? ?? ???? ??? ?? ?? ??? ?? ??? ???? ???? ??? ??? ?????? ????? ????? ?? ????? ???? ?? ?????",H
What are good institutes in Pune that provide PMP training and guidance?,???? ??? ???? ?????? ?? ?? ??? ?? ????? ??? ??????? ????? ???? ??? ????,H
Is broadsoft a goog?,??? ???????? ???? ???,H
What does the Starbucks Gold level rewards card provide people with?,????? ??? ???? ??? ?? ????? ???? ????? ?? ??? ???? ???? ????,H
Which is the best programming language to learn for beginners?,???????? ????? ?? ?  ?????? ?? ?  ????? ?????? ????????? ???? ???,H
Do squats work for men?,??? ??????? ????? ?? ??? ??? ???? ????,H
What is the solution for 4*3+2-4/2?,4 * 3 + 2-4 / 2 ?? ?? ??? ???,H
What overall caused WWII to end?,??? ?????? ??? ?? ??? ???? ?? ??? ????? ??? ???? ?? ??? ???,H
What's the coolest demonym?,?? ?? ???? ????? ??? ???,H
How does the Earth's core affect its crust?,???? ?? ?????? ??? ?? ?? ??? ?? ?? ??? ????? ???? ???,H
What's the best way to spend new year's eve in Prague?,???? ??? ??? ??? ?? ??? ?? ?????? ?? ?????? ????? ??? ???,H
How should I prepare for the SNAP 2016?,???? ??? ??? ?? ?? 2016 ?? ??? ?? ??? ????? ???? ??????,H
How is Windows 2000 firewall compared to Avast firewall?,????? ???? ??? ?? ?????? ??? ????? 2000 ???? ??? ???? ???,H
Is it healthy to lose 13 pounds in a month?,??? ??? ??? ??? 13 ????? ????? ?????? ???,H
Why should a man marry ?,???? ??? ???? ?? ???? ???? ??????,H
Is reliance jio offering 1 year of free internet on LYF Smartphones purchase?,??? ??????? ??? ??? ???? ??? ?????? ???? ?? ??????? ?? 1 ??? ??? ??????? ?? ??? ?? ?????? ???,H
What are some problems Indians think India is facing today?,??? ????? ??????????? ?? ???? ?? ?? ????? ?? ?? ????? ?? ??? ????,H
If the pronunciations of the letters V and W are identical in English then why do we include both letters in alphabets?,??? ??? ?? ??? ????? ?? ???? ??????? ??? ????? ??? ?? ??? ?? ??? ??? ??? ????? ??? ?? ???? ???? ???? ????,H
How could I gain weight in a healthy way?,??? ??? ??? ????? ?? ??? ???? ???? ???? ????,H
"What is the next number in the following sequence: 1/2,16,4,15,3,56,_?","?????? ??? ????? ??? ???? ???? ??? ??: 1 / 2?16?4?15?3?56? _?",H
What is the best camera for photography?,???? ????? ?? ??? ?????? ????? ??? ???,H
"Which GPU is better, Nvidia GTX 940MX or Intel Iris 6100?","??? ?? GPU ???? ?? ? Nvidia GTX 940MX ?? ????? ???? 6100?",H
"What is the minimum package offered in IIM-A,B, C,L?","??? ??? ??? ??? ?? ? ?? ? ?? ? ??? ??? ??? ???? ?? ?? ?? ???? ??? ???",H
Has any country other than India ever had Demonetization of their currency notes?,??? ???? ???????? ?? ????? ??? ??? ??? ?? ??? ???? ????? ????? ?? ??????????? ?? ???,H
How many people are going towards using phones to search for local businesses?,???? ??? ????? ??????? ?? ???? ???? ?? ??? ??? ??????? ???? ?? ??? ????? ????,H
What purpose do chiral carbons serve in glucose?,??? ?? ??? ?????? ?????? ?? ??? ???? ????? ??? ???? ??? ??? ?????? ????,H
"In Ancient Rome, slaves were branded. What happened with the brand mark if they were subsequently liberated?","???? ??? ??? ? ?????? ?? ???? ?? ??? ??? ???? ????? ???? ?? ???? ??? ??? ??? ????? ??? ??? ???? ????? ????",H
What is mobile security system?,?????? ???????? ???? ??? ???,H
"If my truck's oil interval is every 7500 miles, do I change it that often or do I still do 3 months if that comes first?","??? ???? ??? ?? ??? ?? ???? ?? 7500 ??? ??? ???? ?? ?? ? ??? ??? ??? ????? ???? ??? ?? ??? ?? ??? 3 ??? ???? ??? ??? ?? ???? ????",H
How can I best invest ‚Çπ5000 over the next 6 months?,???? 6 ?????? ???  ???? ???? ???? ?? ?????? ???? ?? ??? ?????? ????,H
What side dishes would go well with lamb chops?,???? ?? ??? ?? ???? ??? ?? ????? ?? ???? ??? ?? ???? ???,H
How should I celebrate a 2 month anniversary?,???? 2 ??? ?? ?????? ???? ????? ??????,H
Why does she never text me first?,?? ???? ???? ???? ??? ???? ???? ?????,H
Which is better: BITS Goa in chemical or BITS Hyderabad in electrical?,??? ?? ???? ??: ?????? ??? ??? ??? ?? ????????? ??? ??? ?????????,H
"If I told my gf to make my photo as dp,is it wrong?",??? ??? ?? ???? ?? ??? ?? ???? ????? ???? ?? ?? ????? ?? ??? ??? ?? ??? ?? ??? ???,H
What is the solution for the below problem?,??? ??? ?????? ?? ?? ??? ???,H
"In an age where we constantly see the best of other people's work and lives, how do we not feel dissatisfied with our own work and lives?","?? ??? ??? ???? ?? ????? ????? ?? ??? ??? ????? ?? ?????? ??? ?? ?????? ??? ? ?? ???? ??? ??? ????? ?? ?? ??? ??? ??????? ????? ???? ???? ????",H
How much do dental implants cost?,?????? ?? ????????? ?? ???? ???? ???,H
Why hasn't Japan properly atoned for its atrocities in WWII?,????? ?? ????? ????? ??? ??? ??? ???? ????? ?? ??? ????? ????? ?? ????? ???? ???? ????,H
What is the difference between Adderall and Cocaine?,???????? ??? ????? ??? ??? ??? ???,H
What should I do to join an NGO in India?,?????? ??? ??? ?? ??????????? ??????? ????????? ???? ?? ???? ??? ????? ?????? ???? ??? ???? ????,H
Why are there no laws in society to prevent individuals from hoarding wealth?,?????? ??? ???? ?????? ???? ???? ??? ?? ????? ?? ???? ??? ???? ?? ??????,H
Why can't I visit Facebook?,???? ???? ??? ?? ???? ???? ???,H
"What does this phrase mean: ""He was President of that organization until he was dispossessed by the Nazis""?","?? ???? ?? ??? ???? ??: ""?? ?? ????? ?? ??? ??? ?? ?? ?? ?? ?????? ?? ????? ?? ??? ?? ??""?",H
"Is it true that Jesus said that he was ""a son of God"", not ""the son of God""?","??? ?? ?? ?? ?? ???? ?? ??? ??? ?? ?? ""??? ?? ????"" ??? ? ""??? ?? ????"" ?????",H
I have to prepare an assessment of speaking & listening speech. Can I get some ideas on the topic MYSTERY?,???? ????? ???? ??? ???? ?? ?????? ???? ???? ???†??? ??? ????? ?? ????? ?? ??? ?????? ???? ?????? ????,H
"Programmers/developers, what is your home setup like?","????????? / ??????? ? ?? ?? ??? ?? ??? ?? ?? ??? ???",H
Why does Jimmy Wales choose to reside in London instead of the US?,??? ???? ?????? ?? ????? ???? ??? ?? ???? ???? ???? ???? ????,H
What would Michael Jackson think of Donald trump if Michael was alive today?,??? ?????? ?? ???? ???? ?? ?????? ????? ????? ???? ?? ???? ??? ??? ??????,H
What is the most unexpected thing you got to know about your own culture/food/country etc from someone else who does not belong to that culture?,?? ?? ???? ????? / ????? / ?? ????? ?? ????? ???? ???? ??? ??? ??? ??? ?? ????? ??????? ?? ???? ??? ??? ???? ?? ???? ??,H
What is the most accurate wearable item for activity  on the market today (i.e. Jawbone or Fitbit)?,?? ?????? ??? ?????? ?? ??? ?? ?? ????? ???? ???? ????? ???? ???? ??? ?? (???? ???? ?? ??? ?? ?? ??)?,H
Should I become American as German citizen?,??? ???? ???? ???? ???? ?????? ???? ??????,H
Is it good to be in a relationships at the age of17?,??? 17 ??? ?? ??? ??? ?????? ??? ???? ???? ???,H
What is life?,????? ??? ???,H
What is the best way to propose a girl for marriage?,???? ?? ? a ??? ???? ?? ?????? ???? ?? ?????? ????? ??? ???,H
"Does IIFM, Bhopal accept XAT scores? If yes, what is the cutoff for it?","II ?? ??? ??? ??? ??? ? ?????? ???? XAT ????? ???? ??? ??? ??? ??? ? ?? ?? ?? ??? ??? ??? ??? ???",H
Does gravitational force exists in all planets?,??? ???? ?????? ??? ??? ??? ???? ????? ???,H
What are the things that you love the most about your fiance?,?? ???? ?????? ?? ???? ??? ??? ?? ????? ????? ???? ???? ????,H
What are the Seven Wonders of the World?,???? ?? ??? ???? ??? ????,H
"If you have 3 blocks connected through 3 cords, the last being pulled right by a hand, what forces act on each block + how do you find Fnet?","??? ?? ?? ??? 3 ?????? ?? ????? 3 ????? ??? ???? ??? ? ???? ???? ??? ???? ?? ?????? ???? ?? ?? ? ?? ???? ?? ????? ?????? ??? ???? ??? + ?? ?? ??? ???? ???? ???",H
Is gender wage gap a myth and if so how?,??? ???? ???? ?? ??? ??? ?????? ?? ??? ??? ?? ?? ?????,H
What is time according to Vedas?,????? ?? ????? ??? ??? ???,H
How do I cope with the fact that I will never have a girlfriend?,??? ?? ????? ?? ?????? ???? ?????? ??? ?? ???? ???? ??? ????? ???? ?????,H
What are the secrets behind the Gold Rush TV show?,???? ?? ?? ?? ?? ?? ????? ??? ??? ????,H
How do growth and development contrast?,?? ??? ???? ??? ???? ?? ????? ????,H
What are some good power banks to buy in India?,????? ??? ?????? ?? ??? ??? ???? ???? ?????? ??? ????,H
Why is unrefrigerated milk good for you?,?? ?? ???? ???? ???? ???? ???? ???,H
I study telecommunication engineering. What skills do I need to have before completing college?,??? ?????? ???? ??????? ?????????? ?? ????? ??? ???? ???? ???? ?? ???? ????? ???,H
Can I change my branch from ECE to CSE in IPU after 1st year?,??? ??? ???? ????? ?? ?? ?? ?? ?? ?? ??? ?? ??? ??? ?? ?? ??? ????? ?????? ????,H
Is there any children story book shop in Australia?,??? ???????? ??? ???? ?? ????? ?? ???? ???? ???,H
Gandhi and ambedkar as rivals?,?????? ??? ??????? ???? ?? ??? ???,H
What are some tips on making it through the job interview process at Williams?,????? ?? ??? ?? ??????? ?? ??? ?? ??? ?????? ??? ????,H
Should I buy a new laptop?,??? ???? ??? ??? ??? ?????? ??????,H
"Take the minimum lethal volume of a gaz, put it in a container that can be digested by the stomach, and swallow it. What would happen?",???? ?????? ??? ???? ???? ?? ?? ??? ?? ?? ?? ?? ???? ??? ??? ??? ??? ??? ???? ??? ?? ???,H
"What hotel in Diphu Hill-station would be safe for unmarried couples, without the harassment of police, hotel staff, and moral police?","????? ? ???? ?? ???? ??? ?????? ????? ?? ?????? ??? ???? ???? ?? ?????? ?? ??? ?? ???? ??? ???? ??? ????? ?? ??? ????? ?????",H
"My family tickets have changed from RAC to CNF (Confirmed), will all of us have adjacent seats? After preparation of charts?","???? ??????? ??? ?? ?? ?? ?? ??? ?? ?? ??? ??? (????? ???) ?? ??? ??? ? ??? ?? ?? ?? ????? ?????? ???? ??? ???? ?? ????? ?? ????",H
How do I select all the text in a cell in Excel? What is the keyboard shortcut?,??? ????? ??? ??? ??? ????? ???? ??? ?? ???? ????? ????? ?? ???? ???? ?? ??? ???,H
Which state speaks pure Hindi?,??? ?? ????? ???? ???? ????? ???,H
Can Indian government swap some land area with Bangladesh so that the Chicken's neck corridor can be widened to 100+ kilometers?,??? ????????? ????? ????? ??? ?? ???? ??? ????? ?? ????? ?? ???? ?? ???? ??? ?? ???? ?? ??????? ?? 100+ ??? ???? ?? ???? ??? ??????,H
What is the best Android app for advanced English learners to improve their vocabulary and grammar?,???? ???? ?? ??????? ?????? ????? ?? ??? ?? ?? ????? ????? ??? ?????? ?? ???? ????? ?? ??? ??? ?? ???????? ??? ???,H
Is Ashwatthama of Mahabharat still alive?,??? ???????? ?? ??????? ???? ??? ???? ???,H
What is 4g LTE?,4 ?? ??? ?? ?? ??? ???,H
Why do I hesitate to start talking?,??? ??? ???? ????? ?? ???? ?? ??? ???,H
What is the best way to get rid of pubic hair?,???? ??? ?? ??????? ???? ???? ?? ??? ????? ?? ????,H
What are some cultural faux pas among programmers?,????????? ?? ????? ??? ?????? ??? ????? ??? ????,H
Why Swami Vivekananda was brahmachari?,????? ????????? ???? ???????? ????,H
What does a black hole look like?,???? ??? ???? ???? ???,H
What causes the burning sensation in a urinary tract infection?,????? ?? ???? ?? ??????? ??? ??? ?? ??? ?? ??? ??? ???,H
What makes some students unable to fit in at Dartmouth?,??? ???? ????? ?? ??????? ??? ?? ???? ?? ???? ???? ???? ????? ???,H
"If a college, that I have applied to, isn't sending promotional emails or isn't being in contact, does this mean a likely rejection from that college?","??? ???? ???? ? ?? ?? ??? ?? ??????? ?? ?? ? ???????? ?? ???? ???? ???? ??? ?? ?? ????? ??? ???? ?? ? ?? ??? ?? ?? ???? ?? ???? ?? ????? ??? ?? ????? ?????? ???",H
What is best for ASO app promotion?,???? ??? ??? ??? ?? ???? ???? ?? ? ??? ??? ???? ???,H
What are the best goals scored in soccer?,?? ??? ??? ??? ????? ???? ?????? ??? ??? ????,H
Will Zakir Naik return to home to attend his father's funeral?,??? ???? ???? ???? ???? ?? ???? ?????? ??? ???? ?? ??? ??? ???? ???? ???,H
Why do some children kill their parents?,??? ??? ???? ?????? ?? ???? ????? ????,H
Will a world war ever happen again?,??? ??? ??? ??? ????? ??? ?????,H
How many photos a day does an average person take with their phone.?,??? ?? ??? ??? ??? ???? ?????? ???? ??? ?? ???? ???? ???,H
Is there a child like trait always alive somewhere inside?,????? ????? ???? ???? ???? ???? ??? ??? ???,H
Has Lotus actually sold any cars in the US over the last 10 year?,??? ???? ?? ????? 10 ????? ??? ????? ?????? ??? ???? ??? ????? ?? ???,H
Is cloud computing based on client-server paradigm?,??? ????? ???????? ?????? ???? ???? ?? ????? ???,H
Why shouldn't I buy an iPhone?,???? ??? ??? ???? ???? ?????? ??????,H
"What are the best and worst things about public transit in Shangqiu, Henan, China? How could it be improved?",??? ?? ??? ?????? ??? ????? ??? ? ??? ?? ???? ??? ????? ?????? ??? ?????? ????? ????†?? ??? ????? ???? ????? ???,H
What is the difference between a USB 2.0 and a USB 3.0? Will USB 2.0 ports support USB 3.0 portable drives or pen drives?,USB 2.0 ??? USB 3.0 ??? ??? ??? ???†??? USB 2.0 ????????? USB 3.0 ??????? ??????? ?? ??? ??????? ?? ????? ?????? ????,H
Should we report Quorans who spout crackpot Physics ?,??? ???? ????? ?? ????? ???? ????? ?? ?????? ??? ???? ?? ??? ???? ????,H
I got a 7.6 CGPA in class 9. Can I get a 10 CGPA in class 10?,???? 9 ??? ???? 7.6 ?? ?? ?? ?? ???? ??? ??? ???? 10 ??? 10 ?? ?? ?? ?? ???? ?????? ????,H
Are Instagram usernames transferable?,??? ????????? ?? ???? ??? ??????? ????,H
What does it mean when a girl smiles at you every time she sees you?,?? ?? ??? ???? ?? ?? ??? ???? ?? ??? ?? ?? ?????? ?? ?? ?? ?? ???? ?? ??????? ???,H
"How is imagery used in ""The Raven"" by Edgar Allan Poe?","????? ???? ?? ?? ????? ""?? ?????"" ??? ???? ??? ?? ?? ??? ??????? ??? ???? ???",H
How do I become happier in my job?,??? ???? ?????? ??? ?? ??? ????? ??? ????,H
What is the best George Carlin quote?,?? ?? ??? ???? ????? ?????? ??? ???,H
What do the different colors of hearts in emojis mean? Which one would you use to tell someone you like them a lot?,??????? ??? ???? ?? ????? ????? ?? ??? ???? ???†?? ??? ?? ??????? ???? ???? ??? ?? ????? ?? ?? ?? ?? ?? ??? ???? ???? ????,H
How do you get a debit card?,?? ?? ???? ???? ???? ??? ???,H
How could I get rich?,??? ???? ???? ??? ?? ???? ????,H
Why does Hillary Clinton say that Russia is the U.S.'s adversary? Has Russia been aggressive to the U.S. or any of its NATO allies?,????? ????? ???? ???? ?? ?? ??? ?????? ?? ????? ???†??? ??? ?????? ?? ?? ?? ???? ???????? ??? ?? ??? ?? ???? ?? ??? ???,H
Nisargopchar kendra at uruli kanchan? Has anyone done it?,urulla kanchan ??? ????????? ??????†??? ??? ?? ??? ???,H
Is A Song of Ice and Fire as popular as the Harry Potter series? Why or why not?,??? ??? ???? ???? ?? ??? ???? ???? ???? ????? ?? ??? ????? ???†???? ?? ???? ?????,H
How do I correct the police station name in passport application after the PSK appointment is already over and all documents have been submitted?,?? ??? ?? ?? ????? ??? ???? ?? ??? ??? ???? ????????? ??? ????? ?? ??? ??? ??????? ?? ??????? ??? ????? ?????? ?? ??? ???? ???? ?????,H
Who would win: Percy Jackson vs Magnus Chase?,??? ??? ??: ???? ????? ??????? ????? ????,H
Can humanity survive without religion?,??? ??????? ???? ?? ???? ???? ?? ???? ???,H
What is the best gamer lifehack?,?????? ???? ???? ??? ??? ???,H
What is performance testing?,???????? ?? ???? ??? ???,H
Is the word food singular or plural?,"??? ??? ? ""??????"" ? ???? ?? ??? ???",H
Why do we get sea breezes in summer but rarely in winter?,?? ???? ???? ??? ???? ??? ? ???? ?? ?????? ?????? ???? ???? ???? ????,H
How can I download Pok√©mon GO on my iPhone 5s in India?,??? ???????? ??? ???? ??? ??? 5 ??? ?? ??????? ?? ?? ?? ?? ??? ???? ??? ?????? ????,H
Which city in Argentina has the best weather?,???????? ??? ??? ?? ??? ?????? ???? ???,H
What are some Open Source E-commerce solutions?,???? ???? ?? ????? ?? ??? ?? ??? ????,H
What are examples of communist nations?,??????? ????? ?? ??? ?????? ????,H
How do I start learning or strengthen my knowledge of data structures and algorithms?,??? ???? ????? ? ???? ?? ?????? ??? ???????? ?? ???? ??? ????? ?? ?? ??? ?????? ???? ???? ?? ????? ??????,H
How do I delete my Instagram history?,??? ?? ???? ????????? ????? ???? ??? ?????,H
Which is the best way to earn lakhs of rupees from referral s? Is there any programme?,????? ??? ?? ?????? ???? ????? ?? ?????? ????? ??? ?? ???†??? ???? ??????? ???,H
"How do you use the word ""bravado"" in a sentence?","?? ??? ???? ??? ""?????"" ?? ??? ?? ??? ??????? ???? ????",H
Can I use 220V 50 hz CFL with 110V 60 Hz?,V2010 ? 60 ??? ?? ???? 220V 50 ???  ??????? ???? ????,H
Why does Christmas music make me feel sad?,????? ????? ???? ????? ???? ???? ???,H
"Why is it that according to Islam, women are forbidden to offer Namaz/Salath at a Masjid/Mosque?",?? ???? ?? ?? ????? ?? ????? ?????? ?? ??? ???? / ???? ??? ???? / ????? ??? ???? ?? ??? ??? ??? ???,H
Emoticons: What does ‚Äú:/‚Äù mean?,???????:  ?? ??? ???? ???,H
What are some good substitutes for butter beans?,???? ?????? ?? ??? ??? ???? ?????? ??? ????,H
Are there any sites or companies that do property analytics? Why don't the large property portals like Rightmove and Zoopla do this more?,??? ???? ???? ?????? ?? ??????? ??? ?? ??????? ?????? ???? ????†??????? ??? ????? ???? ??? ??????? ?????? ?? ??? ???? ???? ???? ????,H
How do I go in research after completing b.pharmacy?,??? ?.??????? ???? ???? ?? ??? ????? ??? ???? ?????,H
What will be my rank in NEET 2016 if my marks is 391?,??? ???? ???? 391 ??? ?? ??? ?? ?? ?? 2016 ??? ???? ??? ???? ?????,H
Can I get my Sprint phone to work for Metro PCS?,??? ??? ???? ?????? ??? ????? ?? ?? ??? ?? ??? ??? ?????? ????,H
Is pan fried food unhealthy?,??? ??? ??? ???? ????? ??? ??? ??? ???,H
How many wind turbines would you need to power a factory?,?????? ?? ???? ?? ????? ?? ??? ?? ?? ??? ?????? ?? ???? ????? ?????,H
What is your favourite Stan Lee cameo in a Marvel film?,????? ??? ??? ?? ?? ??????? ????? ?? ????? ??? ???,H
What is meant by a parallel circuit? What are some examples?,?????? ???? ?? ??? ???? ???†??? ?????? ??? ????,H
What are some things men don't tell women?,??? ???? ??? ?? ????? ??? ?? ??? ?????? ?? ???? ????? ????,H
What is the best spot for a vacation in the world?,???? ??? ?????? ?? ?? ?????? ??? ??? ???,H
What are some puzzles similar to Sudoku?,?????? ?? ??? ??? ??????? ??? ????,H
How did soybeans become a cash crop in Louisiana? What is the economic impact of this industry in Louisiana?,??????? ??? ???? ??? ??? ???? ????†??????? ??? ?? ???? ?? ????? ??? ??? ???,H
ÿ≤ÿ® app: Can I install a Nomao naked camera for an Android?,"ÿ≤ÿ® ???: ??? ??? ??? ??? ? ?????? ???????? ?? ??? ???? ????? ????? ?????? ?????? ????",H
Is it OK for a husband and wife to masturbate together? Is it considered cheating if your partner is masturbating without your consent?,??? ???? ??? ???? ?? ??? ?? ?? ??? ??? ???? ???? ??? ??? ?? ?? ????? ?? ?? ??????? ?? ???? ??? ??? ????? ?? ?? ??? ?? ????? ??? ????? ???? ???,H
How did Native South Americans get protein?,????? ????? ???????? ?? ?????? ???? ???? ????,H
What are the landforms of the Canadian Shield?,??????? ???? ?? ????????? ??? ????,H
How do you turn Google Voice off?,?? ??? ?? ???? ???? ?? ?? ???? ????,H
What makes a guy horny?,??? ???? ??? ???? ?? ??? ???,H
Zoho: How is Zoho so successful with average UI?,???: ?? ??? ???? ???? ?? ?? ???? ?? ??? ????,H
What is your review of Friend (2001 movie)?,???? (2001 ?? ????) ?? ???? ??? ?? ?? ??? ????? ???,H
Where can I get the list of 100 Rs or less trading stocks in NSE and BSE?,??? ??? ??? ?? ??? ?? ??? ?? ??? 100 ???? ?? ?? ?? ?? ?????? ????? ?? ????? ???? ?? ???? ?????? ????,H
What are some cute ways to cut up a skirt?,????? ????? ?? ??? ??????? ????? ??? ????,H
How do you get put on house arrest?,?? ?? ??? ?? ?????? ???? ?? ????? ???? ???,H
What is the importance of respect in a relationship?,???? ??? ?????? ?? ??? ????? ???,H
What should I do after shaving my head?,?? ?????? ?? ??? ???? ??? ???? ??????,H
Justice: What are the arguments in favor of capital punishment (death penalty)?,????: ????? ??? (????? ???) ?? ?? ??? ????? ??? ????,H
Why there is very less science in Ayurveda?,??????? ??? ????? ???? ??? ?? ???,H
How was Michael Jackson as a person?,???? ??? ?????? ????? ???? ????,H
How do I renounce my US citizenship?,??? ??? ???? ?????? ????? ??? ?? ???? ????,H
What is the best facial mask for acne scars?,?????? ?? ????? ?? ? fac ???? ?? ?????? ???? ??? ???,H
Is Quora a better realization of Google's vision to organize the world's information?,??? ???? ?? ??????? ?? ???? ???? ?? ??? ????? ???? ?? ??? ?? ???? ????? ???,H
What are the best football stadiums in the world and why?,???? ?? ?????? ?? ??? ??????? ??? ?? ??? ??? ?????,H
Why do people from some East Asian countries eat dogs?,????? ??????? ????? ?? ??? ??? ??? ???? ????? ????,H
How deep was the bunker of Hitler located?,???? ?? ???? ???? ???? ????,H
Which is better for UG : IISc or IISER?,???? ????? ??? ????? ?? ?????????? ???? ????,H
What are the best headphones under $100?,$ 100 ?? ??? ?????? ??? ??? ??? ????,H
"My best friend rejected me saying she wanted to finish college first. Few months later, she started dating someone in my batch. Why do I feel bad?","???? ?? ?? ???? ???? ?? ???? ?? ???? ???? ????? ????? ?? ?? ???? ???? ??? ???? ????? ???†??? ?????? ??? ? ?? ?? ???? ??? ??? ??? ?? ????? ???? ?????†???? ??? ???? ???? ???",H
What is the difference between a full-time course and a regular course?,??? ?? ???? ???? ??? ??? ??????? ???? ??? ??? ??? ???,H
Why do you want to lose weight?,?? ???? ??? ???? ?? ???? ????? ????,H
What are the trics to run big size games by SD card?,????? ???? ?? ????? ??? ???? ?? ???? ?? ????? ?? ??? ??? ???? ????,H
What's one thing you wish your boss knew but doesn't?,??? ???? ??? ??? ?? ?? ?? ?? ????? ???? ??? ?? ?? ?? ??? ????? ???? ?????,H
Why do so many airlines offer online excess baggage at 80% discount when they could collect 100% fee at the airport?,?? ???????? ?? 100? ??? ??? ?????? ?? ?? ??? ???? ???? ????? 80 80 ??????? ?? ?? ???? ????? ????? ???? ??? ???? ????,H
How magnets are made?,?????? ??? ?? ??? ????,H
How would mathematics change had 2 plus 2 been equal to 5?,????? ?? ?????? 2 ??? 2 ?? 5 ?? ????? ???? ?????,H
What does bone marrow taste like?,??? ???? ?? ????? ?? ??? ?? ???,H
How can I become fluent in English?,??? ??????? ??? ????? ???? ?????? ????,H
"Is it possible to go from having a low IQ to having a high IQ, if so how?","??? ?? ??? ??? ????? ?? ?? ?? ???? ??? ??? ????? ?? ??? ???? ???? ?? ? ??? ???? ?? ?? ?????",H
Do governments prefer to use direct or indirect taxes? Why?,??? ??????? ???? ???? ?? ???????? ???? ??????? ???? ?? ????? ???? ????†?????,H
Can I mine Bitcoin?,??? ??? ??? ????? ?? ??? ?? ???? ????,H
What was the final confrontation between Inuyasha and Sechomaru?,?????? ??? ????????? ?? ????? ???? ????? ??? ????,H
Justin Bieber (musician): Justinbieber what are you doing now,???? ???? (???????): ???? ???? ?? ?? ??? ?? ??? ????,H
When will the Pok√©mon series end?,??????? ????? ?? ??? ?????,H
Some people say that Islam is the most difficult religion to follow. How come Islam is the 2nd largest religion in the world?,??? ??? ???? ??? ?? ????? ?? ?? ???? ???? ?? ?? ?? ????? ???? ???†????? ???? ?? ????? ?? ?? ??? ???? ???? ???,H
My girlfriend said that we should end this because she is confused about her feelings for me. I wished her well and disconnected. Should I call her and ask her if she wants to get back together?,???? ??? ????? ?? ??? ?? ???? ?? ?? ??? ???? ????? ?????? ?? ??? ?? ???? ????? ?? ???? ??? ????? ??? ??? ??? ?? ?? ?? ????? ?? ????? ????? ?????? ??? ??? ??? ??? ?? ?? ?? ?? ?????? ?? ??? ?? ???? ???? ????? ???,H
"If there is only one God, then why do we praise different gods?",??? ??? ??? ?? ??? ?? ?? ??? ?? ???? ????? ????? ?? ????? ???? ????,H
What are some mind-blowing facts about food?,????? ?? ???? ??? ??? ?? ????? ???? ??? ????? ??? ????,H
What are the best places to visit in Japan to get a feel for their latest technological advancements?,???? ???? ???? ?????? ???? ?? ???? ??? ????? ????? ?? ??? ????? ??? ?????? ?? ??? ??? ?? ?????? ?????? ????,H
Which are the major highways in California and how are they compared to the major highways in Tennessee?,?????????? ?? ??? ???????? ??? ?? ??? ??? ?? ?? ?????? ?????? ?? ??? ???????? ?? ??? ???,H
What are some major social faux pas to avoid when visiting Georgia?,?????? ?? ???? ?? ???? ?? ???? ?? ??? ???? ??? ??? ??????? ??? ????? ??? ????,H
What are the best ways for BOYS to get wider hips? Or a bigger rear?,??? ???? ?????? ???? ???? ?? ??? ????? ?? ??? ?????? ????? ??? ???? ?? ??? ??? ????? ?,H
How do I buy a car in California that has an expired registration?,??? ?????????? ??? ???? ??? ???? ?????? ?? ?? ???????? ??? ???????,H
How many keywords are there in CRYPTOL Programming Language in the latest version?,???? ???? ???? ??? ???????? ????????? ???? ??? ???? ?????? ????? ??? ?,H
How can I secure TP-LINK router's password so no one can hack the router or password?,??? ?? ?? ??? ???? ?? ??? ??? ???? ????? ?????? ??? ???? ???? ??? ???? ?? ??? ??? ?? ??? ?? ??????,H
What is the importance of MBA in India in today's world?,???? ?? ???????? ??? ??? ?? ?? ????? ??? ???,H
How do I lose weight and gain muscle?,??? ???? ??? ?? ???? ??? ????? ??? ???? ????? ?????? ????,H
"How do the roles of the CIA, the NSC, and other related organizations differ from each other, and relate to each other, now and in the past?","?? ??? ?? ? ??? ??? ?? ? ??? ???? ?????? ??????? ?? ????? ??? ????? ?? ?? ??? ????? ??? ? ??? ?? ??? ???? ??? ? ??? ????? ?? ???? ????? ????",H
Have you ever woken up in a prison cell after a blackout?,??? ?? ???? ??? ???? ???? ?? ??? ??? ??? ?? ???? ??? ??? ??? ????,H
How to pass CA IPCC?,?? ?? ??? ?? ?? ?? ?? ???? ??? ??? ?????,H
"If a woman exceeds her husband in wages, how will he be treated?","??? ???? ???? ???? ??? ???? ???? ?? ????? ???? ?? ?? ? ?? ?? ???? ???? ???? ??? ???? ???",H
How important is it to be the first person to wish someone a happy birthday?,??? ?? ?????? ?? ???????? ???? ???? ???? ??? ???? ???? ????? ???,H
What is a seven-day week based on?,??? ?? ?? ???? ??? ???,H
How many xtra years is it if Noah lived 940 years then yrs were 380 days compared to now 365 days?,??? ??? 940 ??? ???? ??? ?? ?? 365 ?? ?? ?????? ??? 380 ?? ????,H
"If I have a foreign company and I want to setup a subsidiary in the US, can I register the company under my daughter‚Äôs name who has a valid SSN?",??? ???? ??? ???? ??? ???? ????? ?? ??? ??? ?????? ??? ??? ???? ????? ???? ???? ????? ??? ?? ??? ??? ???? ???? ?? ??? ?? ????? ?? ????? ???? ???? ??? ?? ?? ??? ??? ??? ??? ?? ????? ???,H
Where does the bible say that God is male?,????? ???? ???? ?? ?? ??? ??? ???,H
Is being friendly a competitive advantage for entrepreneurs?,??? ???????? ????? ?? ??? ??????? ???? ?? ??????? ????? ???,H
Why do I feel like I'm excited about something when I have nothing to be excited about?,???? ???? ???? ???? ?? ?? ??? ??? ??? ?? ????? ??? ?? ???? ??? ??? ???? ???? ?? ??? ??? ??? ???? ???,H
How can I manage the type of posts I see in my Quora feed?,??? ?? ??? ???? ????? ?? ??? ?? ???? ???? ??? ?? ??? ???? ????? ??? ??? ???? ??? ????,H
How could I get Skype to work on an android 4.1.1 phone?,??? ?????? ?? ??? ????????? ???.???.??? ??? ?? ??? ???? ?? ?? ???? ???? ?????? ????,H
How do you make your lips bigger naturally?,?? ????? ??? ?? ???? ?????? ?? ???? ??? ???? ????,H
What is Hillary Clinton's stance on nuclear energy?,????? ???? ?? ????? ????? ????? ?? ??? ???? ???,H
"What can an average student should do after passing 12th from commerce stream? BBA or CA? If he wants to do CA but he is an average student, should he go with CA?",????? ?? ????? ??? ??????? ????? ??? ???? ?? ??? ???? ???? ??? ??? ?????? ???†?? ?? ?? ?? ?? ???†??? ?? CA ???? ????? ?? ???? ?? ???? ???? ??? ?? ?? ??? ??? ?? ? ?? ???? ???? ??????,H
How do Commune and community differ?,????? ??? ????? ???? ????? ???,H
"Does the ""sauna slim belt"" and similar products actually work? Why?","??? ""???? ??? ????"" ??? ??? ??? ?? ??????? ??? ???? ????†?????",H
Can a human win in chess against a computer?,??? ????? ??? ??????? ?? ???? ????? ??? ??? ???? ???,H
Can someone steal or make an exact duplicate of someone's private FB page?,??? ??? ?? ???? ?????? ?? ?? ??? ?? ??? ??? ?? ?? ????? ?? ???? ??? ??????? ????? ??? ???,H
"On an android smartphone in ""App Info"", there's a button called ""clear cache"". What happens when you clear cache?","""??? ?????????"" ??? ??? ????????? ?????? ??? ?? ? ???? ??? ??? ?? ?? ?? ""??? ???"" ??? ???? ???†?? ?? ???? ??? ???? ??? ?? ??? ???? ???",H
"In the event of a second civil war, what would be the cause and what countries would become of the United States (Ex: Texas Republic)?","????? ???? ???? ?? ???? ??? ? ?? ?? ??? ??? ???? ??? ??? ?? ????? ????????? ????? ?? ?? ????? ?? (????: ?????? ???????)?",H
"A bag contains 5 white and 3 black balls, and two balls are drawn at random. What is the probability that both are of the same color?","??? ??? ??? 5 ???? ??? 3 ???? ?????? ???? ??? ? ??? ?? ?????? ?? ????? ?? ?????? ???? ????†??? ????? ?? ?? ????? ??? ?? ??? ?? ????",H
What motivates people to work out?,????? ?? ?? ??? ??? ???? ?? ????? ???? ???,H
Why would my ex follow me on IG when we haven't spoken much since we broke up in 2012?,???? ????? ????? ?? ?? ???? ??? ?? ??? ???? ?? ?? ?? 2012 ??? ??? ???? ?? ??? ????? ??? ???? ?? ??? ????,H
How do you teach your child about empathy?,?? ?????? ?? ???? ??? ?? ?? ??? ?? ??? ?????? ????,H
How legit is freeadvice.com?,?? ??? ?? freeadvice.com ???,H
Is Lalit Modi the biggest culprit of the BCCI or is he a victim of the internal power game within the BCCI?,??? ???? ?? ?? ?? ??? ?? ?? ?? ??? ???? ?? ?? ?? ?? ?? ?? ?? ??? ?? ???? ???? ??????? ???? ???? ?? ???? ???,H
Geology: How long will it take the core of the earth to cool down?,??????: ???? ?? ??? ??? ??? ????? ???? ??? ???? ??? ??? ???,H
How can long distance relationships be successful?,???? ???? ?? ?????? ???? ?????? ?????? ????,H
What was your biggest culture shock coming to Malaysia from India?,???????? ?? ???????? ??? ???? ?? ?? ?? ?? ??? ????? ????? ??? ????,H
How does CPA marketing work and how can I start making money with it?,?? ?? ?? ???????? ???? ??? ???? ?? ??? ??? ?? ?? ???? ????? ???? ???? ?????? ????,H
Who are some of the most beautiful women in the world?,???? ?? ??????? ?????? ??? ????,H
Which is the best i5 6th gen or 7th gen?,??? ?? I5 ??? ??? ?? ?????? ?????? ???,H
How do I apply for job in a car company?,??? ??? ????? ??? ?????? ?? ??? ?? ??? ??????? ????,H
Why is Quora more used in India than US?,???? ?????? ?? ????? ?? ????? ?????? ??? ????? ?? ??????? ??? ???,H
State the periodic law and explain how it was arrived at. In what various ways does it help the chemists?,?????? ????? ???? ???? ??? ?????? ?? ?? ?? ??? ????? ???†?? ????? ????? ?? ??? ?? ????? ?????? ?? ??? ???? ???,H
"What's the title of the slow song that goes like: ""it goes abc like 123‚Ä¶""?","?? ??? ???? ?? ????? ??? ?? ?? ?? ??? ???? ??: ""?? 123‚ Ä ¶ ?? ??? abc ???? ???""",H
"A photon leaves the sun, hits a leaf, hits my retina. Is the photon that hit my retina exactly the same photon from the Sun?","??? ?????? ???? ???? ???? ?? ? ??? ??? ?? ???? ???? ?? ? ???? ????? ?? ???? ???? ???†??? ???? ????? ?? ??? ???? ?????? ???? ?? ???? ?? ?????? ???",H
Why is breaking/shattering glass so loud?,???? ??? ?? ???? ?? ????? / ?????? ???? ???,H
"Mobile number portability finally will start on May 3rd, including changing circles. Have network providers really agreed to this?","?????? ???? ?? ????????? ?????? 3 ??? ?? ???? ???? ? ????? ???? ???? ??? ??? ??? ????? ???? ???? ??????  ?? ?? ????? ???? ????",H
Which is the best OS for a mobile ? iOS or Android or Windows and why?,?????? ?? ??? ?????? ?? ??? ????? ???†??? ?? ??? ?? ??????? ?? ????? ??? ?????,H
How can I entirely turn off syntax highlighting in Sublime Text for Golang?,??? ?????? ?? ??? ????? ????? ??? ?????? ??? ?? ???? ??? ?? ???? ??? ?????? ????,H
Is it easier to renew an Indian passport in India versus in the US?,?? ????? ??? ??? ????????? ??????? ?? ????? ???? ?? ???? ?????? ??? ??????? ???,H
"How would you answer this question in a job interview: ""Tell me about any situation in your life where you find it difficult to have a solution of any problem but finally you got it?""","?????? ?? ??????? ??? ?? ?? ???? ?? ???? ???? ??? ??: ""???? ????? ?? ???? ??????? ?? ???? ??? ???? ?????? ???? ?? ?? ??? ??? ????? ?? ?? ???? ???? ???? ?? ???? ??? ??? ?? ?? ?? ????""",H
"I want to become a pilot. For someone with no background, where is the first place to begin courses, and what sources should I be reading every day?","??? ????? ???? ????? ???†??? ?????? ???? ??? ?? ??? ? ???? ???? ???? ?? ??? ???? ??? ???? ?? ? ??? ???? ?????? ??? ?? ????? ????? ??????",H
What are the qualitative methods involved in user research?,???? ?? ????? ??? ??? ?? ?????? ??? ????? ???? ????,H
What is unusual or different about the food and cuisine in Russia?,??? ??? ????? ??? ????? ?? ???? ??? ??? ??? ?????? ?? ????? ???,H
How does a person's genotype turn into their phenotype?,??? ??? ?? ??? ???? ?? ?? ??? ???? ??? ???? ??? ???? ???,H
What were the results of the first Thiel Fellowship Class?,???? ???? ?????? ???? ?? ????? ??? ????,H
What is the effect of location on wind speed?,??? ?? ????? ?? ???? ?? ??? ??? ???,H
What does design mean to you?,?? ?? ??? ?????? ?? ??? ???? ???,H
What is direct cell division?,???? ???? ??? ????? ??? ???,H
What are some things new employees should know going into their first day at Boston Scientific?,????? ?????? ??? ??? ??????? ?? ???? ???? ?? ??? ???? ???? ??? ????? ??? ?? ????,H
What is the best way to impress a girl?,??? ???? ?? ????? ???? ?? ?????? ????? ??? ???,H
What do I need if I want to succeed in business?,??? ??? ??????? ??? ?????? ???? ????? ??? ?? ???? ??? ????? ???,H
How do you know if someone blocked you at imo?,?? ?? ???? ??? ??? ?? ?? ??? ??? ?? ?? ?? ??? ??? ?? ??? ????? ??????,H
What is sap bi?,??? ?? ?? ??? ???,H
What is compound of scabicides?,??????????? ?? ???? ??? ???,H
"Which is easier, web designing or development?","??? ?? ???? ?? ? ??? ???????? ?? ?????",H
Is this really immoral and unethical and should I be ashamed of it?,??? ?? ????? ??? ?????? ??? ??? ?????? ?? ??? ??? ???? ?? ?? ??? ??? ??????,H
Why does body temperature rise during fever?,??? ?? ???? ????? ???? ?? ????? ???? ??? ???? ???? ???,H
What are the best professions for attaining wealth and a great physique?,???? ??? ??? ???? ??? ?? ???? ?? ??? ??? ?? ?????? ???? ????,H
I want to go to a technical college but I don't know what I want to study. What do I do?,??? ?? ??? ??????? ???? ??? ???? ????? ??? ???? ??? ?????? ???? ?? ??? ??? ????? ??? ???? ?????. ??? ??? ?????,H
How much and with what should I feed my 3 months old raven?,???? ???? 3 ??? ?? ????? ?? ???? ??? ?? ?? ???? ????? ?????? ??????,H
What are the best ways to find native English speakers interested in communicating with students to improve their English as a foreign language?,????? ??????? ????? ????? ?? ??????? ?? ??? ???? ???? ?? ????? ?? ???? ????? ?? ? ????? ????? ?? ??? ??? ???? ??? ?????? ???? ?? ?????? ????? ??? ????,H
Were there any major snubs with the 2016 Golden Globe Nominations?,??? 2016 ?? ????? ???? ????????? ??? ???? ??? ??? ???,H
What universities does Pioneer Natural Resources recruit new grads from? What majors are they looking for?,?????? ????? ??????? ??? ?? ??????????? ?? ??? ???? ????? ???? ????†?? ?? ??? ????? ?? ???? ??? ????,H
Is President-elect Donald Trump President Putin's Trojan Horse?,??? ??? ????? ????? ???? ??? ???? ?? ????? ???? ???,H
How can I conduct research on a specific topic online? How can I manipulate the web to get the results I am specifically looking for?,??? ??? ??? ????? ?? ?? ???? ????? ???? ?????? ????†??? ??? ??? ?? ?? ????? ?? ???? ?? ??? ??? ?? ?? ???? ???? ?? ? I ??? ??? ?? ???? ??? ???? ?????? ????,H
How did Don't Breathe (2016 movie) get greenlit? What's the backstory of how the movie got made?,???? (2016 ?? ???) ?? ???? ?? ???? ????†??? ?? ??? ??? ?? ?? ??? ????? ??? ???,H
Was tamil movie director k.balachander overrated?,??? ????? ???? ???????? ?? ??????? ?? ??? ????? ????,H
Can I learn data structures from CLRS as it is a book on algorithms?,??? ??? ?? ??? ?? ??? ?? ???? ?????? ???? ???? ??? ???? ?? ?? ???????? ?? ??? ???? ???,H
What can I do with a sociology degree?,??? ?? ??? ????????? ???? ?? ???? ??? ?? ???? ????,H
"My brother is a job holder in Detroit, he didnt got h1b visa, what's the solution for him to continue the job other than rejoining in a new college for a student visa?","???? ????? ??????? ??? ????? ?? ???? ?? ? ??? H1b ???? ???? ??? ? ?? ?? ??? ???? ??? ???? ?? ??? ??? ???? ??? ?????? ???? ???? ?? ????? ?????? ???? ????? ?? ????? ??? ?? ???",H
How can a black hole emit sound?,???? ??? ???? ????? ?????? ???,H
What are the best ways to get internships?,??????? ???? ???? ?? ?????? ????? ??? ????,H
I'm gay and I think one of my closest friends may be bi-curious. I'm interested in a relationship with him as I have massive feelings for him. He knows I'm gay. Should I ask him about the whole bi-curious thing and see if he is interested in having a same-sex relationship?,??? ?? ??? ???? ??? ??? ???? ???? ?? ?? ???? ??? ????? ???? ?? ???? ?????? ???†??? ?? ?? ???? ?????? ??? ?????? ???? ??? ?????? ???? ?? ?? ??? ??? ?????? ?? ??????? ????†?? ????? ?? ?? ??? ?? ??? ???? ????†??? ??? ?? ?? ???? ?????? ????? ?? ???? ??? ?????? ??? ?????? ?? ??? ?? ?? ??? ?????? ??? ?????? ????? ???,H
Which is the best online grocery shopping website in Delhi?,???? ??? ?? ???? ?????? ?? ?????? ??????? ?? ??? ???? ??? ?? ???,H
What should I do to stand out when starting a YouTube channel?,YouTube ???? ???? ???? ??? ???? ??? ???? ??????,H
How do I improve self confidence?,??? ??? ?????? ?? ?? ??? ???? ??????,H
Knowledge of a embedded c kernel developer?,??????? ?? ???? ?????? ?? ????,H
What are the meanings of Hindi and Urdu words Anumati and Ijazat respectively?,???????? ???? ??? ???? ????? ?????? ??? ????? ?? ??? ???? ????,H
Where can I get a Sailor Moon DVD box set?,??? ???? ??? ?? ?? ?? ???? ??? ???? ?? ???? ?????? ????,H
What do you think about Minimalism?,?? ??????? ?? ???? ??? ??? ????? ????,H
My sister told my crush that I like her without me asking her to do so. What should I do now?,???? ??? ?? ???? ????? ?? ???? ??? ????? ?? ??? ?? ?? ???? ???? ???? ?? ??? ??? ???? ???? ???? ?? ???? ??? ???? ??????,H
Is Bernie Sanders the presidential candidate most aligned with Noam Chomsky's views?,??? ???? ?????? ?????? ??????? ?? ?? ????? ??? ?????? ?? ?????? ?? ?? ???? ????,H
What are the latest technologies in the computer field?,??????? ???? ??? ???? ???? ?????????? ??? ????,H
"Jobs and Careers: If a cab driver makes more money than an IT professional, why should I study?",?????? ? ????: ??? ????? ??????? ?? ?? ?? ?????? ??? ????? ?? ????? ???? ????? ???,H
Why do I need LIC policy?,???? ??? ??? ?? ?????? ?? ??? ????? ???,H
What do you have to do to become an airline pilot?,???? ???? ????? ???? ?? ???  ?? ?? ??? ???? ??? ???,H
What can I do to avoid being jealous of someone?,??? ?? ??? ???? ?? ???? ?? ??? ??? ??? ?????? ????,H
What is the difference between the words burglary and robbery?,???? ??? ????? ?? ????? ??? ??? ??? ???,H
"Got a bad dream and woke up at 12am mid-night, What does that mean? As I felt so real and got full sweat and shivering?","??? ??? ???? ????? ??? ??? 12 ??? ???? ??? ??? ??? ??? ? ?? ?? ??? ???? ???†?? ??? ?? ??? ???? ????? ??? ??? ???? ????? ??? ???? ????? ???",H
How do I read the newspaper effectively?,??? ???? ????? ?? ????? ???? ??? ???? ????,H
Admission to INSEAD?,??? ????? ?? ??? ????? ???? 500 ??????? ??????? ?????? ?? ???? ????,H
What is the procedure to open blocked account in kotakmahindra bank?,??????????? ???? ??? ???? ??? ?????? ?????? ?? ????? ??? ??? ???,H
What is a bearing?,??? ??? ???,H
Why can't steel and aluminum be welded together?,???? ????? ??? ????????? ?? ??? ???? ???? ?????? ??? ?????? ???,H
"Which is better, Google or Yahoo maps?",???? ?? ???? ???? ??? ?? ???? ???,H
I got 93%in 10th and 71%in 11th commerce. Is there any chance of getting in IIM-A after 3 years? How much should I get in 12th for that?,???? ????? ??? 93? ??? 11 ??? ????? ??? 71? ????†??? 3 ??? ?? ??? ??? ??? ??? ?? ??? ????? ?? ???? ????? ???†?? ?? ??? ???? 12 ??? ??? ???? ???? ???? ??????,H
What is the best place in India to visit?,?????? ?? ??? ???????? ??? ?? ?? ???? ??? ??? ???,H
What is the oldest book for sale on Amazon?,??????? ?? ????? ?? ??? ?? ?? ????? ???? ??? ???,H
"Why have the Clintons, Bill and Hillary both, enjoyed such support from minorities in America? What did they do to earn it?","????? ? ?? ??? ????? ????? ?? ?????? ??? ??????? ?? ?? ??? ?? ????? ?? ???? ??? ?????? ???†?? ?? ??? ????? ?? ??? ??? ????",H
How do sports contribute to the society?,???? ?????? ??? ?? ??? ????? ???? ???? ???,H
Why do I still pay property taxes on a house that is paid off?,??? ?? ??? ?? ???? ?? ??????? ???? ???? ??? ???? ??? ?? ?? ?????? ?? ???? ???,H
What is it like to live in New York City?,??? ???? ??? ??? ???? ???? ???,H
"If I attempt just the multiple choice questions in the Biology AP exam, can I get a 5?",??? ??? ??????? ?? ?? ?? ?????? ??? ??? ??? ?? ????? ???? ?????? ?? ???? ???? ??? ?? ??? ??? 5 ???? ?????? ????,H
Do you think the Chinese economy will sustain its economic growth in years to come or will it collapse?,??? ?? ?? ???? ?? ?? ??? ???? ????? ??? ???? ????? ???? ????? ??? ?????? ???? ?? ?? ?? ?? ????? ?????,H
Which are some good courses to masters in electronics engineering?,?????????? ????????? ??? ?????? ?? ??? ??? ???? ???? ??? ?? ????,H
Can I play GTA 5 in Xbox 360 E?,??? ??? ???? ???? 360 ??? ?? ?? ??  ???? ???? ????,H
"If you were a color, what color would you be and why?",??? ?? ??? ???? ?? ?? ?? ??? ??? ???? ??? ?????,H
How should an inner thigh lump be treated?,??????? ??? ?? ????? ?? ???? ?? ??? ???? ??????,H
What are some of the best Hindi dubbed South Indian movies?,???? ????? ????????? ????? ??? ??? ???? ?? ????,H
Person of Interest (TV series): Why doesn't the machine see that Reese is in danger?,?????? (?? ?? ?????) ?? ???: ???? ???? ???? ?????? ??? ???? ??? ???,H
Who are some successful buddhist entrepreneurs?,??? ?????? ????? ???????? ??? ????,H
What do famous people do after they stop being famous?,????? ???? ?? ??? ????? ??? ??? ???? ????,H
How did they say breakfast in Portuguese before coffee was introduced to Europeans & the Portuguese language?,????? ?? ???????? ??? ??????? ???? ??? ???? ??? ???? ?? ??? ??????? ??? ????? ?? ?? ??? ????,H
What are some things new employees should know going into their first day at Dunkin' Brands?,???? ?????? ??? ??? ??????? ?? ???? ???? ?? ???? ?? ???? ??? ??? ??? ????? ????? ???????,H
Is it better to join two GATE online test series at a time without any problem?,??? ???? ?? ?? ???? ??? ??????? ?? ??? ??? ??? ?? ??? ?? ???? ???? ????? ??? ???? ????,H
Which are the VLSI related core companies in India for a fresher?,???????? ??? ?? ??? ??? ??? ?? ????? ?????? ??????? ??? ??? ?? ??? ????? ?? ??? ????,H
"What logic department stores in US (Macy's, JC Penney and etc.) use to determine what specific product is good as a gift for which specific occasion?","?????? (???? ? ?? ?? ???? ??? ????) ??? ??? ??? ?? ???? ?? ????? ????? ??????? ???? ??? ?? ????? ???? ?? ??? ?? ??? ?? ????? ?????? ???? ?? ??? ?? ??? ?? ??? ???? ?? ??? ???? ???",H
What is the best time of day to drive for Uber X?,?????? ???? ???? ?? ??? ?????? ?? ??? ?? ?? ??? ??? ???,H
How do I remove an app from iCloud?,??? ??? ????? ?? ??? ??? ?? ???? ??????,H
Korean (language): Will Hanja experience a resurgence in South Korea?,????? (????): ??? ????? ?? ????? ????? ??? ?????? ??? ???? ?? ????? ?????,H
Why are Muslims often stereotyped as terrorists?,?????? ???? ???? ????? ?? ??? ?? ???????? ?????? ???? ???? ????,H
What are the best aspects of being a television actor/actress?,???? ???? ?????? / ??????? ???? ?? ?????? ???? ??? ????,H
What over the counter medicines are similar to Ambien?,??? ????? ?????? ?????? ?????? ?? ??? ????,H
Is TOEIC exam very important for Chinese who work in a foreign enterpirse?,??? ??? ?? ?????? ?????? ?? ??? ??? ????? ?? ?? ??? ???? ??????? ??? ??? ???? ????,H
What will happen if I drink 8 glasses of water after eating a lot of carbs?,??? ??? ??? ????? ????? ????? ?? ??? 8 ???? ???? ???? ?? ??? ?????,H
Are there any institutes offering courses in HR analytics in India?,??? ???????? ???  ?????? ??? ???? ????? ???? ???? ??? ????? ????,H
What are some good real estate agencies in ahmedabad?,???? ???? ??? ???? ????? ?? ??? ???? ???????? ??? ?? ????,H
How can I retrieve a discarded draft on Gmail?,?? ???: ??? ?? ??? ?? ?????? ?? ?? ??? ??????? ?????? ????,H
I plan to buy a premium theme from ThemeForest and host it on managed WordPress a/c for 3 years. What are the steps and precautions to be followed?,??? ?? 3 ??? ?? ??? ??  / ?? ??? ?????? ??????? ?? ??? ?????? ??? ?? ??? ?????? ????? ?????? ??? ?????? ?? ??? ?? ?????? ????. ??????? ??? ??????? ?????? ??? ????? ?? ???? ?? ??? ????,H
I am a early stage first time founder who wants to angel invest in a startup in my accelerator programs cohort. I do not have a salary yet nor is my net worth > $1m. Can I invest?,??? ??????? ????? ?? ???? ??? ???? ??? ?? ???? ????????? ????????? ??? ??? ?????? ?? ??? ?????? ???? ???? ????? ????†???? ??? ???? ?????? ???? ?? ??? ?? ?? ???? ?????? ?????> $ 1 ???? ???†??? ??? ?????? ???? ?????? ????,H
How does an alkane become an alkene?,????? ???? ?? ???? ???,H
What are some good Android app ideas (no games)?,??????? ?? ??? ???? ?????? ??? ??? (???? ???? ????)?,H
Can begging be dropped?,???? ???? ???? ???? ???,H
What are the problems people face when moving from their homes?,????? ?? ????? ???? ??? ????? ?? ?? ????????? ?? ????? ???? ???? ???,H
How much will a trip to Dubai cost?,???? ?? ??? ?? ???? ??? ??? ???,H
What does the cerebral cortex control?,????? ???????? ??? ?????? ???? ???,H
How do I get my body in shape?,??? ???? ??? ?? ??? ??? ???? ???? ?????,H
How does one become an atheist?,???? ???? ???? ???? ???,H
How do I find a corporate firm which could be interested in discussing my startup idea?,??? ?? ??? ??? ???????? ??? ???? ???? ?? ?? ???? ???? ?? ????? ?? ????? ???? ??? ?????? ????? ???,H
Why are cancer rates increasing over the years?,????? ?? ????? ????? ?? ????? ???? ??? ??? ????,H
"What is the placement scenario of M.Tech computer science in IITs, NITs, IIITs?",??? ??? ???? ??? ??? ??? ??????? ????? ?? ????? ???? ???? ??? ???,H
What is unusual or different about the food and cuisine in Pakistan?,??????? ??? ????? ??? ????? ?? ???? ??? ??? ??? ?????? ?? ????? ???,H
What are some theories of time travel?,???? ??? ?? ??? ?????? ??? ????,H
Is it appropriate to ask a girl to share a travel suitcase?,??? ?? ????? ?? ?? ??? ???? ?? ???? ??? ??? ?????? ?? ??? ??? ?????,H
How do I describe the characteristics of life?,??? ????? ?? ??????? ?? ?? ??? ???? ?????,H
What is the maximum number of attempts taken to clear CA in the history of CA?,?? ?? ?? ????? ??? ???? ?? ?? ???? ?? ?????? ????? ????? ??? ??? ????,H
Are any states doing recounts of votes cast in the 2016 elections?,??? ???? ??????? 2016 ?? ???????? ??? ???? ??? ????? ?? ?????? ???? ????? ????,H
"I want to connect with you, how can I do that?","??? ?? ?? ????? ???? ????? ??? ? ??? ?? ???? ?????? ????",H
What does the color in booking page of IRCTC mean?,??? ?? ?? ?? ?? ?? ???? ??? ??? ??? ?? ??? ???? ???,H
What are the strongest majors in terms of job prospects and what are the weakest majors at Colorado College?,?????? ?? ??????? ?? ???? ?? ????? ???? ????? ??? ?? ??? ??? ?????? ???? ??? ?? ?? ????? ???? ????? ??? ?? ????,H
How do I start a non profit?,??? ??? ????? ??? ???? ???? ?????,H
What is the best way to treat a snake bite?,???? ?? ????? ?? ???? ?? ?????? ????? ??? ???,H
Was this character from Beyond Thunderdome (pictured in the details) somehow related to the War Boys in Mad Max: Fury Road?,??? ?? ????? ???????? ?? ??? (??????? ??? ?????) ?? ??? ??? ??? ????? ??? ???? ???? ??? ????? (??? ???) ?? ????? ????,H
What will happen after we die? What about our thoughts?,???? ???? ?? ??? ??? ???? ???? ????? ?? ??? ????,H
What are the job levels in the Apple technical career track?,???? ?????? ?????? ?? ???? ??? ?????? ?? ??? ??? ????,H
What is best part of the questions/answers on Quora?,????? ?? ?????? / ?????? ?? ?????? ??? ??? ???,H
Which is the best desktop computer under 25000 INR?,25000  ?? ??? ?????? ??? ??? ??? ???????? ??? ??,H
What is a good source to learn mathematica?,????? ?????? ?? ??? ???? ????? ??? ???,H
What are some important factors that keep bones healthy and strong?,??? ??? ????? ??? ??? ?? ????? ?? ??? ??? ??? ????? ????? ????,H
How can I enjoy learning?,??? ?????? ?? ?? ??? ??? ???? ???? ????,H
How do I solve this equation?,??? ?? ?????? ?? ???? ?? ?????,H
Why do I feel burdened around people I love?,??? ?? ????? ?? ???? ???? ????? ???? ??? ?? ?? ??? ???? ???? ????,H
Is the New York Times failing?,??????? ????? ??? ????? ??? ???,H
Can physical beating along with verbal abuse and yelling by mother make a son reluctant of physical contact with women?,??? ?? ??? ?? ????? ??????? ??? ???? ?? ???? ???? ?????? ???? ??? ???? ?????? ?? ???? ?????? ????? ?? ?????? ?? ???? ????,H
How do I get Facebook badge notifications on HTC 10?,??? ??? ?? ?? 10 ?? ??? ?? ??? ?? ??????? ???? ???? ?????? ????,H
What is Democracy? What kind of Democracy is existing in Pakistan?,??????? ??? ??? ??????? ??? ?? ??? ?? ??????? ????? ???,H
What are the aims of the City University of Hong Kong?,???? ???? ?? ??? ????????? ?? ????? ??? ????,H
I have been getting calls from random numbers lately. What should I reply to those who are calling me?,???? ??? ?? ??? ?? ????? ?????? ?? ????? ? ??? ????†???? ??? ???? ????? ?? ??? ??? ???? ????,H
Is there an online pdf platform that will allow one to create a link to a specific page in the pdf?,??? ???? ?? ???? ?? ?? ??? ???? ???? ?? ?? ??? ?? ?? ?? ??? ??? ??? ????? ???? ?? ??? ????? ?? ????? ?? ???,H
Development Practice: Have you ever worked on a successful health project in rural Latin America? What made it successful?,???? ?? ???: ??? ?? ?? ???? ???? ?????? ?????? ??? ??? ?? ?????? ?????? ?? ??? ??? ???†?? ??? ?? ??? ?????? ??????,H
How long to become air force colonel?,???? ??? ?? ???????? ???? ???? ???,H
What are the design principles in web design?,??? ?????? ??? ?????? ?? ???? ??? ????,H
What is the best way to start robotics? Which is the best development board that I can start working on it?,??????? ???? ???? ?? ?????? ????? ??? ??? ??? ?? ?????? ??????? ???? ?? ?? ?? ??? ?? ?? ??? ???? ???? ?????? ????,H
What causes death by hanging?,?????? ?? ?? ??? ?? ??? ??? ???? ???,H
What software license should I sign with a company with no restrictions as to my own usage of the code with no liability to the company?,"??? ??? ????? ?? ???? ??? ?? ???? ???? ?????? ?? ????? ???? ?? ??? ???? ?????? ???? ?? ? ??? ?? ???? ??????? ?? ???? ??? ????? ?? ???? ???? ??? ???? ???? ???",H
What is the sweetest thing?,?? ?? ????? ??? ??? ???,H
How can I tell if my girlfriend really loves me?,??? ???? ????? ?? ??? ???? ??? ????? ????? ??? ?? ???? ???? ???,H
What are the most mysterious ways that people have died?,?? ?? ??????? ????? ??? ??? ?? ??? ?? ??? ????,H
Does the multiverse have a multiverse?,??? ?????? ??? ?????? ???,H
I'm a girl in middle school. My best friends are all girls. I've found out that I'm bisexual. How do I tell my best friend who's a girl without her freaking out and it changing our whole friendship?,??? ??? ????? ?? ???? ???? ???? ?? ?? ???? ???? ???? ?????? ???? ???? ??? ??? ?? ?? ??? ??????? ???? ??? ???? ?? ?? ???? ???? ?? ???? ????? ?? ???? ?? ???? ?? ?? ????? ?? ???? ?? ??? ?? ?? ????? ???? ????? ??? ???? ???,H
"Why is it possible to remember that you dreamt, but not remember what the dream was about?","?? ???? ??? ????? ???? ?? ?? ?? ?? ???? ????? ??? ? ???? ?? ??? ???? ???? ?? ?? ???? ??? ????",H
What are the side effects of homeopathic medicines?,?????????? ??????? ?? ??? ????? ??? ????,H
"How do I listen to Radio Mirchi 98.3 FM, the Pune radio station online?",??? ???? ????? ?????? ?? ???? ????? ???? 98.3 ??? ??? ?? ?? ??? ?? ???? ????,H
How can China be Communist and still have an ultra-rich class?,??? ???? ??????? ?????? ?? ??? ?? ??? ??? ??????? ???? ???? ?? ???? ?????? ???,H
What is your review of Pearl Academy?,??? ?????? ?? ???? ??? ?? ?? ??? ????? ???,H
Does an electron flow through a capacitor or does it only charge the plate?,??? ??? ???????? ??? ??????? ?? ????? ???? ?? ?? ?? ??? ???? ?? ???? ???? ???,H
What are best neuroscience books for beginners?,???????? ????? ?? ??? ?????? ????? ?? ?????? ?????? ??? ????,H
What is the dress code for the AAAS Annual Meeting?,?? ?? ?? ??? ?????? ????? ?? ??? ???? ?? ??? ??? ???,H
What are the steps that I should follow to get in a surgery residency program in Germany?,????? ??? ??? ????? ???????? ??????? ??? ???? ?? ??? ???? ??? ?? ??????? ???? ??????,H
What should I do in a Group discussion when others keep fighting and won't let me talk even after I ask them to let me?,?? ???? ???? ???? ???? ??? ???? ????? ???? ?? ??? ??? ?? ??? ???? ???? ?? ??? ??? ??? ???? ??????,H
I made a mistake on my passport application . I have not completed 10th . Should I reapply for a fresh passport or can it be corrected?,??? ?? ???? ??????? ?? ??????? ?? ???? ?? ???†??? ?? 10 ??? ????? ???? ?? ???†??? ???? ??? ??????? ?? ??? ?????? ??????? ???? ????? ?? ??? ?? ?? ???? ??? ?????? ???,H
Why did barvaria join Germany?,???????? ????? ??? ???? ???? ????,H
Which hobby is sophisticates?,???? ??? ?? ??? ???,H
I am planning to apply for Canada PR. What are my chances?,??? ?????? ?? ?? ?? ?? ??? ??????? ???? ?? ????? ?? ??? ???? ???? ??? ??????? ????,H
Why am I so angry?,??? ???? ????? ???? ????,H
What is the best way to memorize things?,????? ?? ??? ???? ?? ?????? ????? ??? ???,H
How can I be gay and dislike gay sex?,??? ?? ??? ???? ??? ???? ?? ??? ?????? ?? ?? ??? ?????? ?? ???? ????,H
What is a big or small problem that needs solving?,??? ?? ??? ?? ????? ????? ?? ??? ?? ???? ?? ????? ???,H
"What are the best ways to reduce and eliminate belly, abdominal, and thigh fat?","??? ? ??? ? ??? ??? ?? ???? ?? ?? ???? ??? ??? ???? ?? ?????? ????? ??? ????",H
How is a virus created in an operating system?,?? ??? ??? ????? ??? ??????? ???? ??? ???? ??? ???? ???,H
What is your 'comfort food' book?,?? ?? '????? ???' ???? ??? ???,H
Why are Telugu people dominated by north Indians?,????? ??????????? ?? ???? ????? ?? ???? ???? ???,H
What makes an effective business plan?,??? ??? ???? ???????? ?????? ????? ???,H
Are Moreno and Marino the same name but with different spellings?  Or do they have different origins?,??? ?????? ??? ?????? ??? ?? ??? ??? ???? ????? ??? ?? ?????†?? ?? ?? ????? ????? ???,H
Which book is good for quantitative aptitude and reasoning for IBPS?,??? ?? ?? ??? ?? ??? ?????? ??????? ??? ??????? ?? ??? ??? ?? ???? ???? ???,H
Will Pakistan have a war with India?,??? ??????? ?? ????? ?? ??? ?????,H
How can I score above 90% in CBSE class 11 (PCM with CS)?,?? ??? ??? (?? ??? ?? ?????? ?? ???) ???????? ???? 11 ??? ?? 90 ???? ?? ???? ???? ?? ???? ????,H
What is fermentation?,???? ??? ???,H
What is Product Hunt's technology stack?,?????? ??? ?? ????????? ????? ??? ???,H
What is a web server?,??? ??? ???? ??? ???,H
Which South American country is cheap to travel for a tourist?,????? ?? ??? ??? ???? ?? ??? ??? ?? ????? ?????? ?? ??? ???? ???,H
How do I take things my partner says less personally?,??? ?? ??????? ?? ???? ?? ???? ??? ?? ???? ????? ???? ??? ?? ?? ???? ????,H
What is the best way to improve the overall external appearance?,?????? ????? ??? ?? ???? ????? ?? ?????? ????? ??? ???,H
What are the references to Pokemon Red and Blue in Pokemon XY?,??????? ???? ??? ??? ??????? ??? ??? ???? ?? ????? ??? ????,H
How can one own a tank (a battle tank) in India?,??? ?? ??? ??? ???????? ??? ??? ???? (??? ??? ????) ???? ???,H
How can I start a home base business?,??? ??? ??? ???? ?? ??? ???? ?????? ????,H
Is it legal to kick my wife out of the house if she cheated on me?,??? ???? ???? ?? ??? ?? ????? ?? ?? ??? ?? ?????? ?????? ???,H
What are the best off-Broadway musicals?,?????? ?? ?????? ???? ?? ??????? ??? ????,H
"Why do people not question ""news"" posts and opinions posted on social media websites?","??? ???? ????? ??? ?????? ?? ???? ?? ???? ???? ""?????"" ?? ???? ??? ???? ?? ???? ???? ???? ???? ????",H
Will there be a stock market crash in 2015?,??? 2015 ??? ????? ?????? ?? ???? ?????,H
Would you live in a tiny house?,??? ?? ??? ????? ?? ???? ??? ???? ???,H
I can't talk to people while staring at their eyes despite having no problems with confidence. What can I do to stop being over-conscious of this?,?????? ?? ???? ??? ??????? ?? ????? ???? ???? ?? ?? ?? ??? ????? ?? ????? ?? ????? ?? ??? ??? ?? ???? ????,H
What is functional programming?,?????? ????????? ??? ???,H
What is the meaning of Hindi/Urdu word 'hairat'?,???? / ???? ??? ????? ?? ??? ???? ???,H
What motivates you to go to work?,?? ?? ??? ?? ???? ?? ??? ?? ??? ?? ????? ???? ???,H
How can I lose fat in 10 days?,??? 10 ?? ??? ???? ???? ?? ?? ???? ????,H
How do I know if my green texts are blocked?,??? ?? ??? ??? ???? ??? ?? ??? ???? ??? ??? ??? ?????? ??? ????,H
What's the easiest way to prove the Heisenberg uncertainty principle?,???????? ??? ????? ??????? ?? ???? ???? ?? ?? ?? ???? ????? ??? ???,H
Are there easy ways to enhance my WiFi signal?,??? ???? ???? ???? ???? ?? ?????? ?? ??? ???? ????? ????,H
How are BI dashboards used for retail?,????? ????? ?? ??? ?? ?? ??? ???? ?? ??? ??????? ???? ????,H
How hard is it to get a short book published if you're not in it for the money or fame but rather for the self-satisfaction and completion of a goal?,??? ?? ?? ??? ??? ?? ??? ?? ?? ? ???? ??? ???? ??? ??????? ??? ?? ?? ????? ???? ???? ??? ?? ?? ?? ??? ????? ???? ?? ????? ???,H
"What is the office culture and woking at Patanjali office, haridwar?","??? ???? ??? ?? ??? ?????? ??? ? ??????? ??? ???? ???? ??? ???",H
What is the difference between offshore and onshore?,????? ??? ?????? ???? ??? ??? ??? ???,H
If blonde hair and blue eyes are recessive then why it became common in europe?,??? ????? ????? ???? ????? ??? ???? ?????? ?????? ??? ?? ??? ?? ???? ??? ??? ???? ?? ????,H
What are the benefits of eating on banana leaves?,???? ?? ???? ?? ????? ?? ??? ????? ????,H
Why did Locke try to kill or kidnap Bran Stark at Craster's keep?,?????? ?? ?? ?? ??? ?? ???? ?????? ?? ???? ????? ?? ???? ???? ?? ???? ???,H
Is it bad to like someone?,??? ??? ?? ?????? ???? ???? ??? ???,H
What would Melisandre do if Jon became king?,??? ??? ?????? ?? ??? ?? ?????????? ??? ??? ???,H
Which would be the first best toy for a baby?,??? ??? ?? ??? ???? ?????? ?????? ????? ?????,H
What is the molecular weight of benzene?,?????? ?? ??????? ??? ???? ???,H
"As a prospective ECE or mechanical engineer, I know that I must take HL Math and Physics, but should my third HL subject be, chemistry, CS or Econ?","??? ?????? ?? ?? ?? ?? ???????? ??????? ?? ????? ?? ? ??? ????? ??? ?? ???? ??? ??? ????? ??? ??????? ???? ???? ???  ? ???? ??? ???? ????? ??? ??? ????? ? ??????? ? ?? ??? ?? ????? ???? ??????",H
What are reasons behind Pakistan's hate for India?,??????? ?? ????? ?? ???? ?? ????? ??? ?????? ????,H
Is it possible to get into a neuroscience graduate program with a GRE of 316?,??? 316 ?? ?? ?? ?? ?? ???? ????? ????? ????? ??????? ??????? ??? ???? ???? ???,H
How did the Babylonians develop their measurements?,???? ?? ????? ?? ???? ?????? ?? ?? ??? ???? ????,H
How much dendi solo mmr?,???? ????? ???? ??? ??? ???,H
What are the best programming languages to learn today?,?? ?????? ?? ??? ????????? ????? ?????? ????????? ?????? ????,H
What's the best way to learn Meteor?,???? ?????? ?? ?????? ????? ??? ???,H
What is the concept of negative liberty?,???? ????? ?? ??? ???? ???,H
How are hamsters and gerbils able to live together?,?????? ??? ?????? ??? ???? ???? ?? ???? ??? ????,H
Walking 24miles a day 125miles a week Mon to Fri for a month bad? Could I do any damage,??? ?? ??? 24 ??? ??? ?? ??? 125??? ???? ??? ?? ??? ??? ??? ???? ??? ???†??? ??? ???? ????? ?????? ????,H
How many neutrons in potassium?,??????? ??? ???? ????????,H
What is the strongest Kevlar cord?,?? ?? ????? ????? ?? ??? ??? ???,H
"When an Uber customer asks to cross a toll bridge, who pays the toll? Is it charged to the customer?",?? ??? ???? ???? ??? ?? ???? ???? ?? ???? ?? ?? ??? ??? ??? ???? ???†??? ?? ????? ?? ???? ??? ???? ???,H
At what age does it become inappropriate to have your child accompany you in an opposite gender restroom?,????? ??? ??? ?? ????? ???? ???? ?? ?? ?? ??? ?? ?? ???? ??? ?? ????? ????? ???? ??? ?????,H
"If God is all perfect and He created everything, then why are we so imperfect?","??? ?? ?? ?????? ?? ??? ?? ?? ?? ??? ?? ???? ???? ???? ?? ???? ?????? ?? ?? ????",H
How do I deal with wedding night?,??? ???? ?? ??? ?? ???? ????? ????,H
What can I do to attain the title of miss fresher in freshers party in college?,???? ??? ????? ????? ??? ?? ????? ?? ???? ???? ???? ?? ??? ??? ??? ?????? ????,H
How do you stop negative self-talk?,?? ??? ?? ???? ????? ?? ???? ????? ???,H
What are the best ways to lose weight?,??? ?? ???? ?? ?????? ????? ??? ????,H
What are some examples of recursion in the real world?,????? ???? ??? ????? ?? ??? ?????? ??? ????,H
What are some mind-blowing technology tools that most people don't know about?,???? ?? ????? ???? ??? ????? ??? ???? ??? ?? ????? ??? ?? ?? ????? ?? ??? ???? ????? ????,H
Is Edupristine a good institute for SAP Learning?,??? ??????????? ??? ?? ?? ????? ?? ??? ??? ???? ????? ???? ???,H
How do movie scripts differ from video game scripts?,???? ?????? ????? ??? ?????? ?? ?? ??? ????? ????,H
Are The White Walkers intelligent?,??? ???? ???? ???? ????,H
"I'm a developer and I created a product. It's time to sell it, but I don't have any sales skills. How can I convince people to buy my product?","??? ??? ?????? ??? ??? ??? ?? ??? ?????? ???? ????†?? ??? ????? ???? ?? ??? ???? ?? ? ???? ???? ??? ????? ?? ????? ???? ???†??? ????? ?? ???? ????? ?????? ?? ??? ?? ??? ???? ?????? ????",H
What is a good DLNA enabled player for Mac?,?? ?? ??? ?? ??? ??? ?? ???? ?? ??? ???????? ?? ???? ????? ???,H
What is the unroot of -1?,-1 ?? ??? ??????? ??? ???,H
"What is the proper, canonical spelling of Middle-earth in Tolkien's works?","?????? ?? ????? ??? ??????? ???? ?? ????? ? ?????? ??? ??? ???",H
How is Slack different from Skype chat? What would my team gain from switching over?,???? ?????? ??? ?? ?? ??? ????? ???†????? ???? ?? ???? ??? ?? ??? ????? ?????,H
What if Jon Snow inherited the Targaryens' look not the Starks'? Ned would be forced to admit he was lying about Jon being his bastard; how would this change the plot for the whole RR story?,??? ??? ??? ?? ????????? '??? ???????' ???? ??? ?? ??? ????? ??? ?? ?? ????? ???? ?? ????? ??? ???? ?? ?? ?? ??? ?? ???? ??? ?? ?? ????? ??? ?? ?? ???? ?? ?? ?? ????? ?? ???? ???? ???? ???,H
How do I get over someone I loved now that we broke up last year and I still miss her?,??? ?? ??? ?? ???? ???? ???? ?? ?? ?? ?? ??? ???? ???? ??? ?? ?? ????? ??? ??? ??? ??? ??? ??? ?? ??? ?? ?? ??? ????? ???? ????,H
What was it like when you came to know that you've been accepted to a top university?,?? ?? ?? ?? ??? ?? ??? ?? ?? ?? ??? ????? ????????? ??? ???? ?? ??? ??? ?? ?? ?? ???? ????,H
"If an online retailer refuses a refund on the grounds that it's past their refund period, is your card company legally obliged to obtain it for you?","??? ?? ???? ????? ???? ?? ????? ?? ??? ?? ????? ?? ????? ???? ?? ?? ?? ?? ?? ????? ?? ??? ???? ??? ?? ? ?? ?? ?? ???? ????? ?? ?????? ??? ?? ?? ?? ??? ???? ???? ?? ????? ?? ?",H
What are the signs of a gifted 13 year old?,??? ???? ??? ???? ???? 13 ??? ?? ????? ??? ????,H
What is a rimjob?,????? ?? ???????,H
How effective is ECT for Borderline PD?,????? ???? ?? ?? ?? ??? ?? ?? ?? ???? ???? ???,H
At around what age should I get a signature at the latest?,???? ???? ??? ???? ???? ??? ??? ????? ???? ?????,H
I am an international student and I am going to Harvard for the summer. How likely is it that my F1 visa will be rejected?,??? ??? ??? ???????? ???? ??? ??? ??? ??? ?????? ??? ?????? ?? ??? ???? ???? ????? ?? ?? ???? ??? ?? ???? ????? ????? ?????,H
"Who is affected more by a breakup, the boy or the girl?","??? ???? ?? ?? ????? ????? ???? ?? ? ???? ?? ?????",H
Why are Golden Retriever dogs with blue eyes so special?,???? ?????? ???? ????? ??????? ??? ???? ??? ???? ????,H
"Is it rude to call people at dinner time?  If so, what time is dinner time?","??? ??? ?? ????? ?? ??? ????? ?? ??? ???? ??????? ???†??? ???? ?? ?? ? ??? ?? ????? ?? ??? ??? ???",H
When is a performance judged ready to present?,???????? ?? ??? ???? ?? ??? ?? ???? ??? ???? ???,H
What was your senior prank?,?? ?? ????? ?????? ??? ????,H
Which are some of the big decisions you have made in life?,?? ?? ????? ??? ?? ??? ??? ????? ??? ????,H
Could USC buy UCLA?,??? ?? ??? ?? ?? ?? ??? ???? ???? ???,H
How do I follow up with someone in WhatsApp?,??? ?? ??? ?? ???? ??? ??? ??? ?? ???? ?? ?? ????? ???? ????,H
Can accountants act as finance managers for small companies?,??? ???????? ????? ??????? ?? ??? ????? ?????? ?? ??? ?? ??? ?????? ????,H
Why do people need heart transplants?,????? ?? ???? ???? ?????????? ?? ????? ???,H
What do non-Muslims expect from Muslims?,??? ???? ???????? ?? ??? ???? ???? ????,H
Can I grow my hairs?,??? ??? ???? ????? ?? ???? ???? ????,H
Where can I buy cheap clothes in bulk?,??? ??? ?????? ?? ???? ???? ???? ???? ???? ????,H
What is it like to be a white South African?,??? ???? ??? ????? ?????? ???? ???? ???,H
How can I stop worrying about what other people think?,????? ????? ?? ?????? ?? ???? ??? ??? ??????? ?? ?? ??? ??? ???? ????,H
Has anyone ever died from smoking marijuana?,??? ???? ???? ???? ???? ?????? ???? ?? ?? ????,H
Would you choose uncertain freedom or idyllic peace?,?? ??? ????? ????? ?? ????? ??? ?? ?????? ???? ???,H
In what areas or fields are computers not used. This is an assignment and I can't find any reasonable answer.?,?? ?????? ?? ?????? ??? ??????? ??????? ???? ??? ???? ????†?? ??? ???????? ?? ??? ???? ???? ????? ???? ???? ?? ????,H
"Does melanin concentration in the body influence our thinking? If yes, how so?","??? ??? ??? ?????? ?? ?????? ????? ??? ?? ????? ???? ???†??? ??? ? ?? ?????",H
"If Frances Farmer (the actress) was still around today, what would she think about Donald Trump?",??? ?????? ????? (???????) ?? ??? ?? ??? ???? ?? ?? ????? ???? ?? ???? ??? ??? ??????,H
Why the steam turbine vibration using micro meter while in gas turbine using meli meter as scale?,?????? ???? ???? ??? ?????? ??? ???? ???? ?????? ?? ??????? ???? ???? ???? ?????? ???? ?????,H
NO new feeds available for 6 hours.what is this?,???? ??? ??? 6 ????? ?? ??? ?????? ???? ??? ?? ??? ???,H
Frequent Flyer Miles and Programs: What's the best way to use 105k Delta SkyMiles?,??? ??? ???? ??? ??? ????????: 105???? ?????? ???? ?????? ???? ??????? ???? ?? ????? ??????? ????,H
"Why does turkey have darker, more flavorful dark meat than chicken?","???? ??? ???? ?? ????? ???? ? ????? ????? ??? ???? ???? ???? ???? ???",H
Which is the best Android football game?,??????? ?? ??? ?? ?????? ???? ??? ?? ???,H
Do Paypal‚Äôs customers in European countries use Paypal-issued debit or credit cards?,??? ?????? ????? ??? ?? ??? ?? ?????? ?? ??? ?? ???? ???? ?? ????? ???? ??????? ???? ????,H
Is it easy to get part time job in Sweden?,??? ????? ??? ???? ???? ?????? ???? ???? ???? ???,H
What is the scope of civil engineering in canada?,?????? ??? ??? ???????? ?? ????? ??? ??? ???,H
Can I apply for a student F1 Visa even though my Green card application is already being processed?,??? ??? ??????? ??? ?? ???? ?? ??? ??????? ?? ???? ??? ??????? ???? ???? ???? ?? ??????? ?? ???? ?? ???????? ????? ???,H
Should abortion be legal?,??? ????? ??? ?????? ???? ??????,H
What do people eat for lunch and dinner in the US?,??? ?????? ??? ????? ?? ????? ??? ??? ?? ????? ?? ??? ??? ????? ????,H
As of 2016 how well does Indian and Pakistani Armed forces fare against each other?,??? 2016 ?? ????????? ??? ???????? ???? ????? ??? ????? ?? ???? ???? ???? ?????? ?? ??? ????,H
"Why do so many Asian people say ""whites"" or ""blacks"" or ‚ÄúAsians‚Äù to describe people?","??? ?? ??????? ???? ""??????"" ?? ""?????"" ???? ?? s ??????  ?? ????? ?? ???? ???? ?? ??? ????",H
How do I become a co-pilot? How much time does it take to become one in India? What is the average salary?,??? ???? ????? ???? ?? ???? ????†???????? ??? ??? ???? ??? ???? ??? ???? ???†???? ?????? ???? ???,H
I'm 19 and have been prescribed beta blockers for a migraine. What happens if I stop taking them?,??? 19 ??? ?? ??? ??? ??? ??? ????? ?? ? ??? ?????? ???? ?????? ????? ??? ??? ???†??? ??? ?? ?? ???? ?????? ?? ??? ???? ???,H
"If Jon Snow is not Ned's bastard, why does Lady Catelyn hate him so much?","??? ??? ??? ??? ?? ????? ???? ?? ?? ? ???? ?????? ?? ?? ???? ???? ???? ???? ????",H
Have a news tip what should I do? Get a PR person? This could be be significant. There are legal issues with severe ramifications? I'm a bit concerned,??? ???? ?? ?? ?? ???? ??? ???? ??????†?? ?? ??? ???? ?????†?? ??? ?????? ???†??? ????????? ?? ???? ?????? ????? ????†??? ????? ?? ??? ??? ???,H
Has Quora been hacked?,??????? ??? ??? ??? ???,H
"I am a student studying third year, CSE. What are some good projects that can be done by me to improve my resume?","??? ????? ??? ? ?? ??? ?? ??? ????? ???? ???? ??? ????†??? ???? ?????? ??? ?? ??? ?? ???? ????? ?? ???? ????? ?? ? ?? ???? ????? ??? ?????? ????",H
How can I improve my own understanding of English grammar?,??? ??????? ?????? ?? ???? ??? ???? ???? ???? ?? ?? ??? ???? ??? ???? ????,H
"How do we let know the defence ministry of India to also focus on the Cyber Warfare like China and USA does, we have so many IITans with such good hacking and anti-hacking/firewalling skill?","?? ???????? ?? ????? ???? ?? ????? ??????? ?? ??? ???? ???? ?? ??? ?? ??? ??? ???? ??? ???? ??? ??? ?????? ? ????? ??? ???? ???? ????? ??? ????? ????? / ???? ????? ?? ????? ????? ???? ??? ??? ???? ????",H
What is the difference between a PC boiler and a CFB boiler?,??? ?? ?? ?? ?????? ??? ??? ?? ??? ?? ?????? ?? ?????? ??? ??? ???,H
What are examples of passive transport in cells?,????? ??? ??? ???? ??? ? ??? ?? ??? ?????? ????,H
What does it mean to have 20/15 vision?,20/15 ???? ????? ?? ??? ???? ???,H
What universities does iRobot recruit new grads from? What majors are they looking for?,? ?? ??????????? ??? ?????? ?? ???? ???? ????? ?? ??? ???? ?? ??? ??????? ?? ???? ???? ???,H
What is The best thing to learn from Khan Academy?,??? ?????? ?? ?? ?? ???? ??? ??? ?? ???,H
How does overtime work in the NBA?,??? ?? ?? ??? ???? ???? ???? ??? ???? ???,H
What are youtube channels?,?????? ????? ??? ????,H
When will next year's CBSE board improvement forms come out?,?? ???? ??? ?? ???????? ???? ????? ????? ???? ? ???? ???,H
Vision (eyesight): Is -4.5 eye number very large?  What does it mean?,???? ??? (??????): -4.5 ?????? ?? ????? ??? ??? ??? ?? ?? ??? ???? ???,H
Who are the best headhunters?,?????? ??? ???? ??? ????,H
What is it like to be the bodyguard of a president?,??? ?? ???? ???? ???? ???? ???,H
"What is the Arizona bark scorpion, and how do animal species in the Sonoran Desert compare to species in the Great Sandy Desert?","??????? ?? ???? ???? ??? ?? ? ??? ?????? ??????? ??? ??????? ?? ????? ?????? ???? ????? ??? ????? ???????? ?? ?????? ???? ???? ????",H
Why the color of Indian team representing Olympics varies for each sport?,??????? ?? ???????? ???? ???? ????????? ??? ?? ??? ?? ???? ??? ???? ????? ???? ???,H
What are some good Bible verses to read before bed?,???? ?? ???? ????? ?? ??? ????? ?? ??? ???? ???? ??? ????,H
Under what circumstances may a police officer commandeer your vehicle?,?? ????? ??? ????? ???? ?? ?? ???? ?? ?????? ??? ???? ???,H
Why do we cry?,?? ???? ???? ????,H
I have been jobless for the last year. I am planning to go back to India. I am ashamed to be asking for money again. What should I do?,??? ?? ????? ??? ?? ??? ?? ?????? ?? ??? ???. ??? ?? ????? ?? ??? ???? ???? ?? ?????? ??? ??? ???. ??? ?? ??? ???? ?? ??? ?????? ???? ?? ??? ??? ??? ??. ??? ??? ?????,H
"How can I send a message to ""viber"" in C#?","??? ?? # ??? ""?????"" ?? ???? ????? ???? ???? ????",H
India: Do Indian girls wear Victoria's Secret underclothing?,????????: ??? ????????? ?????? ??????? ?? ???? ??????????? ????? ????,H
Why do teen girls (and women in general) allow their boyfriends to take naked pictures of them in this day and (digital) age?,????? ?????? (??? ??? ??? ?? ??????) ???? ????? ?????? ?? ?? ?? ??? (??????) ??? ??? ?? ?? ???? ?????? ???? ???? ?? ????? ???? ????,H
Why didn't Nazi Germany invade Sweden?,?? ???? ????? ????? ???? ???? ????,H
What are the best tools and equipments that you can use in the kitchen?,?? ?? ?????? ???? ??? ????????? ?? ?? ?????? ???? ??? ??????? ?? ???? ????,H
How can I learn programming online?,??? ?? ???? ????????? ?? ??? ???? ???? ????,H
What are some good cheese substitutes for Havarti cheese?,?????? ???? ?? ???  ??? ???? ???? ?? ?????? ??? ????,H
What happens if eye medicine enters the eye?,??? ?????? ?? ????? ???? ??? ???? ?????? ?? ??? ???? ???,H
How can I attract girls for sex?,??? ?????? ?? ???? ?? ? ??????? ?? ??? ???? ?????? ????,H
What are the best tourist spots in India?,???????? ??? ????? ?? ?????? ?????? ??? ????,H
The Flash (DC character): How fast can the Flash run a mile?,???? (?? ?? ??????): ???? ??? ???? ??? ????? ?? ???? ???,H
How can I do automatically when I want to put the text from the form on my websites into the certificates and then send it in pdf format?,?? ??? ???? ??? ???? ?? ????? ???? ?? ??? ?? ????? ??? ????? ????? ??? ??? ??? ??? ?? ?? ??? ?????? ??? ?????? ????? ??? ?? ??? ??? ???? ???? ?????? ????,H
How can I make account on Upwork?,??? ?? ??? ?? ?????? ???? ??? ???? ????,H
Could you explain oracle TNS in Layman's terms?,?? ??? ???? ?? ????? ??? ?????? ?? ??? ??? ?? ??? ?? ????? ?? ???? ????,H
"Why is the output of the following code ""TRUE 2""?","??? ??? ??? ""??? 2"" ?? ??????? ???? ???",H
Can I recover my Facebook account after I deactivate it once?,??? ??? ???? ??? ?? ?????? ??? ??? ??? ???? ???? ?? ??? ?????? ???? ?? ???? ????,H
How can I convert .LIT files to .PDF?,??? ??? ??? ?????? ?? .?? ?? ??? ??? ???? ????? ?? ???? ????,H
What are the most exciting cutting-edge algorithms in computer vision?,??????? ??? ??? ?? ?? ????? ????? ???? ???????? ??? ????,H
Do Trump supporters now expect the president to live up to his promises he so forcefully sold them on?,??? ?? ???? ?? ???? ??? ?? ???? ???? ??? ?? ?? ???? ????? ?? ???? ??? ?? ?? ?? ????? ??????? ????? ????,H
Which is the best training institute for CCNA/CCNP in Hyderabad?,???????? ??? ?? ?? ??? ?? / ?? ?? ??? ?? ?? ??? ????? ?? ?????? ????? ???? ??? ?? ???,H
The guy I'm dating never texts me and I feel like he doesn't care about me but when I see him he shows me he likes me and wants me. Why do I feel this way?,?? ???? ?? ??? ????? ?? ??? ??? ?? ???? ??? ???? ????? ???? ???? ??? ???? ???? ?? ?? ??? ???? ???? ????? ???? ?? ???? ?? ??? ??? ?????? ??? ?? ?? ???? ?????? ?? ?? ???? ???? ???? ?? ??? ???? ????? ??? ???? ???? ???? ???? ???,H
Does Walmart cash fake checks?,??? ??????? ???? ??? ??? ???? ???,H
How do I make a video calling app in Android using Eclipse and Java?,"??? ?? ???? ??? ???? ???? ??? ???? ?? ??????? ???? ???? ???? ?????? ??????? ??? ??? ????? ????? ?? ?? ?? ?? ??? ?? ??? ?????",H
Which is the best free app for an Android to spy WhatsApp without rooting a phone?,??? ??? ?? ?? ?? ???? ???? ??? ?? ?????? ???? ????? ????????? ?? ??? ??? ?? ?????? ??? ??? ???,H
Where is the best place to go skiing at Christmas time?,????? ?? ??? ?????? ?? ??? ???? ?? ?????? ???? ???? ???,H
Is it right option from being Android Developer to become Translator after 3 years in software development field?,??? ???? ???? ???????? ?? ???? ??? 3 ??? ?? ??? ????? ???? ?? ??? ???????? ?????? ???? ?? ???? ?????? ???,H
Why did my leg muscles randomly throb in pain for a few seconds then stop?,???? ?????? ?? ????? ?? ?????? ??? ?? ??? ????? ?? ??? ??? ???? ?????? ????,H
"Which is the best software for business to consumer, e-commerce portal?","??????? ?? ???? ? ?? ????? ????? ?? ??? ?????? ???? ???? ??? ?? ???",H
In the future will we still see startups like WhatsApp or Snapchat that are actually fairly easy to build or can help you see a trend towards hardware or software that actually involves much more time to build a prototype?,?????? ??? ??? ?? ?? ??? ???? ??? ?? ????? ??? ???? ?????? ?? ?????? ?? ?? ????? ??? ????? ???? ???? ???? ?? ?? ?? ?? ???? ???? ?? ???? ???? ?? ??? ????? ?????? ??? ??? ?? ???? ?? ?? ??? ??? ??? ????? ???? ????? ??? ????? ??? ????? ???? ???,H
Ego: Are people with average IQs inferior to people with a higher IQ?,???: ??? ????? ??? ???? ????? ???? ??? ???? ????? ?? ???? ????,H
"If space is expanding, where does the new space come from?","??? ??? ???? ??? ?? ?? ? ??? ??? ???? ?? ??? ???",H
How can I get a hospitality job in a different country as an American?,??? ??? ?????? ?? ??? ?? ??? ????? ??? ??? ????? ????? ????? ?? ??? ?? ???? ???,H
Why doesn't India have a uniform civil code?,???????? ??? ????? ??? ??? ???? ???? ???,H
"In Korean, how do you say ""correct""?","????? ??? ? ?? ""????"" ???? ???? ????",H
Is palmistry accurate?,??????? ???? ???? ???,H
How can I increase my runing speed indoors?,??? ??? ?? ???? ?????? ?? ????? ???? ???? ???? ????,H
What is the motive of critical radius of insulation for cylinder?,????? ?? ??? ?????? ?? ??? ???? ?? ???? ??? ???,H
How often are the tires replaced on an Airbus A380?,???? ?? ?? 380 ?? ???? ??? ???? ???? ???? ????,H
What is your review of Crystal IT?,????? ????? ?? ?? ?? ????? ??? ???,H
What are some mind-blowing computer tools that exist that most people don't know about?,???? ?? ????? ???? ??? ???? ?????????? ??? ??? ?? ?? ???? ??? ????? ?? ??? ???? ????? ????,H
Is there a unicode character for the dropdown arrow?,??? ???? ???? ??? ?? ??? ???? ??????? ????? ???,H
Which are some of the best fiction novels?,??? ?? ?????? ?????? ???? ????,H
"During the Nazi occupation, what were the French school children taught?","???? ???? ?? ????? ? ???????? ????? ?? ???? ?? ??? ?????? ???? ????",H
What is the best porn video you've ever watched on the internet?,?? ?? ???? ??????? ?? ????? ?? ?? ?? ?????? ??? ????? ??? ???,H
A simple pendulum is suspended in a car traveling with a constant speed around a circle. What is the frequency of oscillation?,??? ????? ??? ?????? ???? ????? ????? ?? ???? ??? ???? ???? ??? ??? ??? ??? ????? ?? ???? ????? ???? ???†???? ?? ???? ???? ???,H
What is the function of centrosomes in plant cells?,????? ?? ????? ??? ????????? ?? ??? ??? ???,H
Which is best college for M.E in Tamil Nadu?,??? ???? ??? ??? -?? ??? ?????? ???? ??? ?? ???,H
What would someone be capable of if they knew my social security number?,?? ???? ???? ???????? ???? ????? ???,H
What are time deposits? Are RD and FD types of time deposits?,??? ?? ????? ??? ???? ??? ?? ?? ??? ??? ?? ??? ?? ??? ?? ????? ????,H
Flowers: What is vaijanti?,????: ????? ??? ???,H
Why is it a common belief that the world will turn to chaos without religion? Can people accept the fact that good can exist without a judging God?,?? ??? ??? ????? ???? ?? ?? ???? ???? ?? ???? ???????? ??? ??? ???? ???†??? ??? ?? ????? ?? ???? ?????? ??? ?? ??? ?? ????? ???? ?? ???? ?????? ????? ???,H
What happens when you break the copyright law in Dubai?,?? ?? ???? ??? ?? ????? ?? ????? ?? ????? ??? ?? ??? ???? ???,H
What is the fastest way to learn Django?,?? ?????? ????? ?? ??? ??? ???? ????? ??? ???,H
How can I reduce the ammount of REM during sleep?,??? ?? ????? ??? ?? ?? ????? ?? ???? ?? ?????? ????,H
What makes a fad diet a fad diet?,??? ??? ?? ??? ?? ??? ???? ??? ??? ???? ???,H
Why do so many men write to hot models on Instagram just to say how hot they are?,???? ???? ????? ????????? ?? ??? ???? ?? ????? ???? ???? ??? ?? ???? ?? ?? ?? ??? ????,H
What is the Object oriented approach?,?????? ?? ???? ???? ??? ??? ???,H
Who were the most powerful countries in the world at different points in history?,????? ?? ????? ?????? ?? ???? ?? ???? ?? ????? ??? ????,H
What was the first question asked on Quora?,?????? ?? ???? ???? ??? ????,H
Which is the best Call Of Duty game in the series?,????? ?? ?? ?? ???? ??? ?? ????? ??? ????? ???,H
Real life incidents?,????? ????? ?? ???????,H
Which one is correct: between you and I or between you and me?,??? ?? ???? ??: ?? ?? ??? ???? ?????? ?? ?? ?? ??? ?????,H
What should I do to join an NGO in India?,???????? ??? ??? ??? ?? ?? ??? ???? ???? ?? ??? ???? ??? ???? ??????,H
How many goals are scored by Messi and Ronaldo via a free kick?,???? ??? ??????? ?? ??? ??? ?? ????? ???? ??? ??? ????,H
What is the value for 75cos¬≤ 0.18œ?,75cos≤ 0.18œ ?? ??? ???? ???,M
When did Thanksgiving begin? When was it established as a national Holiday in the United States? Do other countries recognize Thanksgiving?,??? ????? (?????? ?????) ?? ???? ????? ?? ?? ?????? ??? ???? ????? ?? ??? ?? ???? ?? ???? ??? ????? ????? ??? ?????? ????? ?? ????? ???? ????,M
"According to the M-theory, there are 11 dimensions. Why are only 5 dimensions in regards to gravity addressed in Interstellar?","??? ?????? ?? ????? 11 ????? (?????????) ????? ???? ??? ??? ""?????????"" ??? ??? 5 ????? ?? ???? ??? ?? ????? ?? ???? ?????? ??? ???  ",M
"Recently diagnosed with throat cancer, what diet/food can I eat to supplement my treatment? What is homeopathy and can it help?","????? ??? ?? ????? ?? ????? ?? ???? ??? ???? ????? ?????? ?? ??? ??? ?? ??? ??? ???? ???? ?????????? ??? ?? ??? ??? ?? ?????? ???? ?? ???? ???",M
Does TripAdvisor allow Localites unmarried couple?,??? ??? ???????? ??? ???? ??? ????? ????? ?? ????? ???? ???,M
Can I climb mount Everest without any previous mountaineering experience?,??? ??? ???? ??? ????? ??? ?????? ?? ????? ?? ????? ?????? ?? ?? ???? ????,M
How do you install Plex on Apple TV?,???? ?? ?? ?? ????? ???? ?????? ??? ???? ???,M
Why are days of the year biased toward certain days of the week?,??? ?? ?? ????? ???? ?? ??? ????? ????? ???? ????? ????,M
Why invest in a high rise condo in Thailand?,????? ???? ??? ??? ???? ? ???? ????? ??? ?????? ???? ???? ?? ?????,M
Which is the best college to do pre sea(DME)?,??? ?? (DME) ???? ?? ??? ?????? ???? ??? ?? ???,M
How can I study linear algebra? Which books will help me in self study?,??? ?????? ?????? ???? ???? ???? ???? ??? ?????? ?? ??? ??? ?? ?????? ?????? ???? ??? ???,M
Which is the best digital marketing course?,?????? ?????? ???????? ???? ??? ?? ???,M
How did Ronald Reagan react to 9/11?,?????? ???? ?? 9/11 ?? ???? ?? ??? ????,M
Careers: I am stuck in a telecom company from last 3 years? How do I get out of it? Please help.,???????: ??? ????? 3 ????? ?? ??? ???? ??? ????? ??? ???? ??? ???? ??? ?? ?? ???? ???? ??? ???? ???? ???? ??? ??? ?????,M
Should India make mandatory for every citizen to serve in the Army for at least 2 years?,??? ????? ?? ?? ???? ?? ??? ?? ?? ?? 2 ??? ??? ??? ????? ????? ???? ????? ???? ???? ??????,M
Which is the best gaming laptop under 50k?,50 ???? ?? ???? ?????? ????? ??? ??? ??? ?? ???,M
How can I find my lost phone?,??? ???? ????? ??? ??? ???? ???? ?? ???? ????,M
"If you're uncircumcised, is it a good idea during a urine sample to pull back the foreskin, wipe off the glans, push the foreskin back, and pee?","??? ?? ??? ????? ???? ?? ??? ????? ?? ????? ?? ????? ???? ?? ????? ???????? ????? ?? ??? ????? ???? ?? ???? ????? ??? ??? ????? ???? ??? ???? ???? ???",M
What is the space between subatomic particles considered to be?,???? ????? ???? ?? ?????? ??? ?? ??? ????? ???? ???,M
What faction of the UK Conservative Party is most similar to the US Republican Party?,??????? ?? ????????? ????? ?? ??? ?? ???? ?????? ?? ??????? ????? ?? ?? ?? ????? ?????? ????? ???,M
Is chi a form of energy?,??? ?? ??????? ?? ??? ??? ???,M
Which are some of the apps on Google Play/ios App Store having more than 10000 downloads/users?,??? ?? ???? ???? ??? ?? ???? ??? ?? ??? ?? ??? ??? ????? ?? ?? ???? ?? ????? ??? ???? ??? ?? ?? ??? ??? ?? ?? ?? ?????? ?? ????? ?? ???? ?? ????? ?? ??? ???,M
How do I address a woman if I don't know if she is married or single?,"??? ???? ????? ?? ?? ?? ???? ???? ???? ??? ?? ?? ??? ???? ???? ?? ??? ??? ???? ????? ?????",M
How do I blur the background in Canon 1200d?,???? ???? ?? ??? ?? ???? ?? ?????? ???? ??? ?? ???? ???,M
Who are the five greatest Hollywood movie directors ever and why?,?? ?? ?? ???? ???? ???? ???? ?? ???? ???????? ??? ??? ??? ?????,M
What are the best & iconic movie posters?,?????? ??? ????? ???? ?????? ??? ?? ????,M
What is the purpose of my life? Why should I live?,???? ????? ?? ???? ??? ??? ??? ???? ?????,M
Why am I able to do a finger pushup after training upper body and forearms?,????? ??? ??? ??????? ?? ??? ?? ??? ??? ??????? ?? ?? ?? ?? ???? ?? ???? ???? ?? ???? ????,M
"How can I use ""have had"", ""has had"" and ""had had""?","???? ???? ""??? ???"" ??? ""??? ???"" ?? ??? ???? ??????? ?? ???? ????  ",M
"Is the term ""evolution"" explained in Vedas?","??? ????? ??? ""?????"" ?? ????? ?? ??? ???  ",M
What is the difference between Olark and Zopim?,?????? ??? ???? ??? ??? ??? ???,M
How dangerous are black snakes that have white stripes on their heads?,"???? ???? ?? ?? ???? ?? ???? ??????? ???? ???? ???? ?????? ???? ????",M
Why do Skechers shoes smell?,?????? ?? ????? ?? ???? ???? ??? ???,M
"As an insurance claims professional looking to enter into logistics and transportation as a planner, what is the optimum job title for which to apply?","???? ??????? ????? ????????? ?? ??????? ??? ???????????? ??? ?????? ??? ?? ??? ?? ??? ???? ????? ??? ?? ?? ??? ?????? ?????? ?? ????? ??? ?????",M
"What are the characteristics of a female whose sun, moon, Venus, Mercury, Pluto and ascendant are all in Scorpio?","?? ???? ?? ?? ????? ????? ????? ?????? ????? ??? ????? ???? ?? ???????? ??? ???? ?? ?? ??????? ??? ??? ???",M
How can I be handsome?,??? ??????? ???? ?? ???? ????,M
What is Wells Fargo's overdraft policy?,???? ????? ?? ???? ????? ?????? ??? ???,M
Why is Google called Google?,"???? ?? ""????"" ???? ??? ???? ???  ",M
Does Los Angeles really look like Los Santos in GTA5?,??? ??? ?????? ????? ?? ?? ?? 5 ?? ??? ?????? ???? ???? ???,M
How does a person detect if their weed was laced with rat poison?,???? ??? ???? ????? ??? ?? ?? ?? ??? ??? ???? ??? ??? ????? ??? ???,M
Do musicians love their own music?,??? ??????? ???? ?? ?????? ?? ???? ???? ????,M
"Why does Oberon punish Titania in ""A Midsummer Night's Dream""?","?????? ?? ""?? ???? ????? ????"" ??? ???????? ?? ???? ??? ???  ",M
"What hotel in Dehradun Hill-station would be safe for unmarried couples, without the harassment of police, hotel staff, and moral police?","???? ??? ?? ?????? ??? ??? ?? ???? ??? ???? ??? ????? ?? ??? ????? ????? ???? ?????? ???? ???? ??? ?????? ????? ?? ?????? ???",M
Does gel cause hair loss?,??? ??? ????? ?? ????? ?? ??? ???? ???,M
How can I see Unknown people in my dreams very clearly?,??? ???? ?????? ??? ??????? ????? ?? ??? ???? ???? ???? ???? ????,M
Which is better the resin kitchen or the granite kitchen?,???? ??? ???? ?? ?? ??????? ????,M
What are some theories of life?,????? ?? ???? ??? ??? ?????? ??? ????,M
"Given a chance, what would you say to your future soul mate?","??? ???? ???? ?? ?? ???? ?????? ?? ???? ????? ?? ??? ???? ???",M
How do I transfer ola money to Bank?,??? ???? ??? ?? ???? ??? ???? ????? ?????,M
How do I hide apps on an ??????? phone without rooting in any version of your ????????,??? ??????? ??? ??? ???? ????? ?? ??? ??? ???? ??? ???? ???? ???? ???? ????,M
How do startup accelerators give you the funding?,?????? ?? ???????????? ?? ??? ????? ????? ???? ????,M
How can I use Framer.js? How do I install it or include them in an HTML page and start prototyping?,??? ????? ?? ??? ?? ???? ??????? ?? ???? ???? ??? ??? ???? ?????? ?? ??? ?? ??? ??? ???? ??? ???? ?? ?? ??????????? ???? ?? ???? ????,M
What are issues of problems facing organization?,??? ????? ?? ????? ????? ??? ?????? ??? ????,M
How do I change the registered mobile number for the DBS bank account?,??? ?? ?? ??? ???? ?????? ?? ??? ?????? ?????? ???? ???? ????? ?????,M
How do you connect HDMI computer to VGA monitor?,??? ?? ??? ??? ??????? ?? ?? ?? ?? ?????? ?? ???? ???? ?? ???? ???,M
Is there a meaning behind the Destiny logo?,??? ?????? ???? ?? ????? ???? ???? ???,M
What is it like to live in the big cities of Jamaica compared to the ones in Mexico?,????? ?? ??? ????? ??? ???? ?? ????? ??????? ?? ????? ?? ?????? ??? ???? ???,M
What is the purpose of your life?,?? ?? ????? ?? ???? ??? ???,M
How did pioneers cure rattlesnake bites back in the day?,????? ????? ??? ??? ???? ???? ?? ????? ?? ???? ???? ???? ????,M
How do I play FarmVille on Google+?,??? ???? ??? ?? ???? ??? ???? ???? ???? ????,M
Pitch a Marvel anthology series?,????? ????????? ????? ?? ????? ???? ?? ?? ???? ???,M
What is state in constitution of India?,????? ?? ???? ??? ????? ??? ???,M
Is it good to do gym at morning and swimming at noon?,??? ??? ?? ??? ?? ???? ??? ????? ??? ????? ???? ???,M
What is spiritism?,?????? ??? ??? ???,M
Do employees at Duke Realty have a good work-life balance? Does this differ across positions and departments?,??? ???? ?????? ?? ??????? ?? ??? ??? ??? ???? ????? ??? ????? ???? ???? ??? ??? ?? ????? ????? ??? ?????? ??? ????? ???? ???,M
I will start eating one egg per day for a month. What other small thing can I add that has very low calories and would keep me healthy? Fruit maybe?,??? ??? ????? ?? ?????? ??? ???? ????? ???? ???? ??? ??? ??? ??? ?? ????? ??? ???? ?? ???? ??? ?? ??? ?? ??????? ????? ?? ??? ???? ??? ??? ????? ??? ??? ??? ???? ?????? ?????,M
Does women desire sex equally as much as men do?,??? ?????? ??? ????? ?? ??? ????? ???? ????? ????? ????,M
How do you feel when someone points out your mistake?,?? ???? ?? ?? ???? ?? ??????? ???? ?? ?? ?? ???? ????? ???? ????,M
SEO or SMO which help to get more business?,"??? ?? ?? ?? ??? ??? ??? ??? ?? ????? ??????? ???? ???? ??? ??? ???? ???",M
"I have a cataract in my eye, Am I eligible for Indian Airforce?","???? ???? ??? ????? ??? ??? ??? ?????? ?????? ?? ??? ??? ????",M
What are the best ways to lose weight?,??? ?? ???? ?? ?????? ????? ??? ?? ????,M
"Where is the Baraka River located, and how does it compare to the White Nile?","?????? ???? ???? ???? ??? ??? ?? ?????? ??? ???? ?? ?????? ??? ???? ???",M
Can all women have anal sex?,??? ???? ?????? ????? ???? ???? ???? ?? ???? ????,M
How can I book Ronda Rousey to star in an adult movie?,??? ????? ???? ?? ??? ???? ??? ??? ??? ???? ?? ??? ???? ??? ?? ???? ????,M
"Why did aircraft stop using variable-sweep wings, like those on an F-14?","?????? ?? ????? ????? ???? ???? ?? ??????? ???? ??? ?? ???? ???? ???-14 ??? ????",M
Why do you think Donald Trump is getting so much support?,?? ?? ???? ??? ????? ???? ?? ???? ????? ????? ???? ?? ??? ???,M
I got a score of 99 in TOEFL will it negate my AWA score of 3.0?,"??? ?? ?? ?? ?? ??? ??? ??? 99 ???? ???? ???? ??? ?? ???? ?? ????? ?? ?? 3.0 ????? ?? ???? ??? ?? ????? ??? ???",M
Does okha express provide food?,??? ????? ???????? ????? ?? ????? ????? ???? ???,M
I can feel a little mass protruding out when I touch the back of my skull on both sides of the hemispheres. Is this a tumor?,?? ??? ???? ?? ?? ????? ??? ?? ????? ??? ????? ??? ?? ???? ??? ????? ?? ????? ????? ???? ??? ??? ?? ????? ???,M
Which army would win if fights occured between US troops from WW2 and US troops from Vietnam war?,?? ??? ???? ?????? ?? ????? ??? ?? ????? ??? ??? ?? ????? ??? ????? ??? ?? ???? ??? ????? ?? ????? ????? ???? ??? ??? ?? ????? ???,M
What are some tips for learning the guitar on your own?,??? ????? ????? ??? ?? ?????? ????? ??? ?????? ??? ?? ?????? ????? ?? ?????? ??????? ????? ?? ??? ?? ??? ??? ???? ??? ???,M
What is it like to have unique name?,??? ?? ???? ?????? ?? ??? ??? ?????? ??? ????,M
Is there a possibility to grow taller at 17?,????? ??? ????? ?? ????? ???? ???? ???,M
I cannot control my urge to have sweets. I feel addicted. I have lost control over my mind. What can I do?,??? 17 ??? ?? ??? ??? ?? ??? ????? ???? ?? ????? ???,M
How do I physically speak with a softer voice?,??? ?????? ????? ?? ????? ?? ???? ??? ???? ??? ????? ???? ??? ?? ??? ????? ???? ??? ??? ?? ???? ??? ?? ???? ??? ??? ??? ??? ??? ?? ???? ????,M
Is the U.S. un-invadable?,??? ?????? ??? ?? ??? ???? ??? ??? ???? ?? ???? ????,M
Could all bitcoin mining be done by a single Raspberry Pi?,??? ?????? ?????? ???? ???,M
"My exgirlfriend is on my car insurance. She has her own car. I was going to leave her on it until she is 25 (Feb) just to be nice, I guess. I saw a friend of hers driving her car. If she lets someone borrow her car and something happens, can anything fall back on me in anyway?",??? ???? ?? ????? ??? ??? ??? ???? ??????? ???? ?? ?? ?? ???? ???,M
How can I integrate Bitbucket with Microsoft Azure to build and deploy applications?,"???? ????? ?????? ???? ???? ?? ???? ??? ???? ??? ?? ?? ??? ???? ???? ??? ??? ?? ???? ??? ?? ??? ??? ???? ?? ??? ??? ????? ?? ???? ?? ?? ?? 25 ??? ?? ?? ???? (?????)? ???? ??????? ?? ???? ??? ?? ?? ?? ??? ???? ?? ?? ?? ???? ????? ?????? ??? ?? ??? ?? ???? ???? ????? ???? ?? ??? ??? ?? ???? ?? ?? ??? ??? ?? ???? ??? ???? ???? ?? ???? ???",M
Where is my downloaded iTunes music on my iPad?,???? ??? ??? ?? ???? ??? ?? ??? ??? ????? ?????? ???? ??? ???,M
What's the best energy drink that can keep a person going all day long?,??? ?? ????? ???? ?????? ?? ?? ??? ??? ?? ???? ?? ??? ? ????? ??? ???? ???,M
How long does your sex last?,?? ?? ???? ??? ???? ??? ?? ???? ???? ???,M
Why are Muslims often stereotyped as terrorists?,???????? ?? ???? ???? ??? ?? ??? ?? ???? ???????? ?????? ??? ??? ??? ???? ???,M
What is the aim of science?,????? ?? ???? ??? ???,M
What are some best books for CAT preparation?,??? ?? ????? ?? ??? ?????? ?????? ??? ?? ????,M
How can I get food stamps in college?,???? ??? ??? ?????? ???? ???? ?? ???? ????,M
In what instance is a half cord of wood necessary over a full cord of wood?,?? ????? ??? ???? ???? ???? ???? ???? ???? ?? ????? ?? ???? ???,M
Can we cancel a 'Tatkal waiting list' ticket?,??? ?? '????? ????? ???' ?? ??? ????? ?? ???? ????,M
"I got a right wrist fracture, I want to join the gym again should I?","???? ????? ????? ??? ?????? ?? ??? ??? ??? ?????? ?? ???? ????? ???? ??? ???? ???? ??????",M
Why should we avoid hot tea in plastic cup?,???? ???? ?????? ?? ?? ??? ??? ???? ???? ?? ???? ???? ??????,M
How do I increase grey matter in the brain?,???? ??? ??? ???? ?????? ?? ??? ??? ??? ?????,M
What does it feel like to have a man ejaculate inside your anus (without a condom)?,??? ??? ?? ???? ????? ?? ?? ?? ???? ??? ????? ???? ???? ????? ???? ???,M
How do I use Python for web development? What are the tools and the methodologies used?,??? ???????? ?? ??? ??? ?????? ?? ???? ??????? ????? ??? ?? ????? ??? ????? ??? ??????? ???? ????,M
Who  funded douban.com?,????? ??? ??? ?? ?? ?? ??? ????,M
Does Anthony Bourdain own any restaurants?,??? ??????? ?????? ?? ???? ???????? ???,M
What is the standard amount of time off given for an international relocation?,??? ???????? ?????? ?? ??? ????? ??? ?? ???? ?? ?? ???? ?? ???? ???,M
How do you act sympathetic for someones pain over text?,??? ?? ??? ?? ????? ?? ????? ?????? ?? ????? ???? ??? ?????,M
What are some mind blowing tools and things that most people don't know?,??? ?? ???? ????? ????? ??? ????? ??? ?? ?? ???? ??? ????? ?? ??? ???? ??????,M
Who has proved himself/herself the best Chief Minister of India to date?,?? ?? ????? ?? ?? ?? ?????? ??? ????? ???? ?? ???? ?? ?? ??? ???,M
"Why is ""The Sound of Music"" motion picture still so famous?","""?? ????? ?? ?????"" ??? ?? ??? ???? ????? ???? ???",M
"Will ""Lucy"" get a sequel?","??? ""????"" ?? ?????? ??? ???",M
Is it safe to buy from AliExpress?,??? ??? ???????? ?? ??????? ????? ???,M
How do I get a job in NASA from India?,??? ????? ?? ???? ??? ????? ???? ???? ?? ???? ????,M
What does it mean when my boyfriend calls me sexy?,"?? ???? ????? ????? ???? ""?????"" ???? ?? ?? ?? ?? ??? ???? ???? ???",M
What are some things new employees should know going into their first day at Marcus?,????? ??? ???? ?? ????? ?? ??? ???? ??? ??????? ?? ?? ????? ?? ??? ???? ??????,M
Why does the CBSE setting have such tough papers for the class 12 and 10 for board exams?,?? ?? ??? ?? ???? ????? ????? ??? ??????? ?? ???????? ?? ??? ???? ???? ???? ???? ???? ???? ???,M
What is the best way to prepare for IITJEE?,??? ??? ?? ?? ?? ?? ?? ????? ?? ?????? ????? ??? ???,M
Can I renounce my US citizenship?,??? ??? ???? ?????? ????? ???? ???? ????,M
What are some questions that reveal the character of a female person?,??? ?? ?????? ??? ????? ?? ????? ?? ???? ???? ????,M
What math does a complete newbie need to understand algorithms for computer programming? What books on algorithms are suitable for a complete beginner?,??????? ????????? ?? ???????? ?? ?????? ?? ??? ??? ???? ??? ??? ?? ??? ?? ????? ??? ????????? ??????? ????? ?? ??? ???????? ?? ??? ?? ?????? ????? ????,M
What‚Äôs the best way to get someone to stop for you as a hitchhiker?,???? ?? ?????? ??? ?? ???? ??? ???? ?? ????? ???? ?? ?????? ????? ??? ???,M
I've been using my phone too much lately. I feel like I have aquired ADHD from using my phone too much. What do I do?,??? ??? ?? ??? ??? ????? ??? ??????? ?? ??? ???? ???? ???? ?? ?? ??? ?? ??? ????? ??????? ???? ?? ?? ?? ??? ?? ???? ?? ?? ??? ??? ??? ?????,M
"Pangrams: In English, using all the letters of the alphabet exactly once, and picking one dictionary, can you make a sentence, or any set of common English words?","????????: ??????? ??? ???? ????? ???? ?? ????? ??? ??? ??????? ???? ????? ??? ??? ??? ????? ???? ????? ??? ?? ??? ???? ?? ??? ????? ?? ?????? ??? ???? ????",M
"28,34,18,24,26,30,35,33,38,40,31,37 find the median, mod and mean of the following data.?","??? ??? ??? ??? ??? ??? ??? ??? ??? ??? ??? ?? ??? ?????? ??? ??? ??? ??? ???",M
Why is my steering wheel light?,???? ???????? ???? ???? ???? ???? ???,M
"When do you use ""&"" instead of ""and""?","?? ""&"" ?? ??????? ""and"" ?? ????? ??? ???? ???",M
Bollywood industry doesn't encourage outsiders? For ex outsiders may get one or at max two chances whereas star kids get multiple chances to perform?,"??? ???? ??? ??????? ???? ?? ??? ????? ?? ????? ?????? ???? ????? ?????? ???? ?? ??? ????? ?? ??? ??? ?? ????? ?? ????? ?? ????? ???? ??? ???? ????? ???? ?? ??? ????? ??? ???? ????",M
What are the causes of low sperm count?,???? ?? ??? ?? ?????? ??? ????,M
How many jobs has Donald Trump created/support?,????? ???? ?? ???? ??????? ???? ??? ?? ?? ?? ??? ???,M
"Is it wrong that I find it ignorant of Americans to say that America is the best country in the world? I'm American living in Sydney, Australia ","??? ?? ??? ?? ?? ???? ?? ???? ???????? ?? ????? ???? ?? ?? ""?????? ???? ?? ?? ?? ?????? ??? ??""? ??? ??? ?????? ??? ??? ????? ???????? ??? ???? ???",M
What is an easy way to attach scrapy to my web app?,???? ??? ??? ?? ??????? ?? ????? ?? ????? ???? ?? ????? ??? ???,M
"How can I recover the images, videos and files I accidentally deleted from the internal memory of my phone?","??? ???? ??? ?? ??????? ?????? ?? ???? ?? ??? ??? ??????? ?????? ??? ????? ???? ???? ?? ???? ????",M
How do I introduce myself in a interview of a teacher?,??? ????? ?? ??????? ??? ??? ?? ???? ?????? ??????,M
What have been some of the most significant contributions towards the standard model?,?????? ???? ?? ??? ?? ???? ???? ?? ?? ??? ?????? ??? ?? ??? ????,M
"How many problems in total, an approximate guess, does the GeeksforGeeks website have?","??????? ???????? ????? ??? ????? ??? ???? ?? ?? ???? ????? ????? ????",M
What is the best presentation software for you tube video making (both paid and free)?,?????? ?????? ????? ?? ??? ?????? ????????? ???? ???? ??? ?? ??? (??? ??? ????? ???? ???? ?????),M
How do I personalize my Quora feed?,??? ???? ????? ??? ?? ???? ????? ?? ???? ??? ???? ????,M
How can I book a short duration freighter/cargo ship cruise with only US ports of call?,??? ??? ?????? ????????? ?? ???? ????? ??? ?? ??? ?????/????? ?? ?? ??? ???? ?? ?? ???? ????,M
How do I excel in computer sciece & programing without wasting four years in CS degree in Indian engineering college?,??? ????? ????????? ???? ??? ??? ??? ???? ??? ???? ??????? ????? ??? ????????? ??? ????? ???? ???? ?? ???? ????,M
"What do non-Indians feel about M.S. Dhoni, Virat Kohli, and company?","??? ?????? ????? ?? ??? ??? ?????? ????? ????? ??? ?? ?? ??? ?? ???? ??? ??? ???? ???",M
What are common required and elective courses in philosophy?,????? ??? ??? ????? ??? ??????? ?????? ??? ?? ???? ????,M
Should I join a coaching for CAT?,??? ???? ??? ?? ????? ?? ??? ????? ????? ???? ??????,M
"I am a young adult woman and I've never had a boyfriend. Is this normal, or is something wrong with me?",??? ??? ?????? ???? ???? ??? ??? ???? ???? ????? ????? ???? ???? ??? ?? ????? ?? ??? ?? ?? ???? ???? ??? ??? ???,M
What is the legacy of Michael Jackson?,?????? ????? ?? ????? ??? ???,M
What is the difference between urban and rural?,???? ??? ???? ?????? ??? ??? ??? ???,M
What is an orientation programme?,????????? ??????? ??? ???? ???,M
What's life after retirement?,????????? ?? ??? ????? ???? ???? ???,M
What do I do when I don't feel like doing anything?,?? ??? ??? ?? ?? ?? ??? ?? ??? ???? ??????,M
What computer science courses should I take If I want to join a product based or e-commerce company?,??? ??? ??? ?????? ???? ?? ?? ????? ????? ??? ???? ????? ?? ??????? ????? ?? ??? ?? ????? ???? ???????,M
"100-101 ICND1 got expired on August 20th, 2016. Does it mean that there won't be CCNA v2 exam anymore?","???-??? ??? ?? ??? ?? ? ???? ??? ???? ?? ??? ?? ???? ??? ?? ?? ???? ?? ?? ?? ?? ?? ??? ?? ???? ? ?? ?????? ???? ?? ???",M
"My exgirlfriend is on my car insurance. She has her own car. I was going to leave her on it until she is 25 (Feb) just to be nice, I guess. I saw a friend of hers driving her car. If she lets someone borrow her car and something happens, can anything fall back on me in anyway?",???? ????? ??? ????? ???? ??? ??????? ?? ???? ??? ?? ?? ??? ???? ???? ??? ??? ?? ???? ??? ?? ??? ????? ??? ?? ??? ?? ??? ?? ???? ??? ??? ??????? ?? ??? ??? ??? ?? ?? ?? ??? ???? ?? ?? ?? ???? ????? ?????? ??? ?? ???? ???? ??? ??? ?? ????? ?? ??? ??? ?? ???? ?? ??? ?? ?? ???? ??? ??? ?? ?? ???? ???,M
How can I integrate Bitbucket with Microsoft Azure to build and deploy applications?,??? ?? ??? ?? ??????????? ????? ?? ???? ???? ?? ?? ?? ?????????? ????? ??? ?????? ?????,M
Where is my downloaded iTunes music on my iPad?,???? ??? ??? ?? ??? ????? ?? ??????? ??? ??? ?????? ???? ??? ???,M
What's the best energy drink that can keep a person going all day long?,?? ??? ?? ?????? ????? ???? ?? ?? ???? ?? ??????? ????? ?? ???? ???,M
How long does your sex last?,?? ?? ???? ??? ???? ??? ?? ???? ???? ???,M
What is the aim of science?,????? ?? ???? ??? ???,M
What are some best books for CAT preparation?,??? ?? ????? ?? ??? ?????? ?????? ??? ?? ????,M
How can I get food stamps in college?,???? ??? ??? ??????? ???? ???? ??? ?? ???? ????,M
In what instance is a half cord of wood necessary over a full cord of wood?,?? ????? ??? ???? ???? ?? ????? ???? ???? ?? ????? ???? ???,M
Can we cancel a 'Tatkal waiting list' ticket?,??? ?? '????? ????? ???' ?? ??? ????? ?? ???? ????,M
"I got a right wrist fracture, I want to join the gym again should I?","???? ????? ????? ?? ??? ??? ??? ??? ??? ?????? ?? ????? ???? ????? ???? ??? ???? ???? ??????",M
Why should we avoid hot tea in plastic cup?,???? ???? ?????? ?? ?? ??? ??? ???? ???? ?? ???? ???? ??????,M
How do I increase grey matter in the brain?,???? ??? ??? ???? ?????? ?? ??? ??? ??? ?????,M
What does it feel like to have a man ejaculate inside your anus (without a condom)?,??? ??? ?? ???? ????? ?? ?? ?? ???? ??? ????? ???? ???? ????? ???? ???,M
How do I use Python for web development? What are the tools and the methodologies used?,??? ???????? ?? ??? ??? ?????? ?? ???? ??????? ????? ??? ?? ????? ??? ????? ??? ??????? ???? ????,M
Who  funded douban.com?,????? ??? ??? ?? ?? ?? ??? ????,M
Does Anthony Bourdain own any restaurants?,??? ??????? ?????? ?? ???? ???????? ???,M
What is the standard amount of time off given for an international relocation?,??? ???????? ?????? ?? ??? ????? ??? ?? ???? ?? ?? ???? ?? ???? ???,M
How do you act sympathetic for someones pain over text?,"??? ?? ??? ???? ????? ??? ??????? ?? ??? ????? ????? ???? ???? ??? ??? ??? ?? ????? ????? ?? ?????? ???????? ?? ??? ????? ???? ???",M
How do you act sympathetic for someones pain over text?,"??? ???? ?? ??? ?? ??? ????? ???? ??? ??? ?? ??? ?? ?????? ?? ????? ???? ??? ??? ?? ??? ?? ????? ??????? ?? ???? ????",M
Who has proved himself/herself the best Chief Minister of India to date?,"???? ?????? ??????? ?? ?? ????? ??? ??? ???? ???? ??? ??? ???? ?? ????? ?? ??? ????? ?????? ????? ??? ?? ???? ????",M
"Why is ""The Sound of Music"" motion picture still so famous?","???? ??? ???? ???? ???? ??? ???? ?????? ??? ??? ?? ?? ?? ????? ??????? ?? ??? ??? ????? ?? ????? ???? ???",M
"Will ""Lucy"" get a sequel?",??? ???? ???????? ????? ??? ?? ??? ??? ?????? ?????? ??? ????????? ?? ????? ?? ?????? ?? ????? ???? ?????,M
Is it safe to buy from AliExpress?,??? ??? ???????? ?? ??????? ????? ???,M
How do I get a job in NASA from India?,??? ????? ?? ???? ??? ????? ???? ???? ?? ???? ????,M
What does it mean when my boyfriend calls me sexy?,"?? ???? ????? ????? ???? ""?????"" ???? ?? ?? ?? ?? ??? ???? ???? ???",M
What are some things new employees should know going into their first day at Marcus?,????? ??? ???? ?? ????? ?? ??? ???? ??? ??????? ?? ?? ????? ?? ??? ???? ??????,M
Why does the CBSE setting have such tough papers for the class 12 and 10 for board exams?,?? ?? ??? ?? ???? ????? ????? ??? ??????? ?? ???????? ?? ??? ???? ???? ???? ???? ???? ???? ???,M
What is the best way to prepare for IITJEE?,??? ??? ?? ?? ?? ?? ?? ????? ?? ?????? ????? ??? ???,M
Can I renounce my US citizenship?,??? ??? ???? ?????? ????? ???? ???? ????,M
What are some questions that reveal the character of a female person?,"???????? ??????? ??? ?????? ?? ???? ??? ??? ??? ?? ???? ????? ??? ????? ???????? ???? ???? ???? ??? ??? ???? ???? ???? ?? ??? ????? ????? ???",M
What math does a complete newbie need to understand algorithms for computer programming? What books on algorithms are suitable for a complete beginner?,??? ???? ??? ??? ?? ??????? ????????? ?? ???????? ?????? ?? ??? ??? ?? ????? ????? ????? ?????? ???????? ?? ??? ?? ?????? ???? ??????? ????? ?? ??? ????? ????,M
What‚Äôs the best way to get someone to stop for you as a hitchhiker?,???? ?? ?????? ??? ?? ???? ??? ???? ?? ????? ???? ?? ?????? ????? ??? ???,M
I've been using my phone too much lately. I feel like I have aquired ADHD from using my phone too much. What do I do?,??? ??? ?? ??? ??? ????? ??? ??????? ?? ??? ???? ???? ???? ?? ?? ??? ?? ??? ????? ??????? ???? ?? ?? ?? ??? ?? ???? ?? ?? ??? ??? ??? ?????,M
"Pangrams: In English, using all the letters of the alphabet exactly once, and picking one dictionary, can you make a sentence, or any set of common English words?","??????: ??????? ??? ???? ????? ???? ?? ????? ??? ??? ??????? ???? ????? ??? ??? ??? ????? ???? ????? ??? ?? ??? ???? ?? ??? ????? ?? ?????? ??? ???? ????",M
"28,34,18,24,26,30,35,33,38,40,31,37 find the median, mod and mean of the following data.?","??? ??? ??? ??? ??? ??? ??? ??? ??? ??? ??? ?? ??? ?????? ??? ??? ??? ??? ???",M
Why is my steering wheel light?,???? ???????? ???? ???? ???? ???? ???,M
"When do you use ""&"" instead of ""and""?","?? ""&"" ?? ??????? ""and"" ?? ????? ??? ???? ???",M
Bollywood industry doesn't encourage outsiders? For ex outsiders may get one or at max two chances whereas star kids get multiple chances to perform?,"??? ???? ??? ??????? ???? ?? ??? ????? ?? ????? ?????? ???? ????? ?????? ???? ?? ??? ????? ?? ??? ??? ?? ????? ?? ????? ?? ????? ???? ??? ???? ????? ???? ?? ??? ????? ??? ???? ????",M
What are the causes of low sperm count?,???? ?? ??? ?? ?????? ??? ????,M
How many jobs has Donald Trump created/support?,????? ???? ?? ???? ??????? ???? ??? ?? ?? ?? ??? ???,M
"Is it wrong that I find it ignorant of Americans to say that America is the best country in the world? I'm American living in Sydney, Australia ","??? ?? ??? ?? ?? ???? ?? ???? ???????? ?? ????? ???? ?? ?? ""?????? ???? ?? ?? ?? ?????? ??? ??""? ??? ??? ?????? ??? ??? ????? ???????? ??? ???? ???",M
What is an easy way to attach scrapy to my web app?,???? ??? ??? ?? ??????? ?? ????? ?? ????? ???? ?? ????? ??? ???,M
"How can I recover the images, videos and files I accidentally deleted from the internal memory of my phone?","??? ???? ??? ?? ??????? ?????? ?? ???? ?? ??? ??? ??????? ?????? ??? ????? ???? ???? ?? ???? ????",M
How do I introduce myself in a interview of a teacher?,??? ????? ?? ??????? ??? ??? ?? ???? ?????? ??????,M
What have been some of the most significant contributions towards the standard model?,?????? ???? ?? ??? ?? ???? ???? ?? ?? ??? ?????? ??? ?? ??? ????,M
"How many problems in total, an approximate guess, does the GeeksforGeeks website have?","??????? ???????? ????? ??? ????? ??? ???? ?? ?? ???? ????? ????? ????",M
What is the best presentation software for you tube video making (both paid and free)?,?????? ?????? ????? ?? ??? ?????? ????????? ???? ???? ??? ?? ??? (??? ??? ????? ???? ???? ?????)??? ???? ????? ??? ?? ???? ????? ?? ???? ??? ???? ????,M
How do I personalize my Quora feed?,??? ??? ?????? ????????? ?? ???? ????? ??? ?? ??? ?????/????? ?? ?? ??? ???? ?? ?? ???? ????,M
How can I book a short duration freighter/cargo ship cruise with only US ports of call?,??? ????? ????????? ???? ??? ??? ??? ???? ??? ???? ??????? ????? ??? ????????? ??? ????? ???? ???? ?? ???? ????,M
How do I excel in computer sciece & programing without wasting four years in CS degree in Indian engineering college?,"??? ?????? ????? ?? ??? ??? ?????? ????? ????? ??? ?? ?? ??? ?? ???? ??? ??? ???? ???",M
"What do non-Indians feel about M.S. Dhoni, Virat Kohli, and company?","??? ?????? ??? ?????????????? ????? ????? ??? ?? ?? ??? ?? ???? ??? ??? ????? ???? ????",M
What are common required and elective courses in philosophy?,????? ??? ????? ????? ??? ??????? ????? ??? ?? ???? ????,M
Should I join a coaching for CAT?,??? ???? ?? ?? ?? ?? ????? ?? ??? ????? ????? ???? ??????,M
"I am a young adult woman and I've never had a boyfriend. Is this normal, or is something wrong with me?",??? ??? ?????? ???? ??? ??? ???? ???? ???? ????? ????? ???? ???? ??? ?? ????? ?? ??? ?? ?? ???? ???? ??? ??? ???,M
What is the legacy of Michael Jackson?,?????? ????? ?? ????? ??? ???,M
What is the difference between urban and rural?,???? ??? ???? ??? ??? ??? ???? ???,M
What is an orientation programme?,?????? ??????? ??? ???? ???,M
What's life after retirement?,????????? ?? ??? ?? ????? ???? ???? ???,M
What do I do when I don't feel like doing anything?,?? ??? ???? ?? ?? ?? ??? ?? ??? ???? ??????,M
What computer science courses should I take If I want to join a product based or e-commerce company?,??? ??? ??? ?????? ???? ?? ??-????? ????? ??? ???? ???? ????? ?? ???? ??????? ????? ?? ??? ?? ????? ???? ???????,M
How much would it cost to construct 2000 sqft area RCC slab?,?? ???? ???? ?? ?? ???? ?? ?? ?? ?? ???? ????? ??? ???? ??? ??? ???,M
How can I reduce my weight in 3 months?,??? ??? ????? ??? ???? ??? ???? ?? ?? ???? ????,M
"How can you personalize a LinkedIn invitation? I think I just sent a colleague an invitation on LinkedIn, but did not get a chance to personalize it!","???? ?? ?????????? ??????? ??? ????? ??? ?? ?????? ?? ??? ??? ???? ??? ??? ??? ????? ?????? ?? ?????? ??? ?????? ??? ???? ????",M
What is the best way to counteract anxiety as soon as it starts?,"???? ?? ????? ??? ??????? ??? ?? ???? ???? ??? ??? ???? ??? ??? ?? ?? ???? ????? ?? ??? ???",M
Which is the third largest country in area?,"?? ?? ??????? ?? ?? ?? ???? ??? ??? ?? ?????? ??? ??? ??? ??? ?? ?? ???? ??? ?????? ?? ???? ???",M
"I own a multinational company worth $450 million dollars, and I want to prepare my son to be the future CEO. What should I advise him?","??? ??? ???? ????? ????? ?? ???? ??? ?? ?? ????? 450 ???? ???? ??? ??? ??? ???? ???? ?? ?????? ?? ?? ?? ?? ????? ?? ??? ???? ???? ????? ???? ???? ???? ??? ????? ???? ??????",M
What is the temperament of a Border Collie/German Shepherd mix?,????? ???? ??? ???? ????? ?? ???? ?? ??? ?? ???? ???? ???? ???,M
How did you feel when you travelled in an airplane for the first time?,?? ?? ?? ???? ??? ????? ???? ??? ??? ??? ?? ???? ????? ????,M
What does it mean to see a white bull in your dream?,???? ??? ???? ??? ?????? ?? ??? ???? ???? ???,M
Which are the best careers for women?,?????? ?? ??? ?????? ?????? ??? ?? ????,M
Is Breaking Bad an overrated TV series?,??? ?????? ??? ??? ????? ?? ????? ????? ??? ?? ?? ????? ???,M
How can the following vector concept be solved?,??? ??? ????? ?? ???? ?? ???? ?? ??? ?? ???? ???,M
Assuming that x is random variable. Prove mathematically that Œºx= Œº (the mean of the probability distribution is equal to the mean in the population?,??? ???? ?? x ??? ????? ???? ???? ??? ???????? ??? ?? ???? ???? ?? ?x = ? (???? ??????????? ????? ????? ?? ???? ???? ????? ?? ???? ?? ????? ???? ??)?,M
What makes young girls fall for married guys in late thirties or early forties?,?????? ?????? ?????? ??? ?? ????? ??? ?? ???? ??? ????? ?? ??? ???? ???? ???? ????,M
I love English.Which stream should I go for in 11th if I'm studying icse ?,???? ??????? ???? ?? ???? ??? ??? ??? ??? ?? ??? ?? ?? ??? ?????? ?? ??? ??? ?? ???????? ????? ??? ??? ?? ????? ????? ?????,M
What makes pilot watches different from the regular ones?,????? ???? ?? ??? ?????? ?? ????? ??? ????? ???,M
How companies make money?,??????? ???? ???? ????? ????,M
What is sin?,???? ??? ???? ???,M
What was Obama trying to accomplish by agreeing to a Bill O'Reilly interview?,?????? ?? ?? ????? ?? ???? ??????? ???? ?? ??? ???? ???? ????? ????,M
Where do scientists work?,???????? ???? ??? ???? ????,M
"Do private wealth managers really make a difference in making a wealthy person wealthier? Also would it be better to have an asset manager if your main source of income is assets (rental space, hotels, and vacation rentals).","??? ???????? ????? ?????? ????? ??? ???? ??? ?? ???? ???? ??? ????? ??? ??? ??? ???? ???? ???? ??? ????? ?? ?????? ????? ????? ??? (????? ?? ?????? ????? ??? ?????? ?????? ?? ?????) ?? ??? ???? ??? ????? ?????? ????? ???? ???",M
What is the meaning of ‚úaverage of the maximum cases‚?,????? ?? ????? ???? ?? ???? ?? ??? ???? ???? ???,M
What is the one thing you regret doing in your life?,????? ??? ?? ??? ?? ??? ??? ?? ?? ?? ?? ?? ??????? ???,M
What happens when you mix sodium chloride and barium nitrate?,?? ?? ????? ???????? ??? ????? ??????? ?? ????? ??? ?? ??? ???? ???,M
Why we don't believe in ourselves?,?? ??? ?? ???? ???? ???? ??????,M
What has china done to help iraq and syria?,??? ?? ???? ??? ??? ?? ??? ?? ??? ??? ??? ???,M
Physics: Why is polluted air denser than cold air?,????: ????? ??? ????? ??? ?? ????? ???? ???? ???? ???,M
Is there a good pay for reviews site out there?,??? ???? ???? ???? ??? ???? ??? ???? ?? ?? ????? ????? ?? ???? ????? ??????? ???? ???,M
Where can I hire a hacker?,??? ???? ???? ?? ???? ?? ???? ????,M
What is the meaning of the future?,?????? ?? ???? ??? ???? ???,M
What happens when I block a number on whatsapp?,?? ??? ??? ???? ?? ???? ??? ?? ???? ???? ??? ?? ??? ???? ???,M
Can you present only your work in an academic poster of a research study?,??? ???????? ?????? ?? ??? ?????? ????? ??? ??? ???? ??? ??? ??? ?? ???? ???,M
How can I connect my laptop through phone or tablet?,??? ???? ??? ??? ?? ??? ?? ????? ?? ????? ???? ????? ?? ???? ????,M
What should we do to avoid over thinking and being stressed up?,???? ????? ????? ??? ???? ???? ?? ???? ?? ??? ??? ???? ??????,M
How do I prepare for RRB NTPC second stage?,??? ?? ?? ?? ??? ?? ?? ?? ?? ????? ????? ?? ????? ???? ?????,M
"What hotel in Allahabad would be safe for unmarried couples, without the harassment of police, hotel staff, and moral police?","??? ???? ??? ??? ?? ???? ??? ???? ??? ????? ?? ??? ????? ????? ???? ?????? ???? ????? ?? ?????? ????? ?? ??? ?? ??????? ?? ???",M
What is a social justice warrior?,???? ???? ?????? ??? ???? ???,M
How is mental retardation viewed in Europe?,???? ??? ???? ???????? ?? ?? ??? ?? ????? ???? ???,M
Which one is better? Intel HD graphics 4400 or the nvidia geforce 930m 2 gb?,??? ?? ???? ??? ????? ??? ?? ?????? 4400 ?? ???????? ?????? 930 ??? 2 ?? ???,M
How does eclipse force.com IDE work on Macbook pro?,?????? ???? ??? ??? ??? ?? ?? ??? ?? ??? ?? ???? ??? ???? ???,M
"How does Clinton/Kaine intend to support down-ballot Democrats, and what can we do to elect a Democratic Congress?","?????/??? ???????? ????????? ?? ??? ?? ??? ??? ????? ????? ???? ??? ?? ???????? ??????? ?? ?????? ?? ??? ??? ?? ???? ????",M
Did India ever tried to invade Pakistan?,??? ????? ?? ???? ??????? ?? ???? ???? ?? ???? ???,M
What are the best exercises for gaining muscles that can be done at home?,??? ?? ??? ?? ???? ???? ?????? ??? ????? ???? ?????? ??? ?? ????,M
What are your views on the movie Flying Colors?,??? ?????? ???? ?? ???? ??? ?? ?? ??? ???? ???,M
"If math and English or any other language are so far apart in regards to methods of study, etc. why do so many mathematicians use such big words?","??? ????? ??? ??????? ?? ???? ??? ???? ?????? ?????? ?? ???? ?? ???? ????? ???? ?? ??? ???? ????? ????? ??? ???? ??? ????? ???? ??????? ???? ????",M
Why CO is a lewis base?,????? ???? ??????? ??? ???? ??? ???? ???,M
How can I specifically update a section of my webpage without PHP (I believe GitHub does not support PHP)?,??? ???? ??? ???? ?? ??? ????? ????? ?? ??? ?? ?? ???? ???? ?? ??? ?? ???? ??? (???? ?? ???? ???? ?? ?? ??? ?? ?? ??? ?? ?? ????? ???? ????)?,M
What are some new technology or emerging technology for technical seminar?,?????? ??????? ?? ??? ??? ??? ?? ?????? ???? ?????????? ??? ????,M
What tripod should I get for my Canon 6D?,???? Canon 6D ?? ??? ???? ??? ?? ???????? ?????? ??????,M
How can I make a working model on maths?,??? ????? ?? ??? ???? ???? ???? ??? ???? ????,M
How do people die?,??? ???? ???? ????,M
How many ways are there to place 9 identical balls in 3 indistinguishable red boxes and 3 indistinguishable green boxes?,9????? ?????? ?? 3 ?????? ???? ??? ???? ??? 3 ?????? ???? ??? ???? ??? ????? ?? ???? ????? ????,M
What SD card do I need to play videis from my SD card to TV via USB?,???? ???? SD ???? ?? USB ?? ????? ?? ?? ?? ?????? ????? ?? ??? ??? ?? SD ???? ??????,M
What questions should I ask a famous person?,???? ??? ????? ????? ?? ??? ?? ?????? ?????? ???????,M
Which Sherlock series is worth watching?,??? ?? ???? ????? ?????? ?? ???? ???,M
How do you stop being afraid of everything?,?? ??? ?? ???? ?? ???? ???? ???? ?? ?????,M
How do you care for guinea pigs?,??? ??? ?? ???? ???? ???? ?? ???? ???,M
"My friend betrayed me in a terrible way. what is the best way to get closure, revenge, or let go?","???? ???? ?? ??? ?? ??? ?????? ????? ?? ????? ???? ???? ???? ????? ???? ???? ?? ???? ???? ?? ?????? ????? ??? ???",M
After completing the Java lectures should I jump to problem solving on different websites or should I learn some algorithms from MIT lectures?,???? ?? ?????? ???? ???? ?? ??? ??? ???? ????? ??? ????? ?? ????? ?? ???? ?? ??? ???? ????? ?? MIT ?? ?????? ?? ??? ????????? ?????? ???????,M
Do spiritually enlightened people have different kinds of brain activity?,?????? ??? ?? ????? ????? ?? ????? ?????? ??? ??? ??? ???? ???,M
What do 50-year-olds know that 20-year-olds often don't?,??? ?? ??? ??? ????? ??? ?? ???? 20 ??? ?? ??? ???? ??????,M
I want to join the Bulls Summer Training Program network for my CCNA R&S preparation. Which schedule is better?,??? ???? CCNA R&S ?? ????? ?? ??? Bulls Summer Training Program ??? ??? ??? ???? ???? ????? ???? ??? ?? ????? ???? ???,M
Why are short shorts popular?,???? ????? ???? ????? ????,M
What are the causes and most effective ways to treat or cure migraine headaches?,???????? ?? ??? ?? ????? ??? ???? ?? ???? ??? ???? ?? ??? ?? ?? ???? ????? ??? ????,M
Will I not cross 90 percentile in CAT 2016?,??? ??? CAT 2016 ??? 90 ???????? ???? ???? ?? ???? ???,M
What are the differences between a .cda file and a .mp3 file?,.cda ???? ??? .mp3 ???? ??? ??? ??? ???? ???,M
Where can I find a conversion chart for CC to horsepower?,?? ?? ?? ???? ???? ??? ?????? ?? ???? ???? ?? ???? ???,M
What is like to be a private banker in Switzerland?,?????????? ??? ???????? ????? ???? ???? ???? ???,M
How does the disease affect the organism in organism?,?????? ??? ?????? ??? ?????? ?? ???? ????? ???? ???,M
What is it like to be a stay at home dad?,??? ?? ???? ???? ???? ???? ???? ????? ???? ???,M
"I have straight hair, which I don't like at all, and they grow very fast, so they get out of setting and shape. Every month I need to go to parlor to get rid of the looks. Is there a solution for this problem?","???? ??? ????? ????? ???? ?? ???? ????? ???? ????? ??? ?? ??? ???? ?? ????? ???? ?? ?? ??? ?? ????? ??? ??? ??? ???? ??? ?? ????? ???? ????? ???? ???? ?? ???? ????? ???? ???? ?? ?? ???? ??? ?? ????? ?? ???? ?? ???",M
What is the role of the Indian army?,?????? ??? ?? ????? ??? ???,M
How much coconut water is in one young coconut?,??? ?? ??? ????? ??? ???? ????? ???? ???? ???,M
How is Arvind Kejriwal in real life?,????? ???????? ????? ????? ??? ???? ????,M
Why do fracture pressure gradient is less than of lithostatic pressure gradient?,?????? ????? ???????? ????? ????? ????? ???????? ?? ?? ???? ???? ???,M
How is the Lewis structure for urea determined?,????? ?? ???? ???? ???? ????? ?? ???? ???,M
How can I transfer WhatsApp from an Android to a Windows phone?,??? ???? ??? ?? ????????? ?? ????? ??? ?? ???? ????? ?? ???? ????,M
Whatare the best sites for searching civil engineering jobs alone?,??? ??? ????????? ?? ??????? ???? ???? ?? ??? ?????? ??? ????? ??? ?? ????,M
How can an infinite sum yield a finite value?,??? ???????? ?????? ????? ???? ???? ?? ???? ???,M
Should I apply both kajal and eye liner or only eye liner is better?,??? ???? ???? ??? ??? ????? ????? ????? ?????? ?? ??? ??? ????? ?? ???? ???,M
What are some private things you have caught people doing?,?? ?? ????? ?? ??? ?? ??? ??? ???? ???? ???? ???,M
‚¶‚¶‚¶‚¶..,??? ???? ??? ?????? ??? ???? ?? ?? ??? ?? ?? ?? ??? ???? ?? ??? ??? ??? ???? ???? ???? ?? ???? ????,M
How can I recover my Gmail password without a recovery phone number or email?,???? ????? ?? ????? ????? ??? ??? ??????? ??? ?? ????? ???? ??? ?????? ?? ??? ????? ???? ??? ????? ????? ?????? ???? ???? ???? ???,M
What are the obstacles to creating an anti-gun organization that is as effective as the National Rifle Association is in shaping legislation & policy?,???? ??? ???????? ???? ??????? ??? ???? ????,M
How are stolen passports used?,?????? ?? ???? ???? ??? ???? ???,M
How do you treat acne?,??? ??? ??? ????? ????? ?? ????? ??? ????? ?? ??? 99 ???? ?? ????? ????? ???? ?? ??? ?? ????? ?? ?? ?? ??? ?? ???? ?? ??? ???,M
Does it matter from which college you do your graduation (BCom) from for admission into a top Indian B-School even If I score high(99%+)?,??????? ???? ??? ???? ???,M
How does TrueCaller work?,??? ???? ???? ?????? ?? ???? ??? ??? ????? ????,M
What's Rob Weir think of Austan Goolsbee?,???? ??? ???? ??? ??? ???? ??? ??? ?? ???? ???? ??? ?? ???? ???? ?? ???? ????,M
How can I fake my iPhone location without jailbreaking?,??? ????? ?????? ?? ???? ???? ???? ???? ???,M
What is the rough cost of an weather buoy?,??? ????? ?????? ?? ?????? ???? ???? ???? ???,M
What does purple crayon mean in slang?,???? ????? ?? ???? ???? ???? ??? ??? ???? ???,M
What are the best schools in the world to study cinema?,????? ?? ????? ???? ???? ?? ??? ???? ?? ?????? ????? ??? ?? ????,M
How does a blank round work?,???? ???? ???? ??? ???? ???,M
"Is the ""The Flat Earth Society"" right in saying that the world is flat?","??? ""?? ???? ???? ???????"" ?? ??? ?? ???? ?? ?? ???? ???? ???",M
"Perhaps I'm wrong, but Russia seems to take disinformation and propaganda to a far higher level than the US, fully integrating it into war planning. Am I missing something?","???? ??? ??? ???? ???? ??? ??????? ?? ??? ????? ??? ????????? ?? ?????? ?? ???? ???? ????? ??? ?? ?? ???? ??? ??? ??? ???? ?????? ???? ??? ???? ??? ?? ???? ???? ??? ??? ??? ??? ?? ?? ??? ????",M
What are the similarities and differences between molecular mass and molar mass?,????????? ??? ??? ???? ??? ??? ??? ???????? ??? ??? ???? ????,M
"I've been trying to create my own blog on Quora, what is a URL and how do I use it? What should I put in the URL? What are examples of URLs so I can get an understanding?","??? ????? ?? ???? ???? ????? ?? ???? ?? ??? ???? ?? ?? ??? ??? ???? ?? ??? ??? ???? ??????? ??? ???? ??? ?? ?? ??? ??? ??? ???? ???? ?????? ???? ??? ?? ?? ??? ?? ?????? ??? ???? ??? ???? ???? ?????",M
Has a fan made music video ever been released as the official music video for a song?,??? ???? ??? ???? ?? ????? ???? ????? ????? ?? ??? ???? ?? ?????? ????? ?? ??? ?? ???? ??? ??? ???,M
What is the best way of learning Node.js?,Node.js ?????? ?? ?? ?? ?????? ????? ??? ???,M
What a picture or photo that makes you think a lot when you see it?,???? ???? ????? ?? ???? ???? ??????? ?? ?????? ?? ??? ????? ?? ????? ?? ???,M
Should I buy one plus two or Moto m.?,??? ???? ?? ??? ?? ?????? ????? ?? ???? ????,M
Can indian travel to russia without a visa?,??? ?????? ???? ???? ??? ?? ??? ?? ???? ????,M
Why did my dog bite me?,???? ??? ?? ???? ???? ?????,M
Could the study of meteorology be used (in part) to understand the development and movement patterns of cancer?,??? ??????? ?? ?????? ?? ???? ??? ?? ????? ?? ??? ? ??? ??? ???? ?? ?????? ?? ?????? ?? ??? ??????? ??? ?? ???? ???,M
What would happen if the Indian government stole the Kohinoor (Koh-i-Noor) diamond back?,??? ?????? ????? ???? ??? ???? ???? ?? ?? ???? ?? ??? ?? ??? ?????,M
Delhi's IIT hostel doesn't have a Wi-Fi connection. Are there any hostels in any other IITs which have a Wi-Fi connection available?,???? ?? ??? ??? ?? ????? ??? ???? ???? ????? ???? ??? ??? ??? ????? ??? ??? ?? ?? ?????? ??? ???? ???? ?????? ???,M
Why can't sodium channels pass through potassium channels?,????? ????? ??????? ????? ?? ??? ???? ???? ?????,M
Why aren't hashtags working on Instagram?,????????? ?? ??? ???? ??? ???? ???? ?? ????,M
"If you make $75,000 a year, is saving $1,500 per month good?","??? ?? ?????? $75,000 ????? ???? ?? ??? ?? ????? $1,500 ????? ???? ???",M
What is a good web photo gallery for your own website or services like Flickr?,???? ??? ???? ?? ????? ???? ????? ?? ??? ???? ??? ???? ????? ??? ?? ???? ???,M
What are some characteristics of the structural composition of planet Mars?,????? ???? ?? ????? ????? ?? ??? ??????? ??? ????,M
What are the best books to read to learn about Islam and Islamic culture?,????? ??? ?????? ????? ?? ???? ??? ?????? ?? ??? ?????? ?????? ??? ?? ????,M
Which is the best country for higher education after USA and UK?,?????? ??? ??????? ?? ??? ????? ????? ?? ??? ??? ?? ??? ?? ?? ???? ???,M
What would provoke someone to sexually abuse a child?,??? ??? ?? ??? ?? ???? ???? ?????? ?? ??? ??? ????? ???? ???,M
I am in 10th grade. I need to make a working model on food provision and agriculture for my science exhibition. What can I make?,??? ????? ????? ??? ???? ???? ???? ????? ????????? ?? ??? ????? ?? ?????? ??? ????? ?? ??? ???? ???? ????? ??? ??? ??? ??? ???? ????,M
What does it mean when I get a cold feeling all over my body?,?? ???? ???? ??? ??? ???? ?? ????? ???? ?? ?? ?? ?? ??? ???? ???? ???,M
Why is it hard to get a girlfriend?,??? ????? ????? ???? ???? ???? ???,M
"I've been cat fished by a close friend. I feel even more depressed than I was before, and I feel very unstable. What do I do?",???? ???? ????? ???? ?? ??? ?? ??? ??? ??? ???? ?? ??? ????? ?????? ??? ??? ??? ??? ?????? ????? ?? ??? ???? ??? ??? ?????,M
What are the some of the lines or phrases we can use in most of the GDs?,???? ?????? ??? ??????? ???? ???? ??? ??? ???? ?? ???? ??? ?? ????,M
Why are there so many haters?,???? ???? ???? ??? ???? ????? ???? ???? ????,M
Why is Persian word ‚ úÿ∞ŸÑŸäŸÑ‚ meaning ‚ a Muslim‚ô translated incorrectly on Microsoft Translator? Is it intentional or careless?,"????? ??? ""????"" ?? ?? ""??? ??????"" ?? ???? ??? ??? ??????????? ????????? ?? ??? ???? ????? ??? ???? ??? ??? ?? ??? ???? ?? ??? ??? ?? ?? ???????? ???",M
Should i quit social media?,??? ???? ???? ????? ???? ???? ??????,M
How do I hack a website?,??? ??? ??? ???? ?? ???? ??? ?? ???? ????,M
What are all of Voldemort's Horcruxes?,????????? ?? ???? ????????? ??? ?? ????,M
How can Naruto fly?,?????? ???? ??? ???? ???,M
Review of hunterdon medical center?,?????? ?????? ????? ?? ????? ???? ???,M
"What are some of the experiences of NRIs or people of Indian origins who have returned to live and work in India for good? Has it been a successful move? If not, why not?","??? ??? ?? ???? ?? ?????? ???? ????? ?? ??? ?????? ??? ??? ?? ????? ??? ?? ????? ???? ? ?? ???? ??? ??? ???? ???? ??? ?? ????? ?????? ???? ??? ????? ?? ???? ?????",M
Do you like video games?,??? ?? ?? ????? ???? ???? ????,M
What is the best way to get divorced?,???? ???? ???? ?? ?? ?? ???? ????? ??? ???,M
Which car services are available in Philadelphia? How good are they compared to taxis and relative to each other?,????????? ??? ??? ?? ??? ????? ?????? ???? ??? ?? ??????? ?? ???? ??? ??? ??? ????? ?? ?????? ??? ???? ????,M
What do I do now that I have my Scrum master certificate?,"?? ?? ?? ???? ??? ????? ????? ???????? ??? ?? ???? ??? ??? ???? ??????",M
Is there something wrong with you that you can't look people directly in the eyes?,??? ?? ??? ??? ????? ?? ?? ?? ??? ?? ?? ????? ?? ?????? ??? ?????? ??? ?? ???? ???? ?????,M
Is UberMoto legal in India?,??? ???????? ????? ??? ?????? ???,M
Which is a suitable inpatient drug and alcohol rehab center in Heard County GA?,"???? ??????? ?????? ??? ??? ?? ?? ????? ?????? ? ???? ?? ????? ???? ????? ???",M
Why do some people cry more than others?,??? ??? ?????? ?? ?????? ??? ????? ???? ???? ????,M
What information belongs on address line 2?,?????? ???? 2 ??? ??? ?? ??????? ???? ???? ??????,M
How can I learn Chinese?,??? ???? ???? ???? ???? ???? ????,M
Briefly describe how you would test a mineral for each of these properties?,??????? ???? ???? ?? ?? ??? ?????? ?? ?? ??? ????? ?? ???? ???? ???? ???,M
Why do many white people think East Asians obsess with white skin mainly because they want to look like white people?,??? ?? ???? ??? ???? ?????? ??? ?? ????? ??????? ??? ???? ??? ?? ??? ???? ??? ??? ?? ??? ?? ?? ???? ????? ?? ??? ????? ????? ????,M
How can I transfer money from an SBI account to another bank account using a debit card?,??? ??? ?? ??? ?????? ?? ??? ????? ???? ?????? ??? ???? ???? ?? ????? ???? ???? ????? ?? ???? ????,M
Has the U.S. military been weakened in recent years?,??? ????? ????? ??? ?????? ??? ????? ???? ???,M
How do I become a private landlord?,??? ???????? ???? ???? ???? ?? ???? ????,M
How many characters are in Xchrisone Animation joke episode 8?,Xchrisone ???????? ?? ?????? ??? 8 ??? ???? ????? ????,M
What are the best exercises to burn belly fat?,??? ?? ???? ?? ???? ?? ?????? ?????? ??? ?? ????,M
Have mythical creatures been scientifically tested?,??? ????? ??????? ?? ?????? ??? ?? ????? ??? ???,M
How can I get more traffic to my YouTube videos?,??? ???? ?????? ?????? ?? ????? ????? ???? ?? ???? ????,M
What do mythical creatures eat?,????? ??????? ??? ????? ????,M
Will Donald Trump support Ted Cruz for president?,??? ????? ???? ??? ???? ?? ?????? ????? ???? ???,M
Have you lived in a tiny house?,??? ?? ?? ???? ????? ??? ??? ????? ????? ???,M
Online test centers business?,?? ???? ???? ????? ?? ??????? ?? ???? ??? ??? ???? ???,M
What is it like to live in Shanghai?,??????? ??? ???? ???? ???? ???,M
How does one become a hacker?,??? ???? ???? ??? ???? ???,M
How do you get a chiseled jawline?,??? ??? ???? ???? ?? ???? ???? ???? ?? ???? ???,M
Where can I buy a Steam gift card?,??? ????? ??? ???? ???? ?? ???? ???? ????,M
"What would happen in ""Honey, I shrunk the universe""?","Honey, I shrunk the universe ??? ??? ?????",M
Why should I not vote for Hillary Clinton or Donald Trump?,???? ????? ????? ?? ????? ???? ?? ??? ???? ???? ???? ??????,M
How competitive is the hiring process at S & T Bank?,S & T ???? ??? ????? ?? ??? ???? ??????? ???? ???,M
What are the most scenic routes in the world?,???? ?? ?? ?? ??????? ????? ??? ?? ????,M
What is the best way to write profile summary for naukri.com? Mention sample profile summary?,naukri.com ?? ??? ??????? ???? ????? ?? ?????? ????? ??? ??? ????? ??????? ???? ??? ???????,M
How is TCS training period?,?? ?? ??? ?? ?????? ??? ???? ???? ???,M
How do I hack Instagram account? Someone is using my identity and posting inappropriate post?,??? ????????? ?????? ???? ??? ????? ???? ???? ????? ??????? ?? ?? ??? ????? ?? ??? ???,M
How do I write a good essay for the SAT?,?? ??? ??? ???? ????? ???? ???? ?????,M
398 is it enough to get a private medical collage for general category?,??? ???? ??????? ?? ??? 398 ???? ???????? ?????? ???? ??? ????? ?? ??? ???? ????,M
Can you play Asian Playstation 4 games on a European Playstation 4?,??? ?? ??????? ??? ?????? 4 ???? ?? ????? ??? ?????? 4 ?? ??? ???? ????,M
Is it too late to score 95 above in icse boards 2017?,??? ICSE ????? 2017 ??? ?? 95 ?? ???? ????? ???? ??? ??? ?? ??? ???,M
What is the best time to withdraw money from working ATM in present India?,?????? ????? ??? ??? ????? ?? ?? ??? ?? ???? ?????? ?? ?????? ??? ??? ???,M
Does Donald Trump have hereditary hemochromatosis? It causes bronzed skin and encephalopathy.,??? ????? ???? ?? ?????? ????????????? ??? ?? ?????? ??? ?? ????? ???? ?? ???? ?? ??? ???? ?? ??? ????? ???,M
Why did RBI choose to come out with a ‚Çπ2000 note instead of a newer ‚Çπ1000 note?,?????? ???? ?? ????? ?? ??? ??? ???? ????? ??? ???? ???? ?? ????? ???? ????? ??? ???? ???? ????,M
How is it that the company that manufactured Extenze is still in business after it was found the founder was a fraud and embezzled money from customers?,"???? ???? ???? ?? ?? ?? ????? ?? ???????? ???? ???? ???? ?? ??? ??????? ??? ?? ??????? ?? ???? ?? ??? ?? ?? ?? ?? ???? ?? ????? ??? ?? ??? ?????? ?? ??? ??? ???",M
"What is the meaning of ""for your reference""?",?? ?? ??????? ?? ????,M
What are the three must-read books for a first-time startup founder?,??? ??? ?????? ?? ???? ?? ??? ??? ????? ?????? ?? ?????? ??? ?? ????,M
Is Krav Maga really the deadliest martial art?,??? ???? ???? ????? ?? ?? ???? ????? ??? ???,M
What is magnetic field?,???????? ????? ??? ???,M
How can I find the email to an Instagram account?,??? ??? ????????? ?????? ?? ?? ??? ???? ???? ?? ???? ????,M
"What are some examples of sentences using the word ""demoralize""?","???? ????? ?? ?????? ??? ??? ?? ??? ""????? ???? ????"" ?? ??????? ???",M
Navy seal Christian?,???? ??? ???????,M
What animal (non-human) is nature's most efficient killing machine?,??? ?? ??? ?????? ????? ???? ?? ?? ?? ???? ???? ???,M
Is worth for a mechanical engineer to work @ Cadd center?,??? ??? ??????? ??????? ?? ??? ??? ????? ??? ??? ???? ????? ??? ???,M
What is the cutest thing your pet has ever done?,?? ?? ????? ????? ?? ?? ?? ?? ?? ?? ????? ???? ??? ?? ???,M
Why does my head feels heavy when i‚Äôm sit for long time?,?? ??? ???? ??? ?? ??? ?????? ??? ?? ???? ?? ??? ???? ???? ????? ???? ???,M
What's the best structure for an Indian digital marketing company to operate in Singapore?,??????? ??? ??? ?????? ?????? ???????? ????? ?? ??? ?????? ??? ???? ?? ?????? ??? ???,M
Is ICICI Bank a good place to work?,??? ??? ?? ??? ?? ??? ???? ??? ???? ?? ??? ???? ??? ???,M
How can I get my lost iPhone IMEI number back?,??? ???? ?? ??? ??? ??? ?? ??? ??? ?? ??? ???? ?????? ???? ???? ?? ???? ????,M
How do you describe the word ‚Äòconsent‚Äô?,?? ??? '???????' ?? ???? ???? ???? ???,M
What is the reason behind people smoking cigarettes? Does it really a stress buster?,??? ????? ???? ???? ???? ??? ?? ????? ???? ?? ???? ???,M
What would happen if we added a second Earth of equal size and mass on the other side of the sun in Earth's orbit?,??? ?? ???? ?? ????? ??? ???? ?? ???? ??? ??? ??? ???? ?? ??? ??? ????? ???? ???? ?? ??? ?? ??? ?????,M
What do Malaysians think about indians?,???????? ?? ??? ???????? ?? ???? ??? ??? ????? ????,M
Does tablet mode in Windows 10 manage RAM like iOS/Android?,??? ????? 10 ?? ????? ??? ??? ?? ??? ?? ??? ?? ????????? ?? ??? ???? ???? ???,M
"If I shave my head for 2 years as am getting bald and then grew my hair, will the hair will be same as when I intially have? Or I loose more hair?","??? ??? ???? ???? ?? ??? ?? ?? ??? ?? ?? ??????? ??? ??? ??? ?????? ?? ??? ???? ??? ???? ???? ??? ?? ?? ???? ??? ????? ???",M
What are some unusual aspects about politics and government in Singapore?,??????? ??? ????? ??? ????? ?? ???? ??? ??? ??? ?????? ???? ??? ????,M
What is the best trading platform for beginners?,??????? ????? ?? ??? ?????? ?????? ???? ???? ??? ?? ???,M
What's the easiest way to make money online?,?? ???? ???? ????? ?? ?? ?? ???? ????? ??? ???,M
What's the largest animal a human can kill with their bare hands?,????? ???? ?????? ?? ?? ?? ??? ??? ?? ????? ??? ???? ???,M
How can I get my name off the first page on Google search?,??? ???? ??? ???? ??? ?? ???? ???? ?? ???? ??? ???? ????,M
"India: What is the best phone to buy between (Rs, INR) 11-12k?","?????: (????? ??? ??? ??) 11-12 ???? ?? ?????? ?????? ?? ??? ?? ?? ???? ??? ??? ?? ???",M
Which were some of the best games you have played so far?,?? ?? ?? ?? ??? ?? ?????? ???? ????? ????,M
Why is my hair black at the root?,???? ??? ?? ?? ???? ???? ????,M
"How does one say ""oh my god"" in Japanese?","?????? ??? ""??? ???? ???"" ?? ???? ??? ???? ???",M
Why are robotic lawnmowers so expensive? Will they become cheaper?,?????? ??? ????? ???? ????? ???? ???? ???? ??? ?? ???? ?? ????? ???,M
Why does the poor people usually believe in communism?,???? ??? ?????? ??????? ?? ???? ???? ????? ????,M
Searching practical application of 6 bit adc?,6 ?? ?? ?? ?? ?? ???? ????????? ???? ?? ?? ??? ???,M
Was George W. Bush a good President?,??? ???? ????? ?? ??? ???? ??? ????,M
When is the next batch of Infosys after 9 Jan 2016?,9 ????? 2016 ?? ??? ?????? ?? ???? ??? ?? ???,M
Should I buy an Apple watch?,??? ???? ???? ??? ?????? ??????,M
Why does my concealer get cakey and ashy even when I moisturise my under eye area and use a corrector underneath?,???? ?????? ?????? ?? ???? ??? ????? ??? ?????? ??????? ???? ?? ?????? ???? ??? ???? ???? ???? ?? ???? ???,M
Is suicide murder?,??? ?????? ??? ???,M
Can you make money from YouTube?,??? ?? ?????? ?? ???? ??? ???? ????,M
How did Annika Schauer pass medical test of US Navy with flat feet?,?????? ???? ?? ???? ?? ???? ?? ?????? ?????? ???? ?? ?????? ???? ???? ??? ????,M
"My ex girlfriend wants me to be his friend, what should I do?","???? ????? ??? ????? ????? ?? ?? ??? ?? ?? ???? ?? ????? ???? ??? ???? ??????",M
How do you get the net ionic equation for HCO3+H2O?,HCO3 + H2O ?? ??? ???? ?????? ???? ???? ??? ???? ???,M
What are the uses of Raspberry Pi and Intel Galileo?,???? ???? ???? ??? ????? ??????? ?? ????????? ??? ????,M
What is the difference between physics and chemistry?,??????? ??? ????? ??? ??? ??? ???,M
What's wrong if men wear shorts in public? Why?,??? ??? ????? ?????? ?? ????? ????? ?? ?? ??? ??? ????? ??? ?????,M
What are the advantages of women empowerment?,?????? ?? ???????? ????? ?? ??? ????? ????,M
How much marks should I score in SSC cpo to get Delhi police?,??? ??? ?? ?? ?? ?? ??? ???? ????? ?? ??? ???? ???? ???? ???? ???? ???????,M
How does Amazon Prime Now (one-hour delivery) work?,??????? ????? ??? (??? ????? ??? ?????) ???? ??? ???? ???,M
I deleted a conversation on OkCupid. Will it be removed from the other person's mailbox too?,??? ?? ???? ????? ?? ??? ????? ??? ?? ?? ??? ??? ?? ????? ??? ?? ??? ???? ?? ??? ?? ???? ???,M
The MIS course from Texas A&M says it needs 5 courses to be completed as pre-requisites.How do admitted students go about completing it?,?????? ?? ???? ??? ?? ??? ??? ??? ???? ?? ???? ?? ?? ???? ????? ?? ???? ??? ??????? ???? ???? ????? ??? ???? ??? ????? ????? ???? ???? ?? ????? ??? ?????? ????,M
Why does not the clock tick as per the heart beat?,???? ?? ?? ????? ?? ????? ??? ??? ???? ???? ?????,M
"Is there a paranormal event that you have experienced, which science cannot explain?",??? ?? ?? ???? ????? ?????? ????? ????? ??? ?? ?? ?? ????? ????? ???? ?? ?????,M
I want to dye my hair pink but my hair is naturally brown. Are there any dyes out there that will dye my hair without me getting it bleached first?,??? ???? ??? ????? ????? ????? ??? ???? ???? ??? ????? ??? ?? ????? ???? ??? ???? ???? ???? ????? ?? ?? ????? ?? ???? ??? ???? ??? ?? ????,M
Where can I find a sample of hindi film script?,???? ???? ??? ?? ?????? ???? ?? ?? ???? ???,M
"In superstition, what is the meaning of an itchy palm?","???? ????? ???? ????? ???? ?????? ?? ??? ???? ???? ???",M
What are the distinguishing features between kesari dal which is toxic and the masur dal‚Ä¶as they are nearly same in appearance?,?????? ???? ??? ??? ???? ??? ??? ??? ??? ?? ?? ?? ?? ?? ??? ??????? ??? ???? ???,M
What is the difference between a trunk port and a normal Ethernet port?,???? ???? ??? ??? ???????? ???? ??? ??? ??? ???,M
Is Toshiba Satellite C50-A547 good for runing games?,??? ?????? ??????? C50-A547 ???? ????? ?? ??? ???? ???,M
How do I hack Motorola DCX3400 for free internet?,??? ???????? DCX3400 ?? ??? ??????? ?? ??? ???? ??? ?? ???? ????,M
What name did you save your dad/mum's number with?,?? ?? ???? ????/????? ?? ???? ?? ??? ?? ????? ??? ??? ???,M
How do find best applications for android security?,????????? ???????? ?? ??? ?????? ?????????? ???? ???? ?? ??????,M
What is pocket notebook has many sheets to buy?,??? ?? ??? ???? ??? ?? ?? ?? ??? ??? ????? ??? ??? ????? ?? ???? ???,M
What are some fermented products?,??? ???? ??? ??????? ?? ?????? ????,M
What is spectrum?,???????? ??? ???,M
"Why are possessive, controlling, and obsessive people clingy and needy?","?????? ????? ???? ???? ???? ??? ????? ??? ????? ???? ??? ????? ???? ???? ????",M
Bollywood: Which is currently the worst Bollywood movie?,???? ???: ?? ??? ?? ?????? ???? ??? ??? ??? ?? ???,M
why blame the mistress when it was the husband who cheated?what are your feelings on it ? Shouldn't both be responsible?,?? ???? ?? ????? ??? ?? ?? ?????? ?? ???? ??????? ??????? ???? ??? ?? ?? ?? ???? ??? ??? ???? ??? ??? ????? ?? ??? ??? ???? ???? ??????,M
Is it true that Florida has no rocks?,??? ?? ?? ?? ?? ??????? ??? ???? ?????? ???? ????,M
"Why are there so many ""no picnic"" signs in Venice?","???? ??? ""???? ??? ??"" ?? ???? ????? ???? ???? ??? ???? ????",M
Does Amazon.com reduce the cost of living in high-cost-of-living areas like Silicon Valley?,??? Amazon.com ????? ????? ?????? ???? ?????? ???? ??????? ???? ??? ??? ??? ?? ??????? ?? ???? ???,M
Will we be able to make websites if we lose net neutrality?,??? ?? ??? ???????? ??? ??? ?? ??? ?? ??? ????? ??? ???? ???,M
Give some ideas for developing simple and usable android applications? Thanks in Advance,???? ??? ???? ??????? ????????? ?????????? ???? ???? ?? ??? ??? ?????? ???? ????? ?????,M
"If nothing is free, why does America stand for freedom?",??? ??? ??? ??? ???? ?? ?? ?????? ????? ?? ????? ???? ?????? ???,M
What are some tips on making it through the job interview process at AT&T?,?? ?? ???? ?? ??? ????? ?? ??????? ?? ??? ?? ??????? ?? ????? ?? ??? ??? ?????? ??? ????,M
What is the chemical formula for tetraphosphorous decoxide? How is it determined?,???????????? ?????????? ?? ?????? ??????? ??? ??? ??? ?? ???? ????? ??? ???? ???,M
Do women like seeing men ejaculating?,??? ?????? ?? ????? ?? ????? ???? ?????? ???? ???? ???,M
Does a woman who replies to my text messages immediately sound desperate?,??? ?? ???? ???? ??????? ?? ????? ???? ???? ?? ?? ????? ???? ???,M
"Buying a car from different state in india and getting it registered in other state is it possible, will I have to pay taxes in both states?",??? ????? ??? ??? ????? ????? ?? ???? ???? ?? ??? ??? ??? ????? ??? ????? ?????? ???? ??? ??? ????? ??????? ??? ???? ???? ?????,M
In what way is economics a social science?,??????? ?? ??? ??? ????? ????? ???,M
Who is the chief justice of international court of Justice?,??? ???????? ????? ????? ?? ??? ???? ??? ????,M
Can we drive from Mussoorie to Gangotri at night?,??? ?? ??? ?? ????? ?? ??????? ?? ?????? ?? ???? ????,M
How many kids read newspaper in india?,????? ??? ???? ??? ??????? ????? ????,M
Is bad breath a sign of a strong stomach?,??? ???? ??? ???? ????? ???? ?? ????? ???,M
Who is the best guitarist that has ever lived?,?? ?? ?? ?? ?? ?????? ?????? ??? ???,M
What are the best PhD research topic ideas in cloud computing security for a new student? Why?,????? ???????? ???????? ??? ??? ????? ?? ??? ?? ??? ?? ?? ?????? ?????? ??????? ??? ?? ???? ??? ?????,M
"After I graduate, I fear that I won't have close friends to confide in, especially as an introvert. How do I go about making new friends post-graduation, and how do you become closer friends with people?","???????? ?? ??? ???? ?? ?? ?? ???? ??? ???? ????? ???? ???? ???? ?? ?? ?? ?? ??? ?? ????? ??? ??? ?? ????? ??? ???????? ???? ???????? ?? ??? ??? ???? ???? ????? ?????? ??? ????? ?? ???? ?????? ???? ???? ??? ??????",M
How do I prepare for the DU JAT PI and GD? What topics are asked?,??? ?? ?? ?? ?? ?? ?? ????? ??????? ??? ???? ????? ?? ????? ???? ????? ??? ?? ??????? ????? ???? ????,M
Have you ever been told any condescending statement by your elders to prove their point in question ?,??? ???? ?????? ?? ?? ?? ???? ???? ?? ???? ???? ?? ??? ???? ????? ???? ??? ??? ???,M
What is your review of Indian Institutes of Technology (IITs)?,????? ????? ????? ?? ????????? (??? ??? ??) ?? ???? ??? ?? ?? ??? ????? ???,M
How can I simplify (3+2(2) ¬Ω) ¬Ω?,??? (3+2(2)^Ω)^Ω ?? ???? ???? ??????,M
How do I crack JEE Mains in 2 days?,??? ?? ?? ?? ??? ?? ?? ??? ???? ??? ?????,M
What are the main data platform?,??? ???? ???? ????? ??? ?? ????,M
Is the product key/serial number of a device sent to the admin when it connects to the wifi network?,??? ?? ???? ??? ???? ???? ??? ??? ?? ???? ?? ?? ?? ?? ?????? ?? ?? ????? ???? ????? ?? ????? ???? ???,M
How many members of Rajya Sabha in Rajasthan are from BJP and CONGRESS party?,???????? ?? ????? ???? ?? ???? ????? ?? ?? ?? ??? ??????? ????? ?? ????,M
"What do you think of the training courses offered by Adaptive Marketing in Bangalore, such as Practical Product Management?",?? ?????? ??? ??????? ???????? ?? ?????? ????? ???? ???????? ?????? ??????? ?? ???? ??? ??? ???? ????? ????,M
Can I do an internship for 1 month during the winter?,??? ??? ?????? ?? ????? ??? ????? ?? ????? ?? ?? ???? ????,M
Do employees at Agree Realty have a good work-life balance? Does this differ across positions and departments?,??? ????? ?????? ?? ??????? ?? ??? ??? ??? ???? ????? ??? ????? ???? ???? ??? ??? ?? ????? ????? ??? ????? ?? ???? ?? ????? ???? ???,M
How can I know who logged in to my Gmail account? (by telling his IP address or device name)?,??? ???? ??? ???? ??? ?? ???? ?? ??? ?????? ??? ?? ?? ??? ?? ???? (????? ??? ?? ?????? ?? ??? ?? ??? ??? ??),M
Which phone to buy Moto m or one plus 3t?,???? ??? ?? ?? ??? 3 ?? ??? ?? ??? ?? ??? ?????? ???? ???,M
What's the difference between survival distribution function and cumulative function? Why do they call it survival?,???????? ?????????? ????? ??? ?????????? ????? ??? ??? ??? ??? ??? ??? ???????? ???? ??? ???? ???,M
What are the best places to visit near bagdogra?,??????? ?? ???? ?????? ?? ??? ?????? ?????? ??? ?? ????,M
How many text messages are sent in the US? Per Quarter? Per Year?,?????? ??? ???? ????? ??????? ????? ???? ???? ?? ?? ????? ?? ????,M
What is your favourite book?,?? ?? ??????? ???? ??? ?? ???,M
"Honestly can you rate yourself from the criterias such as Looks, Abusive, Affectionate, Courageous, Emotional, Ambitious, etc? You can add more.","????????? ??? ??? ?? ??? ?? ?? ?????? ?? ???? ?? ???? ?? ???? ??? ????: ??? ? ????? ???????? ???? ????? ?????? ??????? ????? ?????? ?? ???? ??????? ??? ???? ?? ???? ????",M
Is it possible to do regression while minimizing a different customized loss function than sum of squares error?,??? ??????? ?? ??? ???? ?? ?? ?? ?????? ?? ?? ??????? ???? ?? ????? ???? ???? ???? ?? ??? ????? ?? ?? ?? ???? ??????,M
How many Indians are there on Quora?,???? ?? ???? ?????? ?????? ????? ????,M
What are your best paranormal experiences?,?? ?? ?? ?? ?????? ????? ?????? ?????? ??? ????,M
I am a 12 year old Indian girl and I want to make YouTube videos. I have many ideas. Should I start a channel?,??? ??? 12 ???? ?????? ???? ??? ??? ?????? ?????? ????? ????? ???? ???? ??? ??? ??????? ???? ??? ???? ???? ???? ???? ??????,M
What is the significance of paying a lot of money and going to study in American universities? Is it worth it?,?????? ??????????? ??? ????? ??? ?? ?? ????? ?? ????? ??? ??? ??? ?? ????? ????? ??? ???,M
"Other than humans, what are some examples of the smartest mammals?",??????? ?? ????? ?? ?? ???? ?????? ????? ??? ?? ????,M
Is Huawei honor 5x a good phone?,??? ????? ??? 5 ???? ??? ???? ??? ???,M
Why do I care about others more than myself?,??? ?????? ?? ????? ??? ?? ????? ???? ???? ????,M
Are Michelin tires good for the Yamaha FZ16?,??? ???? ????? ?????? ??? ??? 16 ?? ??? ???? ????,M
Why is my mouth dry?,???? ??? ??? ???? ?? ???? ???,M
Why would a male stare at a woman he knew was with her significant other?,??? ??? ??? ???? ???? ?? ???? ?????? ?? ?? ?? ???? ?? ?? ????? ????? ???,M
What are some of the best basketball books?,??? ?????? ????? ??? ?? ?????? ??? ?? ????,M
Is it plausible that it's impossible to combine general relativity with quantum mechanics?,??? ?? ????? ???? ?? ?? ????? ?????? ?? ?????? ??????? ?? ???? ????? ?????? ?? ???? ???,M
"How can you use the word ""tremulous"" in a sentence?",Tremulous ??? ?? ???? ??? ???? ??????? ??? ?? ???? ???,M
What are some amazing pictures of Turkey?,???? ?? ??? ???? ????? ?????? ??? ?? ????,M
Which is the best ssb coaching centre in dehradun?,??????? ??? ?????? ??? ??? ?? ????? ????? ??? ?? ???,M
How do I get him to chase me?,??? ???? ??? ???? ????? ??????,M
Why does my tongue burn after I eat fresh pineapple?,???? ????? ????? ?? ??? ???? ???? ???? ???? ???,M
What is bestmytest.com?,bestmytest.com ??? ???,M
Is there any way for me to not have someone's Snapchat but be able to see if they deleted their account?,??? ???? ???? ????? ?? ?? ?? ???? ??? ??? ?? ????? ??? ?? ?? ???? ??? ???? ???? ?? ?? ?? ???? ?????? ????? ??? ?? ?????,M
"Does a Husky/Cocker Spaniel mix shed? If so, what is the best treatment for this?",??? ???? ??? ???? ??????? ?? ??? ??? ??? ??? ?????? ??? ??? ??? ?? ?? ?? ?????? ???? ??? ???,M
"Out of everything you've drawn, what's your favorite doodle and why?","?? ?? ?? ??? ??????? ????? ???? ?? ??? ?? ?? ?? ??????? ???? ??? ?? ?? ??? ?????",M
"Suppose that your investments earn an 8% rate of return. Today is January 1, 2015. On the first day of the years 2015, 2016, and 2017, you receive $10,000. How much money will you have on January 1, 2018?","??? ???? ?? ?? ?? ?????? ???? ?? 8? ??? ?? ????? ??? ??? ?? ??? ????? 2015 ??? ??? 2015? 2016? ??? 2017 ?? ???? ?? ?? ?? 10,000 ???? ???? ???? ??? ????? 2018 ?? ?? ?? ??? ???? ???? ??? ???",M
What are some birthday gift ideas for a 13-year-old?,??? 13 ???? ??? ?? ??? ?????? ?? ???? ?? ??? ??????? ??? ?? ???? ????,M
What are some of the best non-fiction and fiction books?,??? ?????? ??? ???? ??? ???? ?????? ??? ?? ????,M
Can I download Microsoft office onto an external hard drive and still use it if it is not on my laptops hard drive?,??? ??? ??????????? ??? ?? ???????? ???? ?????? ?? ???? ??? ?? ???? ??? ??? ??? ?? ??? ??????? ?? ???? ??? ??? ?? ???? ??? ??? ?? ???? ?????? ?? ?? ???,M
Why are food trucks not popular in India?,????? ??? ??? ???? ????? ???? ???? ????,M
I am placed in TCS (engineering industrial services stream). So should I now prepare for GATE ME 2017?,???? ?? ?? ??? (????????? ???????? ????? ??????) ??? ????? ??? ??? ??? ??? ?? ???? ??? ??? ?? 2017 ?? ????? ???? ??????,M
What skills/knowledge would be advantageous to getting a job if I want to work in the fashion tech industry?,??? ??? ???? ??? ??????? ??? ??? ???? ????? ??? ?? ??? ?? ??????? ?? ??? ????? ??? ??? ???,M
How much does it cost for a band to go on tour?,??? ???? ?? ??? ??? ?? ???? ???? ??? ??? ???,M
Should not lower drinking age?,??? ???? ???? ?? ??? ?? ???? ???? ??????,M
I worked for 1month and absconded from accenture within bond period will they take any legal action?will it effect when joining other company?,"??? ?? ??? ??? ??? ??? ??? ?????? ?? ???? ????? ?? ????? ???? ???? ??? ?? ?????? ???????? ???? ??? ??? ?? ??? ??? ????? ??? ?????? ?? ??? ??? ???? ???",M
Which is better Ubuntu 16.04 or Windows 10?,?????? 16.04 ??? ????? 10 ??? ?? ??? ?? ???? ???,M
Which is the best Kajol movie and why?,????? ?? ?????? ??? ??? ?? ?? ??? ?????,M
Why am I afraid of telling my boyfriend I love him?,"???? ???? ????? ????? ?? ""??? ?? ?? ???? ???? ???"" ???? ??? ?? ???? ???? ???",M
What books should all highly gifted teenagers read?,??? ?????? ???? ????? ???? ?? ??? ?? ?????? ???? ????? ???????,M
I have heard that Go is more challenging than chess. What is more challenging than Go?,??? ?? ??? ?? ?? ?? ????? ?? ????? ???? ??? ?? ?? ??? ????? ???? ??? ??? ???,M
What are the pros and cons of San Francisco Ballot Measure J (2014)?,??? ???????? ???? ???? J (2014) ?? ????? ??? ??????? ??? ????,M
How can I get budget hotel list in Hyderabad to visit this New Year Eve?,??? ??? ?? ??? ???????? ??? ??? ????? ?? ????? ???? ???? ?? ?? ???? ???,M
How do I empathize with an Internet troll?,??? ??? ??????? ???? ?? ???? ?????? ???? ??????,M
I am 14 years old and my height is 4 feet 6 inches. What will be my adult height?,???? ??? 14 ??? ?? ??? ???? ?? 4 ?? 6 ??? ??? ???? ???? ??? ??? ???? ?? ?? ???? ???,M
Why do humans understand things better with examples?,????? ????? ?? ?????? ?? ???? ????? ???? ???? ?????? ????,M
"How much ""me"" time do the astronauts in the International Space Station have per day?","??? ???????? ????? ?????? ??? ??? ????? ?? ?????? ???? ""???? ???"" ???? ???",M
Do enlightened people get angry at those who cause suffering?,??? ???? ???? ??? ??? ????? ?? ??? ???? ??? ?? ?????? ?? ????? ???? ????,M
What are some of your own personal Jupiter in the 1st house stories and experiences?,????? ????? ?? ???? ??? ??? ???? ?? ?? ?? ???? ?????? ??? ??????? ??? ????,M
"If the Bible talks about Earth and Man, are there Books about other Planes and Life?",??? ????? ???? ??? ????? ?? ??? ???? ?? ?? ??? ????? ?????? ??? ????? ?? ???? ??? ??? ???? ?????? ????,M
Is computer engineering good as career?,??? ??????? ????????? ??? ???? ?????? ???,M
How can we reduce food waste in the world?,?? ???? ??? ????? ?? ???? ?? ???? ?? ?? ???? ????,M
Where can I find information on fixed matches?,???? ???? ???? ?? ???? ??? ??????? ???? ?? ???? ????,M
Where can I get a large corpus of news articles?,???? ????? ?? ?????? ?? ??? ?????? ???? ?? ?? ???? ???,M
How far could Jet Li go in the UFC if he really trained for it while in his physical prime?,??? ??? ?? ???? ?????? ?????? ??? ??? ?? ??? ?? ?? ??? ????? ????? ???? ?? ?? ???? ???? ?? ???? ????,M
What's the best way to epilate your underarms?,???? ??? ?? ??? ????? ?? ??? ?? ?? ?????? ????? ??? ???,M
Will an MS degree help after 6 years of working in an oil and gas company in india?,??? ????? ??? ??? ??? ??? ????? ??? 6 ??? ??? ???? ?? ??? ??? ??? ?? ???? ?????? ?????,M
What NFL teams have won the most Super Bowl rings?,??? ??? ??? ?? ?? ??? ?? ????? ??? ????? ?? ?? ?? ????? ??? ??? ????? ???? ????,M
What are some cute names for a girlfriend?,??? ????? ?? ??? ??? ????? ??? ??? ?? ?? ???? ????,M
What is a client relation?,?????? ?????? ??? ???? ???,M
Will Martian Manhunter and Lady Shiva be included in the DCEU?,??? ?????? ??? ???? ??? ???? ???? ?? ?? ?? ?? ??? ???? ??? ???,M
"What are the best places to visit in D√ºsseldorf, Germany?",????? ?? ??? ??????? ??? ?????? ?? ??? ?????? ?????? ??? ?? ????,M
"How can I make my whole body more fair, if I am a wheatish Indian guy?",??? ??? ??? ????? ???? ???? ?????? ???? ??? ?? ???? ??? ?? ????? ???? ???? ??? ???? ????,M
How do you make a video go viral?,??? ????? ?? ????? ????? ?? ????? ??? ???,M
How do i prevent other people in this world to use similar name like me? Is there any way that i can protect my unique name as My IP assets?,???? ??? ?????? ?? ???? ???? ??? ??????? ???? ?? ???? ???? ?? ???? ??? ??? ???? ???? ????? ?? ?? ??? ???? ????? ??? ?? ???? ?????????? ??????? ????? ?? ?????,M
Would NATO defend Turkey if Russia attacked?,??? ??? ???? ?? ???? ??? ?? ??? ???? ???? ?? ???? ??? ???,M
What are some good book that are a must read?,??? ???? ?????? ??? ?? ??? ?? ???? ????? ???????,M
How can I earn online with little investment?,?? ?????? ???? ?? ?? ???? ????? ???? ???? ?? ?? ???? ???,M
How many calories does a Dominos pizza have?,??????? ???? ??? ???? ??????? ???? ????,M
What exercise can help to reduce the weight on my arms?,??? ?? ?????? ?????? ?? ???? ?? ???? ??? ??? ???? ????,M
Why do a lot of Instagram users add the word Otaku to their bio? What does it mean?,"????????? ?? ??? ?? ?????? ???? ???? ??? ""??????"" ???? ????? ???? ?? ?? ???? ??? ???",M
Does IUB take admissions for spring for an MS in CS?,??? ??? ?? ?? ??????? ????? ??? ??? ??? ?? ??? ???? (??????) ??? ????? ???? ???,M
What will be best laptop Under 25000 INR ?,"25,000 ???? ?? ???? ?? ?? ?????? ??? ??? ??? ?? ?????",M
Where shall I live in St. Petersburg (Russia) for a peaceful life?,??? ?? ??? ???? ????? ??? ??? ????? ????? ?? ??? ???? ???? ??????,M
How does one over come depression which is taking over there life at 25?,?? 25 ??? ?? ??? ??? ?????? ????? ?? ???? ?? ???? ?? ?? ?? ???? ??????,M
What makes killer dolls scary?,?????? ?????? ?? ?????? ????? ???? ??? ??? ???,M
How much weight do I lose by purging after every time I eat?,?? ????? ?? ??? ?? ???? ?? ???? ??? ??? ??? ??? ???,M
What universities does Sigma-Aldrich recruit new grads from? What majors are they looking for?,????-????? ?? ??????????? ?? ??? ???? ??????? ????? ?? ????? ???? ??? ?? ?? ????? ?? ????? ?? ???? ???? ????,M
How much does an Ola Mini cab earn on average per month from an investor's point of view in Bangalore?,?????? ??? ?????? ??? ?? ??? ?? ???? ??? ??? ?????? ?????? ???? ????? ???,M
Can a person fall in love with another person while he/she is already in love?,??? ???? ??? ??? ??? ??? ??? ?? ???? ?? ???? ?? ?? ?? ???? ?? ??? ?? ???? ?? ??? ???,M
"What are some different ways to make money online, excluding selling things?",????? ???? ???? ?? ???? ???? ????? ?? ??? ????? ????? ??? ?? ????,M
How do I be popular in school?,??? ????? ??? ????? ???? ?? ???? ????,M
"If every passenger on an airliner were to suddenly rush to one end of the plane, would it cause any hindrance to the flight?",??? ????? ???? ??? ???? ????? ????? ??? ??? ???? ????? ?? ??? ????? ??? ???? ????? ? ???? ???,M
What should be done further to apply for Ph.D fellowship from a government institution if I have cleared TIFR GS 2016 written test?,??? ??? ?? ?? ??? ??? ?? ?? ??? 2016 ?? ?????? ?????? ????? ?? ??? ?? ?? ????? ?? ????? ?? ?? ??? ?? ?????? ?? ??? ???? ??? ???? ?????,M
Who is the best manufacturer of customized kiosk in India?,????? ??? ???????? ????? ????? ???? ?? ?? ?????? ???? ????? ??? ???,M
How much (numerically) does tobacco smoking increase your lung cancer risk?,?????? ???? ???????? ?? ????? ?? ???? ?? ???? ??? ?? ???? ???? ???? ???,M
Does Donald Trump get to deduct his campaign expenses from his taxes?,??? ????? ???? ???? ??????? ??? ?? ??????? ?? ???? ???? ?? ???? ?? ???? ????,M
"Is Facebook news, video sharing a new kind of spam?",??? ??? ?? ?? ????? ?? ?????? ???? ???? ??? ??? ??? ?? ????? ???,M
What is the title of the film described below?,??? ??? ???? ???? ??? ?? ????? ??? ???,M
Is there a Monster Hunter PC game?,??? ???? ?????? ???? ?? ?? ??? ???,M
What are microprocessors?,??????????????? ??? ???? ????,M
How many characters are there in Xchrisone animation joke 8?,Xchrisone animation joke 8 ??? ???? ????? ????,M
What do women talk about mostly(among themselves)?,?????? ??? ??? ????? ?? ?? ??????? ?? ??? ???? ????,M
Is technology and globalisation making the world a better place or a bad place?,??? ????????? ??? ????? ?????? ???? ?? ???? ??? ??? ??? ?? ?????,M
What's the difference between IT security and ethical hacking?,??? ?? ???????? ??? ??????? ????? ??? ??? ??? ???,M
"How can standing in the rain or thick mist cause pneumonia, lung inflammation or fluid in the lungs?","???? ?? ???? ??? ??? ???? ???? ?? ??????? ???????? ?? ???? ?? ???????? ??? ???? ???? ?? ???? ???",M
Who invented zero and how?,??? ?? ?? ????? ??? ??? ?????,M
"My hair is thinning, very dry, and unhealthy, and I have dandruff?","???? ??? ??? ??? ???? ??? ??? ??? ??? ??? ??? ???? ??? ???? ???? ??? ??? ??? ?????",M
What is the function of mitochondria in a plant cell?,???? ?? ???? ??? ???????????? ?? ??? ??? ???? ???,M
Is Taylor Swift immature?,??? ???? ????? ??? ?????? ???,M
"National Institute of Technology Karnataka (NITK) , Surathkal: To the graduating batch: What lessons would you want to give to your juniors before you leave?","????? ????????? ?? ????????? ?????? (??? ??? ?? ??)? ???????: ??????? ???? ???? ????? ??: ?? ???? ??????? ?? ???? ?? ???? ??? ????? ???? ????? ???",M
Should I go back to school at 50?,??? ???? 50 ??? ?? ??? ??? ?????? ????? ???? ??????,M
"Prosumers: ""A new social theory is round the bend.""","?????????: ""??? ??? ????? ????? ??? ???? ???""",M
What is SAP?,??? ?? ?? ??? ???,M
Why nothing is done to solve Kashmir issue?,????? ?? ????? ?? ?? ???? ?? ??? ??? ???? ???? ??? ?????,M
Is it necessary to learn how to drive a car with a manual transmissions?,??? ????? ????????? ???? ??? ????? ?????? ????? ???,M
How much time does it take to upgrade the access level to full transaction rights in SBI online?,??? ?? ??? ?? ???? ??? ???? ????????? ????? ?? ??? ?????? ???? ?? ???? ???? ??? ???? ??? ???? ???,M
"As of 2015, what is the future of iOS development?","2015 ?? ?????? ??? ?? ??? ???????? ?? ?????? ??? ???",M
How do you get a paper receipt from American Airlines?,??? ?????? ????????? ?? ???? ??? ???? ???? ???? ?? ???? ????,M
What is squirting and has it have anything to do with orgasm?,????????? ??? ?? ??? ??? ?? ?? ???? ???? ????? ?? ???? ???,M
Is hypnosis real?,??? ?????? (??) ????? ???,M
Who are Airgas's top competitors?,???? ??? ?? ??? ????? (????) ??? ????,M
How can we get updates on any new movie trailers that are uploaded on Youtube?,?? ?????? ?? ?? ??? ???? ???? ??? ???? ?????? ?? ?????? ???? ???? ?? ???? ????,M
How do you not get bad dreams?,??? ???? ?? ??? ?? ??? ??? ??? ?? ???? ???,M
"A crew team rows a boat at a rate of 20 km/h in still water. In practice on a river, the team rows for 30 minutes up the river, and then for 30 minutes down the river. The speed of the river current is 1.5 km/h. How long did it take for them to return to the starting point?","??? ??? ???? ?? ???? ???? ??? 20 ??????? ?? ????? ?? ????? ?? ????? ??? ??? ?? ?????? ??? ???? ?? ????? ??? ??? 30 ??? ??? ??? ???? ?? ??? ??? 30 ??? ???? ??? ???? ?? ????? ?? ????? 1.5 ??????? ?? ????? ??? ?? ???? ???? ??????? ???? ?? ?????? ??? ???? ??? ???? ????",M
You tube as community television?,??? ?????? ??????? ???? ???? ?? ??? ??????? ?? ???? ???,M
I am a medical student and I just have 14 days left for my university exam. What would I have to do for pass out?,??? ??? ?????? ???? ??? ??? ??? ????????? ?? ?????? ?? ??? ??? 14 ?? ???? ???? ??? ???? ?? ??? ???? ??? ???? ??????,M
How do vendors price an electronic wallet product for service providers? What are the factors involved?,????????? ???? ?????? ?? ???? ???? ?????????? ?? ??? ???? ???? ??? ?????? ??? ?? ????? ?? ????? ????? ????,M
What is the best point & shoot camera under 25K INR?,"25,000 ???? ?? ???? ?????? ?????? ???? ??? ????? ??? ?? ???",M
"What changes, if any, happen to the shape of a woman's body because she has become sexually active?",??? ??? ???? ?? ??? ?? ???? ??? ???? ?????? ??? ?? ?? ?? ???? ??? ?? ???? ?? ???? ???,M
Does box.net use Amazon S3?,"??? box.net? Amazon S3 ??????? ???? ???",M
Did you feel lonely in the first months after giving birth to a child? What did you do to overcome it?,??? ?? ?? ??? ?? ?????? ?? ??? ???? ??? ?????? ??? ?????? ????? ????? ??? ?? ?? ?? ?? ???? ?????,M
Can you follow a topic anonymously?,??? ?? ??? ????? ?? ????? ????? ?? ???? ?? ???? ????,M
"With a steady decrease in fuel price and in inflation rate in India, why is the Rupee value not appreciating?",????? ??? ?????? ?? ???? ??? ??????? ?? ??? ??? ????? ??? ?? ?????? ???? ?? ??? ???? ???? ??? ????,M
What is the easiest way to build an application using internet of things?,??????? ?? ????? ?? ??????? ???? ???? ????????? ????? ?? ?? ?? ???? ????? ??? ???,M
What if the primary address listed in an agreement changes within the time frame the agreement is signed for? Does that make it void?,??? ??? ?????? ??? ??? ??? ????? ??? ??? ?????? ?? ??? ?? ????? ?????? ?? ???? ?? ??? ?? ?????? ?????? ?? ???? ???,M
How much did Microsoft pay for LiveLoop?,??????????? ?? ???????? ?? ?????? ?? ??? ???? ??? ??? ???,M
Why are AAP leaders having no previous criminal records are now being sent to jail?,"?? ??? ???? ????? ?? ??????? ?? ???? ??????? ?????? ???? ???? ?? ????? ??? ???? ????? ?? ??? ???",M
Do some women really squirt during sex? is it safe to consume the vaginal fluids?,??? ????? ??? ?????? ???? ??? ?? ????? ??????? ???? ???? ??? ????? ????? ?? ???? ?? ????? ????? ???,M
What is the goal of living?,????? ?? ???? ??? ???,M
How do I find a good escort?,??? ??? ???? ??????? (??? ????? ?? ????) ?? ???? ???? ?????,M
What universities does Universal insurance recruit new grads from? What majors are they looking for?,???????? ??????? ?? ??????????? ?? ??? ???? ??????? ???? ?? ????? ???? ??? ?? ?? ?????? ?? ??????? ????? ????,M
Why are fairy-themed magical girls rare in anime?,???? ??? ????? ?? ???? ?????? ?????? ???? ?? ???? ?????? ???? ????,M
Am I too young to come out as a lesbian? I am in 8th grade and almost 14. I am pretty sure I am a lesbian. Will people think I'm too young?,??? ??? ?? ??? ???? ???? ?? ?????? ?? ??? ??? ????? ???? ??? ?????? ????? ??? ??? ??? ??????? 14 ??? ?? ???? ???? ???? ???? ?? ?? ??? ?? ??? ???? ???? ??? ??? ???? ??? ????? ?????? ???,M
Is computer engineering in demand?,??? ??????? ????????? ?? ???? ???,M
What is difference between public subnet and private subnet?,???? ?? ??? ??? ???????? ?? ??? ??? ??? ??? ???,M
What are the hardest-hitting rap songs?,?? ?? ????? ??? ????? ???? ??? ???? ??? ?? ????,M
Can I use a Reliance Jio 4G sim in a 3G iphone?,??? ??? ??????? ??? 4G ?? ?? 3G ??? ??? ??? ??????? ?? ???? ????,M
How is etching done for solar panel?,???? ???? ?? ??? ????? ???? ?? ???? ???,M
What should I do when my bestfriend is ignoring me?,?? ???? ?????? ???? ???? ???????? ??? ?? ???? ??? ???? ??????,M
Where can I watch Pretty Little Liars for free?,"??? ""????? ??? ?????"" ????? ???? ??? ???? ???? ????",M
Why are Europeans in general more liberal than Americans?,????? ????? ?????? ???????? ?? ?????? ??? ????? ???? ???? ???? ????,M
Intercatse Marriage: My girlfriend's parents rejected me because of my lower caste. What should I do now?,"??? ??? ????: ???? ??? ????? ?? ?????? ?? ???? ???? ??? ?? ??? ?? ????? ?? ???? ?? ???? ??? ???? ??????",M
When is it not good to hire a lawyer who only sees you in court?,???? ???? ?? ?? ???? ????? ????? ?? ??? ????? ??? ? ?? ?? ?? ????,M
How do you make 3D animated movies in Blender 3D?,Blender 3D ??? ???? ?? ???? ???? ????? ???? ????? ???? ????,M
What exactly is the Ratan Tata Cyrus mistry fiasco?,??? ???? ??? ????? ????? ?? ?????? ?????? ??? ??? ??? ????,M
Who is the best graphic designer in israel?,??????? ?? ?? ?? ?????? ????? ??????? ??? ???,M
"Will existing Apple Watch bands work with Apple Watch 3 (2017), since I have expensive Apple Watch Bands including Link Bracelet and Classic Buckle?","??? ???? ??? 3 (2017) ??? ????? ???? ??? ?? ????? ??????? ?? ???? ???? ??? ??? ?? ?? ??? ????? ????? ???? ??? ??????? ??? ????? ??? ????? ????",M
What is the best cache plugin for WordPress based on Nginx?,??????? (Nginx ?? ????) ?? ??? ?? ?? ?????? ??? ??? ?? ??? ?? ???,M
Are there any legitimate reasons why one would vote for Donald Trump?,??? ???? ???? ????? ???? ??? ?? ?? ??? ?? ???? ????? ???? ?? ??? ???,M
What is the best time to visit Varanasi in India?,????? ??? ??????? ?????? ?? ??? ?? ?? ?????? ??? ??? ?? ???,M
How do I get the QR code for someone's WhatsApp messages by only knowing the phone number?,??? ??? ??? ?? ???? ??? ??????? ?? ??? ??? ?? ??? ??? ??? ???? ??? ?? ???? ???? ?? ???? ????,M
How do I calculate punching shear in flat slab?,???? ???? ??? ????? ???? ???? ????? ???? ???,M
What is the risk of selling bitcoin and accepting credit card payment?,??? ????? ??? ?? ????? ???? ?? ??????? ???? ???? ?? ??? ???? ???,M
How are my credit/debit card details safe?,???? ?????/???? ???? ?? ??????? ???? ????? ???? ????,M
I am a Pakistani girl and want to get admission in IIT in India. What should I do?,??? ??? ???????? ???? ??? ??? ????? ?? ??? ??? ?? ??? ????? ???? ????? ???? ???? ??? ???? ??????,M
How does 500 Startups structure its investments?,500 ?????? ??? ???? ?????? ???? ?? ?? ??? ???? ???? ???,M
What is the name of the song in which picturized on Madhuri Dixit and Ranbir Kapoor and is from which movie?,?? ???? ?? ??? ??? ?? ?? ??? ??????? ???? ??? ????? ???? ?????? ??? ??? ??? ?? ?? ??? ?? ???,M
"If you could break the RSA algorithm, would you keep it secret?","??? ?? ?? ??? ?? ???????? ?? ??? ????? ?? ??? ?? ??? ???? ????? ???",M
How can you increase your height?,?? ?????? ?? ??? ??? ??? ?? ???? ???,M
How do I get my stuff from amazon when it was never delivered?,??? ???? ??????? ?? ??????? ??? ??? ?????? ?? ?? ?? ??? ??? ???? ???? ?????,M
What was the fate of sanyogita after death of prithviraj chouhan?,?????? ??? ????? ?? ??? ?? ??? ???????? ?? ??? ????? ????,M
What is it like to be Jack Dorsey?,??? ????? ???? ?? ????? ???? ???? ???,M
What is the Personal Property Security Act and how is Nova Scotia's different from Quebec's?,"????? ??????? ???????? ???? ??? ??? ??? ???? ??????? ??? ?? ?????? ?? ?? ??? ????? ???",M
How can I sell a movie script?,??? ???? ?????? ???? ??? ???? ????,M
Which is the best digital marketing institute in Pune?,???? ??? ?? ?? ?????? ?????? ???????? ????? ???? ??? ?? ???,M
What is the formal protocol to be followed if all of our satellite networks were suddenly destroyed? What would the aftermath of such an event be?,??? ????? ????? ???? ??????? ??? ???? ???? ?? ????? ?? ?? ???? ??? ???? ???????? ??? ????? ?? ????? ?? ??? ?? ????? ??? ??? ???,M
What is the weather like during winter in Tel Aviv?,?? ???? ??? ?????? ?? ????? ???? ???? ???? ???,M
"Why don't we see Eminem laughing ever, except in his videos?","?? ??????? ?? ???? ????? ???? ???? ???? ??????? ????? ?? ?? ?????? ????",M
"What is a ""portfolio""?",???? ????? ??? ???? ???,M
How has the youth benefited from Art of Living courses and Sudarshan Kriya?,??? ?? ????? ????? ??? ?????? ???? ?? ???????? ?? ??? ????? ??? ???,M
What is the chemical formula for cellulose?,??????? ?? ?????? ??????? ??? ???,M
My salary is 12.5 k. I'm planning to invest in sips. Can anyone suggest me any investment plan?,???? ?????? 12.5 ???? ??? ??? SIP ??? ?????? ???? ?? ????? ????? ???? ??? ???? ???? ?????? ???? ?? ?????? ??? ???? ???,M
How competitive is the hiring process at Universal Electronics?,???????? ?????????? ??? ????? ???? ???? ?? ??? ???? ?????? ???? ???? ???,M
Can a Russian citizen with a U.S. Permanent Resident status (green card) live and work in Canada?,"??? ??? ???? ????? ?? ?????? ?? ????? ?????? (???? ???? ?????) ??? ?????? ??? ?? ?? ??? ?? ???? ???",M
How do I improve my learning skills?,??? ???? ?????? ?? ?????? ???? ???? ??? ???? ????,M
What is the viscosity of water?,???? ?? ????? (viscosity) ??? ???? ???,M
What online platforms can I post ads for beer money opportunity?,"?? ???? ??? ?? ???? ????? ?? ??? ""???? ???"" ?? ????? ?? ??? ???????? ??? ???? ????",M
What type of government does Turkey have? How does it compare to the one in Poland?,???? ??? ?? ??? ?? ????? ??? ??? ?? ?????? ?? ????? ?? ?? ??? ????? ???,M
I have 7 years of experience in the project field. I want to change my job profile by pursuing an MBA. Should I go for an executive MBA or a regular MBA?,???? ??? ??????? ?? ???? ??? 7 ??? ?? ????? ??? ??? ??? ?? ?? ?? ?? ???? ??? ??????? ????? ???? ????? ???? ??? ???? ???????? ??? ?? ?? ???? ????? ?? ?????? ??? ?? ???,M
What does Jake Williams think about Jake Williams?,"??? ?????? ??? ????? ?? ???? ??? ??? ????? ???",M
"How do I do the Wake Back To Bed lucid dreaming technique when I think I have restless leg syndrome (regardless, my legs hurt at night.)?","??? ???? ??? ?? ?????? ??? ??? ???? ?? ?? ???? ??? ??? ?????? ??? ?? ??? ""??? ??? ?? ???"" ?? ??? ?????? ????? ???? ?? ???? ????",M
Do these jeans look too much like women's jeans?,??? ?? ???? ?????? ?? ???? ???? ????? ?? ??? ????,M
Has there been any price drop in the Indian real estate market post demonetization?,??? ????? ??? ??? ???? ?? ??? ???? ????? ?? ?????? ??? ???? ??? ??? ???,M
Do I need a four-wheel-drive car to drive all the way on the Road to Hana?,"??? ???? ""??? ?? ????"" ???? ??? ?? ??? ??? ???? ?????? ???? ?? ????? ???",M
How do you sign out of the Yahoo Mail app?,??? ???? ??? ??? ?? ???? ??? ???? ?????,M
What is love in its purest form?,???? ???? ?? ?? ???? ??? ??? ??? ???? ???,M
How do you train a German Shepherd/Border Collie mix?,???? ?????/????? ???? ??? ??? ?? ??? ?? ???? ????? ?? ?????,M
What does anal sex feel like?,???? ???? ???? ????? ???? ???,M
What is better for a low back pain: heat or ice?,??? ?? ???? ??? ?? ??? ?? ??? ??? ???? ??: ?????? ?? ????,M
"How much do fiction writers earn in India and abroad if they sell 100,000 copies of a book?","??? ???? ???? 100,000 ?????? ????? ??? ?? ????? ??? ????? ??? ??? ???? ????? ???? ???? ????? ????",M
What are the greatest lies ever told by HR?,??? ?? ?? ??? ?? ??? ??? ?? ?? ??? ???? ??? ?? ????,M
Which Yamaha service center is best in Chennai?,???? ??? ?????? ?? ?? ?? ?????? ???? ????? ??? ?? ???,M
I make money from in-app purhases. Users are asking for more free stuff. Should I give it to them?,??? ?? ??? ????????? ?? ???? ????? ???? ?????? ???? ??? ????? ?? ?????? ?? ??? ???? ??? ???? ????? ???? ??????,M
How do I send confirmation texts to my customers?,??? ???? ?????? ?? ?????? ??????? ???? ???????,M
Is it worse to take advantage of someone or be materialistic?,??? ?? ????? ?????? ????? ??? ?? ?? ???? ???? ?????,M
What is the reaction between ammonia and sulfuric acid?,?????? ??? ??????? ???? ?? ?????? ??? ??????? ????? ???? ???,M
Which is the best YouTube Indian Tech Channel?,????? ?? ?????? ?? ?? ?? ?????? ????????? ???? ??? ?? ???,M
I'm a Canadian PR that just finished studying in the US. I got offered an H1-B. Should I take the offer or return to Canada?,??? ??? ??????? ??????? ??????? ??? ??? ?????? ??? ????? ???? ?? ??? ???? H1-B ??? ???? ??? ??? ???? ?? ??? ???? ???? ????? ?? ?????? ???? ???? ??????,M
Which are the best places for the holidays in India?,????? ??? ??????? ?????? ?? ?????? ?????? ??? ?? ????,M
What you will do to make millions?,?? ?????? ????? ?? ??? ??? ???? ???,M
Guru nanak dev university b.arch course reviews?,??? ???? ??? ????????? ?? ?? ??? ???? ?? ???? ??? ??? ???? ???,M
How can I learn ethical hacking online?,??? ?? ???? ??????? ????? ???? ???? ???? ????,M
To those outside of America: If the current US presidential election candidates (Obama Vs. Romney) were running in your country who would you vote for and who do you think would win?,"?????? ?? ???? ???? ????? ??: ??? ?????? ?????? ?????? ?????? (?????? ??????? ?????) ?? ?? ??? ??? ??? ?? ?? ?? ?? ??? ??? ?? ??? ??? ???? ???",M
How can I get maximum returns by investing Rs 25K in a year?,??? ??? ??? ??? ??? 25 ???? ???? ?? ?????? ???? ???? ????? ?? ????? ?? ????? ????? ???? ???? ?????,M
How do cell phone signal receptions and plan rates in Hawaii differ form the ones in Oregon?,????? ??? ?????? ??? ??? ????? ??? ????? ?? ?????? ?????? ?? ?? ??? ????? ????,M
If you could learn any language fluently what would it be?,??? ?? ???? ??? ???? ????? ?? ???? ???? ?? ?? ??? ?? ?????,M
What is bought more online?,?? ???? ?? ?? ????? ??? ????? ???? ???,M
"Why are there so many Romanian prostitutes offering ""unprotected sex""? Are they not educated on the dangers of this? I'm curious to understand their attitude.",???? ????? ??????? ?? ??? ???? ?????? ???? ???? ?? ???? ?????? ???? ??? ???? ???? ??? ????? ?? ?? ????? ?? ??? ????? ??? ?? ?? ???? ?? ?????? ????? ????,M
Are things without brains conscious?,??? ???? ?? ???? ????? ?????? ?? ???? ????,M
What are the best ways to find mentor for a high school student?,???? ????? ?? ????? ?? ??? ?????? ?????? (??????) ???? ???? ?? ????? ??? ????,M
Why does a king chess piece often have a cross or + sign on top of it?,????? ?? ?????? ?? ???? ?? ???? ???? ???? ?? ??? ?? ???? ???? ???? ???,M
Why did Air India choose the Boeing 787 Dreamliner?,???? ????? ?? ????? 787 ???? ????? ?? ???? ????? ????,M
"Once I am able to do vibrato in singing, will it stay with me forever?","??? ??? ???? ??? ???????? ???? ???? ????? ?? ??? ?? ????? ???? ???? ??? ???",M
How can I make the color aqua using other colors?,"??? ???? ????? ?? ??? ?? ""????"" ??? ???? ??? ???? ????",M
What is it like to be Marc Srour?,???? ????? ???? ?? ????? ???? ???,M
What is your favorite top 10 list of ‚ úSun‚ songs?,???? ?? ????? ?? ?? ?? ??????? ??? 10 ????? ?? ????? ??? ???,M
What plants do you have at home?,?? ?? ??? ??? ??? ??? ?? ???? ????,M
Why is the GDP per capita more of a measure of standard of living than the GDP?,"?? ?? ?? ?? ??? ?? ?? ?? ?? ?????? ??? ?????? ????? ?? ???? ?????? ???? ???",M
Who are some notable folks who attended Caltech?,???? ??? ??? ????? ???? ???? ???? ??? ????? ?????? ??? ?? ????,M
"I'm software engineer with 3 years of experience in an MNC in India. How to get software job opportunities abroad, specifically in US or UK?",??? ????? ??? ??? ??? ??? ?? ??? 3 ???? ????? ????? ???? ???? ???? ??????? ???? ?????? ?? ??????? ??? ????? ?? ????? ???? ???? ??? ?? ???? ????,M
"Did crimes shown by Savdhan India, Crime Patrol, and other similar shows real?","??? ""???????? ?????""? ""????? ??????"" ??? ???? ?????? ??? ??? ?????? ??? ????? ????? ???? ????",M
"If you want to introduce a friend to Jack Ketchum, what book would you start them off with? I'm thinking RED, PEACEABLE KINGDOM or JOYRIDE‚Ä¶","??? ?? ??? ???? ?? ??? ???? ?? ??? ?? ?????? ?????? ????? ?? ??? ?? ???? ?? ???? ???? ??? ??? ??? ??? ???: ""???""? ""??? ???? ?????"" ?? ""???????""?",M
How do you convert a torrent file to a DVD file?,?????? ???? ?? ?? ?? ?? ???? ??? ???? ????? ??? ???? ???,M
What does it say about someone if they do very well on multiple choice but poorly on the free response of the test?,"??? ???? ??? ???? ?? ????? ??? ??? ???? ??? ???? ??? ?????? ??? ????? ??? ?? ?? ?? ?? ?? ???? ??? ??? ???? ???? ???",M
What are some of the most amazing concepts given by theoretical physicists which cannot be proved in reality or are too advanced to prove with available resources/technologies?,??????? ??????? ????? ?? ??? ??? ?? ???? ????? ?????? ??? ?? ??? ?? ?????? ????? ?? ????????? ?? ???? ???? ??? ?? ???? ?? ????? ??? ??????? ??? ????,M
Everyone I've come across doesn't like Donald Trump. Then why do people still predict that he will win the US election?,"???? ???? ???? ?? ??? ?? ????? ???? ???? ????? ??? ??? ??? ???? ???? ??? ?? ?? ?????? ???????? ??? ???? ???",M
How can we remove water pollution of rivers?,?? ?????? ?? ?????? ?? ???? ??? ?? ???? ????,M
How do you find a figure labeled this way in a textbook?,??? ???? ??? ?? ????? ?? ???? ??? ????? ???? ???? ?? ?????,M
How do I stop not appreciating things around me?,??? ???? ?????? ?? ????? ?? ??? ?? ???? ?? ???? ??? ????,M
What do you love? Why?,?? ?? ??? ?? ???? ???? ???? ??? ?????,M
Is there any natural remedy for hair regrowth?,????? ?? ?????? ???? ?? ??? ???? ????? ???? ????? ???,M
"Why can't I fall in love with someone? Why I don't feel love, hate, pain or happiness? Why am I always even?","??? ??? ?? ???? ???? ???? ?? ????? ??? ????? ????? ??? ?? ???? ???? ????? ???? ????? ??? ????? ?????? ??? ?? ?????? ???? ???? ????",M
What does self-defense teach you?,???? ????? ???? ??? ?????? ???,M
"What do you think when you hear the word, ""Japan""?","?? ?? ""?????"" ?? ??? ???? ??? ?? ?? ?? ??? ??? ??? ??? ???",M
"If I want to say, ""let me know if you can try something and finish doing it"", is it correct to say ""let me know if you could try it""?","??? ??? ???? ?????: ""???? ?????? ?? ?? ??? ???? ???? ??? ??? ???? ?? ???? ???""? ?? ??? ""let me know if you could try it"" ???? ???? ???",M
How do I apply for a PAN card?,??? ??? ???? ?? ??? ???? ??????? ????,M
What are some tips to concentrate when reading or at work? I find my mind wanders and I know I am not being as productive as I should be.,?????? ?? ??? ?? ????? ???? ????? ???? ?? ??? ??? ?????? ??? ???? ???? ??? ?????? ???? ?? ??? ??? ????? ??? ?? ??? ???? ???? ?????? ?? ??? ???? ?? ????,M
What's the cause of under eye dark circles and what treatments can help?,?????? ?? ???? ???? ????? ?? ??? ??? ?? ??? ??? ?? ???? ?????? ????,M
What's it like to be a trillionaire?,???????? ???? ?? ????? ???? ???? ???,M
What can I do if I can't connect games in Windows Live?,??? ??? ????? ????? ??? ???? ????? ?? ?? ???? ?? ??? ?? ???? ????,M
What are the symptoms of autism in girls?,?????? ??? ???? ?? ?????? ??? ???? ????,M
How do I pick up a girl taller than me?,??? ???? ?? ???? ???? ?? ???? ????? ?? ???? ????,M
Where can I find the scripts of Desperate Housewives?,"???? ""??????? ???? ??????"" ?? ??????? ???? ?? ?? ???? ????",M
What are some of the QA interview questions?,?????? ??????? (QA) ??????? ??? ????? ???? ???? ??? ?????? ??? ???? ????,M
I am studying BE (engineering) in electronics and communications. I am in 2nd year. But I am very much interested in physics and I want to do research in physics. What should I do to achieve my aim?,"??? ?????????? ??? ??????????? ??? ?? ?? (?????????) ?? ??? ???? ??? ????? ??? ??? ???? ???? ???? ???? ??? ??? ?????? ?? ??? ??? ????? ???? ????? ???? ???? ???? ?? ???? ???? ?? ??? ???? ??? ???? ??????",M
I have studied class 12 PCMB combination. I am going to take CSE. What should I do to make up my computers basic?,"??? ?? ??????? ????? ??? PCMB (????? ???????? ????? ????????) ???? ??? ?? ??? ??????? ????? ???? ????????? (CSE) ???? ?? ??? ???? ???? ???????? ?? ?????? ???? ???? ???? ????? ??????",M
How do I write this program in C++?,??? ?? ??????? C++ ??? ???? ??????,M
What are the qualities an Indian must have to get admission in American universities for PG?,??? ?????? ???? ??? ??? ??? ?? ?????? ???? ?????? ???? ?? ?????? ????????? ??? ???? ???????? ?? ??? ????? ???? ?? ????,M
How many times a day do a clock‚Äôs hands overlap?,??? ?? ??? ???? ??? ???? ?? ?????? ??? ????? ?? ??????? ???? ????,M
Whether push ups helps in healing disc bulge?,??? ??? ???? ???? ?? ??? ??? (???? ?? ??? ?? ???) ?? ???? ??? ??? ???? ???,M
Why am I breathing through my mouth during meditation and not my nose?,?????? ?? ????? ??? ??? ?? ????? ??? ?? ???? ???? ?? ??? ????,M
"What exactly is the ""Vyapam"" scam? Why have so many died because of it?",????? ??????? ??? ??? ??? ??? ?? ?? ??? ?? ???? ??? ???? ????,M
Brucelees death mystery?,???? ?? ?? ??? ?? ???? ??? ???,M
What can you tell about a person from their photo?,??? ?? ????? ???? ?? ?? ?? ???? ??? ??? ???? ?? ???? ???,M
"What are the main imports and exports of Venezuela, and how does Venezuela's industry compare to Cuba's?","???????? ?? ??? ??????? ??? ??????? ??? ???? ??? ?? ?? ???? ????? ?? ?????? ??? ???? ???",M
How and where do I catch an Eevee in Pok√©mon GO?,"??? ??????? ?? ??? ""????"" ?? ???? ??? ???? ??? ???? ????",M
Why is it very important to love myself?,???? ?? ?? ???? ???? ???? ????? ???? ???,M
How powerful was Radagast the Brown?,???????? ?? ????? ???? ?????? ????,M
"Why do so many people ask ""How do I get rich?"" Shouldn't they ask for knowledge and insight on how to make money, instead of ""get rich, quick?""","???? ??? ?? ???? ???? ???? ??? ?? ""??? ???? ???? ?????"" ??? ????? ???? ????? ?? ????? ???? ????? ?? ??? ??? ????? ???? ?????? ??????",M
Which is the best modular kitchen in Bangalore?,?????? ??? ?? ?? ?????? ??????? ??? ??? ?? ???,M
How can I recover my emails from my Gmail account?,??? ???? ?? ??? ?????? ?? ?? ???? ???? ????? ?? ???? ????,M
Why does Netflix choose to release its new seasons of original shows at 3AM ET/12AM PT?,??? ???? ???? ??????? ??? ?? ??? ???? ??? 3 ??? (ET)/??? 12 ??? (PT) ?? ?? ???? ????? ???? ???,M
What did old car enthusiasts think about the revival of the Bugatti brand in the 90s?,????? ?????? ?? ????? ????? ?? 90 ?? ????? ??? ?????? ????? ?? ????? ?? ???? ??? ??? ???? ???,M
What is the derivative of ln (x^2+5x+6) = ln (x+11)?,"??? ln(x^2+5x+6) = ln(x+11) ??? ?? ?? ?? ???? (derivative) ??? ?????",M
"I have a mixed professional experience (4 Years) in manufacturing Quality and Planning, but I want to transit for Design field (UGNX)! Any Inputs?","???? ??? ???????????? ?????? ??? ?????? ??? 4 ??? ?? ????? ????? ??? ???? ??? ?????? ???? (UGNX) ??? ????? ???? ????? ???? ??? ???? ??????? ?? ???? ???",M
What makes a woman or girl unattractive?,??? ?? ????? ??? ???? ?? ???? ?? ??? ????? ??? ???? ????,M
What's it like to have your spouse cheat on you?,???? ???? ???? ?? ????? ???? ?? ????? ???? ???? ???,M
What are the hardest hip hop/rap songs of all time?,????? ?? ?? ?? ??? ??? ?????? ?? ???/??? ???? ??? ?? ????,M
How can I learn psychology by myself?,??? ??? ?? ?????? ???? ???? ???? ????,M
What are the condition after 50 days of demonitisation?,??? ???? ?? 50 ?? ??? ????? ???? ????,M
How can I do SEO for any website?,??? ??? ??? ??? ???? ?? ??? SEO ???? ?? ???? ????,M
How long does it take to get as Russian business visa?,???? ???? ???? ???? ???? ??? ???? ??? ???? ???,M
Does anemia increase irritability?,??? ??? ?? ??? ??????? ?? ?????? ???,M
How do I deal with dandruff and hair fall?,???? ???? ??? ??? ????? ?? ????? ?? ???? ????? ??????,M
How is the Supreme Court of India legislated?,?????? ????? ???? ?? ????? ???? ???? ???? ?????,M
How do you sell your soul?,???? ???? ??? ???? ????? ???,M
Does the Supreme Court of India have the power to scrap the articles in the constitution? What can the government do if it wants to oppose SC's verdict? How is the issue finally resolved?,??? ?????? ????? ???? ?? ???? ?? ??????? ?? ????? ???? ?? ?????? ???? ??? ??? ????? ????? ???? ?? ????? ?? ?????? ???? ???? ?? ?? ??? ?? ???? ??? ?????? ?? ????? ???? ?? ???? ???,M
How can a CA student prepare for SAP and Oracle consulting profiles?,??? ?? ?? ?? ???? ??? SAP ??? Oracle ??????? ???????? ?? ??? ???? ????? ????,M
Why would some one water cool their keyboard?,???? ???? ?? ???? ?? ???? ?? ???? ????? ??? ???,M
Was Ramanujan murdered by the British?,??? ???? ???? ?? ????????? ?? ??? ??? ????,M
How do I improve my reading skill?,??? ???? ????? ?? ?????? ?? ???? ???? ??? ???? ????,M
How likely is that the US or Russia will elect someone insane enough to start a nuclear war (excluding Donald Trump)?,???? ????? ?? ?? ?????? ?? ??? ???? ???? ???? ??? ????? ??? ?? ????? ??? ???? ?? ?? (????? ???? ?? ???? ??)?,M
Why do parents fight for silly reasons?,?????? ?????? ????? ?? ???? ?????? ????,M
How much data do WhatsApp calls consume?,???? ??? ???? ???? ???? ?? ??????? ???? ????,M
"Did Agatha Christie write The Big Four? If not, who did?","??? ""?? ?? ???"" ???? ?????? ????? ?? ???? ???? ??? ????? ?? ?? ?? ?????",M
"What is more power-efficient, in regards to turning on AC Heat in winter. Let it stay on in Auto for a long period or turn it off/on as desired?",?????? ??? ?? ?? ????? ?? ???? ?? ?????? ??? ??? ?? ????? ????? ??????? ????? ??? ??? ??? ???? ??? ?? ??? ?? ???? ???? ???? ?? ?? ????? ?? ????? ??/?? ?????,M
Can I send anyone for jio sim for with my mobile and proofs or Do I need to go there?,??? ??? ??? ??? ?? ???? ?????? ??? ????????? ?? ???? ??? ?? ?? ??? ???? ???? ??? ?? ???? ??? ???? ??? ???,M
What are the ways to know what I am interested in?,???? ?????? ????? ???? ?? ????? ??? ????,M
Is MGB the new KGB?,??? MGB ??? KGB ???,M
What can a mechanical engineer do?,??? ??????? ??????? ??? ??? ?? ???? ???,M
"Whenever I sing, my throat feels stuffy. How can I stop this?","?? ??? ??? ???? ??? ?? ???? ??? ??? ????? ????? ???? ??? ??? ??? ???? ??? ???? ????",M
Have you ever benefitted from drinking water even when not thirsty?,??? ?? ?? ???? ???? ?? ???? ?? ??? ???? ???? ?? ????? ????? ??? ???,M
"Is Rohit sharma is unsung hero? Why we forget him every time and give credits to kohli, raina etc.?","??? ???? ???? ??? ??? ????? ??? ???? ??? ?? ?? ??? ??? ???? ???? ???? ??? ??? ???? ????? ?????? ????? ????? ?? ?? ???? ????",M
What are good institutes in Pune that provide PMP training and guidance?,???? ??? PMP ?????? ??? ??????? ????? ???? ???? ???? ????? ??? ?? ????,M
Is broadsoft a goog?,??? Broadsoft ??? ???? ????? ???,M
What does the Starbucks Gold level rewards card provide people with?,????? ??? ?? ???? ???? ?????? ???? ?????? ?? ??? ??????? ????? ???? ???,M
Which is the best programming language to learn for beginners?,??????? ????? ?? ??? ?????? ?? ??? ?? ?? ?????? ????????? ???? ??? ?? ???,M
Do squats work for men?,??? ??????? ????? ?? ??? ?????? ????,M
What is the solution for 4*3+2-4/2?,4*3+2-4/2 ?? ?? ??? ???,M
What overall caused WWII to end?,????? ??? ???? ??? ???? ?? ??? ??? ??? ????,M
What's the coolest demonym?,?? ?? ?????? (coolest) ?????? ??? (demonym) ??? ?? ???,M
How does the Earth's core affect its crust?,???? ?? ??? (core) ?? ?? ??? (crust) ?? ??? ??? ????? ???,M
What's the best way to spend new year's eve in Prague?,???? ??? ??? ??? ?? ??? ?????? ?? ?????? ????? ??? ???,M
How should I prepare for the SNAP 2016?,???? SNAP 2016 ?? ????? ???? ???? ??????,M
How is Windows 2000 firewall compared to Avast firewall?,"????? 2000 ?? ???? ???? Avast ?? ???? ??? ?? ?????? ??? ???? ???",M
Is it healthy to lose 13 pounds in a month?,??? ??? ????? ??? 13 ????? ??? ?? ???? ??? ??? ???,M
Why should a man marry ?,??? ??? ?? ???? ???? ???? ??????,M
Is reliance jio offering 1 year of free internet on LYF Smartphones purchase?,??? ??????? ??? LYF ?????? ??? ?????? ?? ??? ??? ?? ??? ??????? ?? ??? ???,M
What are some problems Indians think India is facing today?,?? ????? ??? ?? ??? ????? ?????? ??? ?? ????? ?? ??? ????? ?????? ????,M
If the pronunciations of the letters V and W are identical in English then why do we include both letters in alphabets?,??? ??????? ??? V ??? W ?? ???? ??? ???? ?? ?? ?? ????? ???? ???? ??? ???? ???? ???? ????,M
How could I gain weight in a healthy way?,??? ??? ??? ????? ?? ??? ???? ???? ???? ????,M
"What is the next number in the following sequence: 1/2,16,4,15,3,56,_?","?????? ??? ????? ??? ???? ??? ??? ????: 1/2, 16, 4, 15, 3, 56, _?",M
What is the best camera for photography?,????????? ?? ??? ?? ?? ?????? ????? ??? ?? ???,M
"Which GPU is better, Nvidia GTX 940MX or Intel Iris 6100?","??? ?? GPU ???? ??? Nvidia GTX 940MX ?? Intel Iris 6100?",M
"What is the minimum package offered in IIM-A,B, C,L?","??? ??? ??? A? B? C? L ??? ?? ?? ?? ?????? ?? ????? ???? ???? ???",M
Has any country other than India ever had Demonetization of their currency notes?,??? ????? ?? ????? ??? ??? ??? ?? ???? ????? ????? ?? ?????? (demonetization) ?? ???,M
How many people are going towards using phones to search for local businesses?,???? ??? ????? ??????? ???? ???? ?? ??? ??? ?? ??????? ???? ??? ????,M
What purpose do chiral carbons serve in glucose?,?????? ??? chiral ?????? ?? ??? ???? ???? ???,M
"In Ancient Rome, slaves were branded. What happened with the brand mark if they were subsequently liberated?",???? ??? ??? ?????? ?? ???? ??? ??? ???? ???? ??? ??? ??? ????? ????? ?? ???? ?? ?? ???? ?? ??? ???? ????,M
What is mobile security system?,?????? ???????? ???? ??? ???? ???,M
"If my truck's oil interval is every 7500 miles, do I change it that often or do I still do 3 months if that comes first?","??? ???? ??? ?? ??? ????? ???? ?? ???? 7500 ??? ??? ?? ??? ???? ??? ??? ????? ???? ????? ?? 3 ????? ??? ??? ??? ???? ??? ?? ????",M
How can I best invest ‚Çπ5000 over the next 6 months?,??? ???? 6 ?????? ??? ?5000 ?? ?????? ?????? ???? ???? ?? ???? ????,M
What side dishes would go well with lamb chops?,???? ???? (Lamb Chops) ?? ???? ??? ?? ????? ??? ???? ???? ????,M
How should I celebrate a 2 month anniversary?,2 ??? ?? ?????? (anniversary) ?? ??? ????? ??????,M
Why does she never text me first?,?? ???? ???? ???? ???? ???? ???? ?????,M
Which is better: BITS Goa in chemical or BITS Hyderabad in electrical?,??? ?? ???? ??: BITS ??? ??? ?????? ?? BITS ???????? ??? ??????????,M
"If I told my gf to make my photo as dp,is it wrong?","??? ??? ?? ???? ??? ????? ?? ??? ?? ???? ????? ???? ?? ?? ?????? ?? ??? ?? ??? ???",M
What is the solution for the below problem?,??? ??? ?? ??? ????? ?? ?? ??? ???,M
"In an age where we constantly see the best of other people's work and lives, how do we not feel dissatisfied with our own work and lives?","?? ?? ?????? ?? ????? ??? ??? ?? ?????? ???? ???? ????? ?? ????? ?????? ???? ?? ???? ????? ??? ??? ?? ??? ??????? ????? ?? ???? ?? ??? ?? ??? ?? ???? ????",M
How much do dental implants cost?,????? ???????? ?? ???? ???? ???? ???,M
Why hasn't Japan properly atoned for its atrocities in WWII?,????? ?? ????? ??? ???? ??? ??? ??? ????? ?? ????? ????? ???? ???? ????,M
What is the difference between Adderall and Cocaine?,???????? ??? ????? ??? ??? ??? ???,M
What should I do to join an NGO in India?,????? ??? ??? ??? ?? ?? ??? ???? ???? ?? ??? ???? ??? ???? ??????,M
Why are there no laws in society to prevent individuals from hoarding wealth?,?????? ??? ???? ???? ?????? ???? ???? ??? ?? ????? ?? ???? ??? ???? (hoarding) ?? ??????,M
Why can't I visit Facebook?,??? ??? ?? ??? ???? ???? ?? ?? ????,M
"What does this phrase mean: ""He was President of that organization until he was dispossessed by the Nazis""?","?? ???? ?? ??? ???? ??: ""?? ??? ????? ?? ??? ??? ?? ?? ?? ?????? ?? ??? ??? ?? ???""?",M
"Is it true that Jesus said that he was ""a son of God"", not ""the son of God""?","??? ?? ?? ?? ?? ???? (???? ?????) ?? ??? ??? ?? ?? ""??? ?? ??? ????"" ??? ?? ?? ""??? ?? ?????? ????""?",M
I have to prepare an assessment of speaking & listening speech. Can I get some ideas on the topic MYSTERY?,"???? ??????? ??? ?????? ??????? ?? ????? ???? ??? ??? ?? ????? ""MYSTERY"" ?? ??? ??????? ?? ???? ????",M
"Programmers/developers, what is your home setup like?","?????????/???????? ?? ?? ??? ??? ??? ?? ???? ???? ???",M
Why does Jimmy Wales choose to reside in London instead of the US?,??? ???? ?????? ?? ????? ???? ??? ???? ?? ?????? ???? ???? ???,M
What would Michael Jackson think of Donald trump if Michael was alive today?,??? ?????? ????? ?? ???? ???? ?? ?? ????? ???? ?? ???? ??? ??? ??????,M
What is the most unexpected thing you got to know about your own culture/food/country etc from someone else who does not belong to that culture?,??? ??? ?????? ??? ?? ???? ?????/?????/??? ?? ???? ??? ?? ?? ??? ???? ??? ????? ??? ????? ???? ?? ?? ?? ???? ???? ????? ????,M
What is the most accurate wearable item for activity  on the market today (i.e. Jawbone or Fitbit)?,?? ?????? ??? ?? ?? ???? ?????? ????? ???? ????? ?? ???? ??? ??? ?? ??? (???? Jawbone ?? Fitbit),M
Should I become American as German citizen?,??? ???? ???? ???? ???? ?????? ?? ???? ??????,M
Is it good to be in a relationships at the age of17?,??? 17 ??? ?? ??? ??? ?????? ??? ???? ???? ???,M
What is life?,????? ??? ???,M
What is the best way to propose a girl for marriage?,??? ???? ?? ???? ?? ????? ???? ?? ?? ?? ?????? ????? ??? ???,M
"Does IIFM, Bhopal accept XAT scores? If yes, what is the cutoff for it?","??? ??? ??? ??? ???? ?????? XAT ????? ???? ???? ??? ??? ???? ?? ?? ?? ?? ?? ??? ???",M
Does gravitational force exists in all planets?,??? ??? ??? ?? ??? ???? ?????? ?? ????? ???? ???,M
What are the things that you love the most about your fiance?,?? ?? ???? ?????? ?? ???? ??? ?? ?? ????? ??? ???? ???,M
What are the Seven Wonders of the World?,???? ?? ??? ??????? ??? ?? ????,M
"If you have 3 blocks connected through 3 cords, the last being pulled right by a hand, what forces act on each block + how do you find Fnet?","??? ?? ?? ??? 3 ????? ??? ?? 3 ???? ?? ??? ??? ??? ???? ???? ?? ????? ??? ???? ?? ?????? ?? ??? ??? ?? ?? ???? ?? ??? ?? ????? ??? ????? ??? ?? ??? Fnet ???? ????? ???? ???",M
Is gender wage gap a myth and if so how?,"??? ??? ? ???? ?? ???????? ??? ??? ??? ?????? ??? ??? ???? ?? ?????",M
What is time according to Vedas?,????? ?? ????? ??? ??? ???,M
How do I cope with the fact that I will never have a girlfriend?,??? ?? ????? ?? ???? ????? ?? ???? ???? ??? ????? ???? ??? ???,M
What are the secrets behind the Gold Rush TV show?,???? ?? ?? ?? ?? ?? ????? ?? ??? ??? ????,M
How do growth and development contrast?,??????? (growth) ??? ???? (development) ??? ??? ??? ???,M
What are some good power banks to buy in India?,????? ??? ?????? ?? ??? ??? ???? ???? ???? ??? ?? ????,M
Why is unrefrigerated milk good for you?,???? ???? ??? ???? ???? ??? ?? ??? ???? ???? ???? ???,M
I study telecommunication engineering. What skills do I need to have before completing college?,??? ???? ?????????? ????????? ?? ????? ???? ?? ??? ???? ???? ???? ???? ?? ???? ???? ??? ?? ??????? ??? ???????,M
Can I change my branch from ECE to CSE in IPU after 1st year?,??? ??? ??? ?? ?? ??? ???? ??? ?? ??? ???? ??? ECE ?? CSE ??? ????? ?? ???? ????,M
Is there any children story book shop in Australia?,??? ???????? ??? ???? ?? ??????? ?? ???? ?????? ?? ???? ???,M
Gandhi and ambedkar as rivals?,??? ?????? ??? ??????? ??? ????? ?? ???? ????,M
What are some tips on making it through the job interview process at Williams?,??????? ????? ??? ????? ?? ??????? ?? ????? ?? ????? ?? ??? ??? ?????? ??? ????,M
Should I buy a new laptop?,??? ???? ??? ??? ??? ?????? ??????,M
"Take the minimum lethal volume of a gaz, put it in a container that can be digested by the stomach, and swallow it. What would happen?","??? ??? ??? ?? ?? ?? ?? ???? ????? ?? ??? ???? ?????? ??? ???? ???? ?? ???? ??? ??? ?? ???? ??? ??? ??? ??? ??? ???? ?? ??? ?????",M
"What hotel in Diphu Hill-station would be safe for unmarried couples, without the harassment of police, hotel staff, and moral police?","????? ??? ?????? ??? ??? ?? ???? ??? ???? ??? ????? ?? ??? ????? ?? ???? ?????? ???? ????? ?? ?????? ???? ???? ?? ????? ?? ???",M
"My family tickets have changed from RAC to CNF (Confirmed), will all of us have adjacent seats? After preparation of charts?","???? ????? ?? ??? RAC ?? CNF (??????) ?? ??? ???? ??? ?? ?? ?? ???? ???? ????? ???? ??? ???? ???? ?? ????",M
How do I select all the text in a cell in Excel? What is the keyboard shortcut?,?????? ??? ??? ??? ?? ???? ????? ???? ????? ????? ?? ?? ?? ???? ???? ?? ??? ???,M
Which state speaks pure Hindi?,??? ?? ????? ?? ?? ???? ???? ????? ???,M
Can Indian government swap some land area with Bangladesh so that the Chicken's neck corridor can be widened to 100+ kilometers?,??? ????????? ????? ????? ??? ?? ???? ??? ????? ?? ????? ?? ???? ?? ???? ??? ?? ???? ?? ??????? ?? 100+ ??? ???? ?? ???? ??? ?? ????,M
What is the best Android app for advanced English learners to improve their vocabulary and grammar?,???? ???? ?? ??????? ?????? ????? ?? ??? ?? ?? ????? ????? ??? ?????? ?? ???? ????? ?? ??? ??? ?? ????????? ??? ?????? ???,M
Is Ashwatthama of Mahabharat still alive?,??? ???????? ?? ???????? ???? ??? ???? ???,M
What is 4g LTE?,4 ?? ??? ?? ?? ??? ???,M
Why do I hesitate to start talking?,??? ??? ???? ???? ??? ??????? ???? ????? ???? ????,M
What is the best way to get rid of pubic hair?,??? ??? ????? ?? ???? ?? ?????? ????? ??? ???,M
What are some cultural faux pas among programmers?,????????? ??? ??? ?????? ?????? ??? ????,M
Why Swami Vivekananda was brahmachari?,????? ????????? ???????? ???? ????,M
What does a black hole look like?,??? ???? ??? ???? ?????? ???? ???,M
What causes the burning sensation in a urinary tract infection?,????? ?? ???? ?? ??????? ??? ??? ?? ???? ??? ???? ???,M
What makes some students unable to fit in at Dartmouth?,??? ???? ???? ????? ????????? ??? ??? ?? ???? ???? ???? ?????,M
"If a college, that I have applied to, isn't sending promotional emails or isn't being in contact, does this mean a likely rejection from that college?","??? ?? ???? ?? ??? ??? ?? ??????? ?? ??? ???????? ?? ???? ???? ???? ??? ?? ????? ??? ???? ??? ?? ??? ?? ?? ???? ?? ?? ???? ??????? ????? ?? ???? ???",M
What is best for ASO app promotion?,??? ????? ??????????? (ASO) ?? ??? ?????? ????? ??? ???,M
What are the best goals scored in soccer?,????? ??? ?? ?? ?? ?????? ???? ??? ?? ????,M
Will Zakir Naik return to home to attend his father's funeral?,??? ???? ????? ???? ???? ?? ????? ??? ???? ?? ??? ??? ???? ???? ???,M
Why do some children kill their parents?,??? ??? ???? ?????? ?? ???? ??? ???? ????,M
Will a world war ever happen again?,??? ???? ?????? ????? ??? ?? ???? ???,M
How many photos a day does an average person take with their phone.?,??? ??? ??? ?????? ???? ??? ?? ???? ?????? ???? ???,M
Is there a child like trait always alive somewhere inside?,??? ????? ?? ???? ????? ??? ???? ???? ???? ???? ???? ???,M
Has Lotus actually sold any cars in the US over the last 10 year?,??? ???? ?? ????? ?? ????? ??? ?????? ??? ???? ???? ???? ???,M
Is cloud computing based on client-server paradigm?,??? ????? ???????? ??????-???? ???? ?? ???? ???,M
Why shouldn't I buy an iPhone?,???? ??? ??? ???? ???? ?????? ??????,M
"What are the best and worst things about public transit in Shangqiu, Henan, China? How could it be improved?","???????? ?????? ??? ??? ???? ????????? ?? ?????? ??? ?????? ????? ??? ???? ??? ???? ???? ????? ?? ???? ???",M
What is the difference between a USB 2.0 and a USB 3.0? Will USB 2.0 ports support USB 3.0 portable drives or pen drives?,?? ??? ?? 2.0 ??? ?? ??? ?? 3.0 ??? ??? ??? ??? ??? ?? ??? ?? 2.0 ????? ?? ??? ?? 3.0 ??????? ?? ??? ??????? ?? ????? ???? ???,M
Should we report Quorans who spout crackpot Physics ?,??? ???? ?? ????? ?????? ?? ????? ???? ????? ?? ??????? ??????? ??? ???? ????,M
I got a 7.6 CGPA in class 9. Can I get a 10 CGPA in class 10?,??? ?? ???? ????? ??? 7.6 ?? ?? ?? ?? ???? ???? ??? ??? ????? ????? ??? 10 ?? ?? ?? ?? ???? ?? ???? ????,M
Are Instagram usernames transferable?,??? ????????? ???? ??? ????? ?? ????? ??? ?? ???? ????,M
What does it mean when a girl smiles at you every time she sees you?,??? ???? ???? ?? ?? ?? ??? ???? ?? ??????? ?? ?? ?? ??? ???? ???? ???,M
"How is imagery used in ""The Raven"" by Edgar Allan Poe?","????? ???? ?? ?? ??? ""?? ????"" ??? ??????? ???? (??????) ?? ??????? ???? ??? ??? ???",M
How do I become happier in my job?,??? ???? ?????? ??? ????? ??? ???? ?? ???? ????,M
What is the best George Carlin quote?,???? ????? ?? ?????? ??? ??? ?? ???,M
What do the different colors of hearts in emojis mean? Which one would you use to tell someone you like them a lot?,"??????? ??? ?? ?? ????? ????? ?? ??? ???? ???? ??? ??? ?? ??? ?? ?? ????? ????? ?? ?? ??? ??? ???? ???? ???? ?? ?? ??? ?? ?? ??????? ???? ???",M
How do you get a debit card?,???? ???? ???? ???? ??? ?? ???? ???,M
How could I get rich?,??? ???? ???? ?? ???? ????,M
Why does Hillary Clinton say that Russia is the U.S.'s adversary? Has Russia been aggressive to the U.S. or any of its NATO allies?,????? ????? ?? ???? ???? ??? ?? ??? ?????? ?? ???? ??? ??? ??? ?? ?????? ?? ?? ?? ???? ???????? ?? ???? ?????? ?? ???,M
Nisargopchar kendra at uruli kanchan? Has anyone done it?,?????? ???? ??? ?????????? ????? ???? ??? ??? ??? ?? ?? ????? ??? ???,M
Is A Song of Ice and Fire as popular as the Harry Potter series? Why or why not?,"??? ""? ???? ?? ??? ???? ????"" ????? ""???? ????"" ????? ???? ????? ??? ???? ?? ???? ?????",M
How do I correct the police station name in passport application after the PSK appointment is already over and all documents have been submitted?,?? PSK ????????? ???? ?? ???? ??? ???? ????????? ??? ?? ??? ??? ?? ??????? ??????? ??? ????? ?????? ?? ??? ???? ???? ??? ?? ???? ???,M
Who would win: Percy Jackson vs Magnus Chase?,????? ????? ??? ?????? ??? ??? ?? ??? ???? ???,M
Can humanity survive without religion?,??? ??????? ???? ?? ???? ???? ?? ???? ???,M
What is the best gamer lifehack?,????? ?? ??? ?????? ???? ??? ??? ???,M
What is performance testing?,???????? ?????? ??? ???? ???,M
Is the word food singular or plural?,"??? ""???"" ???? ???? ?? ?? ????",M
Why do we get sea breezes in summer but rarely in winter?,?????? ??? ?????? ?????? ???? ??? ??? ???? ?????? ??? ??? ???,M
How can I download Pok√©mon GO on my iPhone 5s in India?,??? ????? ??? ???? ??? ??? 5s ?? ??????? ?? ???? ???? ??? ?? ???? ????,M
Which city in Argentina has the best weather?,???????? ?? ??? ?? ??? ?? ?? ???? ???? ????? ???,M
What are some Open Source E-commerce solutions?,??? ?????? ???? ???? ?? ????? ?? ??? ?? ????,M
What are examples of communist nations?,??????? ????? ?? ?????? ??? ????,M
How do I start learning or strengthen my knowledge of data structures and algorithms?,??? ???? ???????? ??? ????????? ?????? ???? ???? ???? ?? ???? ??? ?? ???? ???? ??? ???? ????,M
How do I delete my Instagram history?,??? ????????? ?? ????? ???? ????? ?? ???? ????,M
Which is the best way to earn lakhs of rupees from referral s? Is there any programme?,?????? ?? ?????? ???? ????? ?? ?????? ????? ??? ??? ??? ???? ???? ??????? ???,M
"How do you use the word ""bravado"" in a sentence?","??? ""bravado"" ?? ??? ???? ??? ???? ??????? ??? ???? ???",M
Can I use 220V 50 hz CFL with 110V 60 Hz?,??? ??? 220V 50Hz CFL ?? 110V 60Hz ?? ???? ??????? ?? ???? ????,M
Why does Christmas music make me feel sad?,????? ?? ?????? ???? ???? ???? ?? ???? ???,M
"Why is it that according to Islam, women are forbidden to offer Namaz/Salath at a Masjid/Mosque?",????? ?? ????? ?????? ?? ???? ??? ???? ????? ?? ???? ???? ???? ???,M
Emoticons: What does ‚Äú:/‚Äù mean?,????????? ì:/î ?? ??? ???? ???? ???,M
What are some good substitutes for butter beans?,??? ???? ?? ??? ???? ?????? ??? ?? ???? ????,M
Are there any sites or companies that do property analytics? Why don't the large property portals like Rightmove and Zoopla do this more?,??? ???? ??? ????? ?? ??????? ??? ?? ??????? ???????? ????? ???? ???? ??? ??????? ??? ????? ???? ???? ??? ??? ????? ?? ????? ???? ???? ??????,M
How do I go in research after completing b.pharmacy?,?? ??????? ???? ???? ?? ??? ????? ?? ???? ??? ???? ???? ?? ???? ???,M
What will be my rank in NEET 2016 if my marks is 391?,??? ???? 391 ???? ??? ?? ??? 2016 ??? ???? ???? ??? ?????,M
Can I get my Sprint phone to work for Metro PCS?,??? ??? ???? ?????? ??? ????? ?? ?? ??? ?? ??? ???? ????,M
Is pan fried food unhealthy?,??? ??? ??? ????? ??? ??? ????? ??? ??? ??? ???? ???,M
How many wind turbines would you need to power a factory?,??? ?????? ?? ???? ????? ???? ?? ??? ???? ??? ??????? ?? ????? ?????,M
What is your favourite Stan Lee cameo in a Marvel film?,????? ??? ??? ?? ?? ??????? ????? ?? ????? ??? ?? ???,M
What is meant by a parallel circuit? What are some examples?,?????? ???? ?? ??? ???? ??? ?? ?? ??? ?????? ??? ????,M
What are some things men don't tell women?,?? ??? ?? ????? ??? ?? ??? ?????? ?? ???? ??????,M
What is the best spot for a vacation in the world?,???? ??? ?????? ?????? ?? ?? ?? ?????? ??? ??? ?? ???,M
What are some puzzles similar to Sudoku?,?????? ?? ???? ???? ??? ????? ???? ??? ?? ????,M
How did soybeans become a cash crop in Louisiana? What is the economic impact of this industry in Louisiana?,??????? ??? ??????? ?? ??? ??? ???? ???? ???? ?? ???? ?? ??????? ?? ????? ?? ??? ??? ???,M
ÿ≤ÿ® app: Can I install a Nomao naked camera for an Android?,??? ??? ????????? ?? ??? ????? ???? ????? ??? ?????? ?? ???? ????,M
Is it OK for a husband and wife to masturbate together? Is it considered cheating if your partner is masturbating without your consent?,??? ???? ???? ?? ??? ???? ??? ??? ???? ???? ??? ??? ?? ?? ???? ???? ?? ?? ????? ?? ???? ??? ??? ??? ?? ??? ?? ????? ??? ??? ???? ?????,M
How did Native South Americans get protein?,????? ?????? ?? ????? ????? ?? ?????? ???? ???? ???? ????,M
What are the landforms of the Canadian Shield?,??????? ???? ?? ????? ?????? ??? ?? ????,M
How do you turn Google Voice off?,???? ???? ?? ??? ???? ??? ???? ???,M
What makes a guy horny?,??? ?? ???? ??? ?? ????? ?? ??? ?? ????? ???? ???,M
Zoho: How is Zoho so successful with average UI?,???? ???? ???? ??????? ?? ?????? ???? ?????? ???? ???,M
What is your review of Friend (2001 movie)?,"?? ?? 2001 ?? ??? ""?????"" ?? ???? ??? ??? ???? ???",M
Where can I get the list of 100 Rs or less trading stocks in NSE and BSE?,NSE ??? BSE ??? 100 ???? ?? ?? ?? ?? ???? ???? ?????? ?? ????? ???? ?? ???? ?? ?? ???? ???,M
What are some cute ways to cut up a skirt?,????? ?? ????? ?? ??? ??????? ??? ????? ????? ??? ?? ????,M
How do you get put on house arrest?,??? ?? ???? ????? ??? ???? ???? ???? ???,M
What is the importance of respect in a relationship?,??? ???? ??? ?????? ?? ????? ??? ???,M
What should I do after shaving my head?,?? ??????? ?? ??? ???? ??? ???? ??????,M
Justice: What are the arguments in favor of capital punishment (death penalty)?,?????: ????? ??? ?? ?? ??? ??? ????? ??? ???? ????,M
Why there is very less science in Ayurveda?,??????? ??? ?????? ????? ???? ?? ???? ???,M
How was Michael Jackson as a person?,???? ????? ?????? ????? ???? ????,M
How do I renounce my US citizenship?,??? ???? ?????? ????? ???? ??? ?? ???? ????,M
What is the best facial mask for acne scars?,??? ?????? ?? ?????? ?? ??? ?????? ???? ???? ??? ?? ???,M
Is Quora a better realization of Google's vision to organize the world's information?,??? ????? ???? ?? ???? ?? ??????? ?? ???? ???? ?? ??? ?? ???? ???? ????? ???,M
What are the best football stadiums in the world and why?,???? ?? ?????? ????? ??????? ??? ?? ??? ??? ?????,M
Why do people from some East Asian countries eat dogs?,??? ????? ??????? ????? ?? ??? ??? ???? ????? ????,M
How deep was the bunker of Hitler located?,???? ?? ???? ???? ?????? ??? ???? ????,M
Which is better for UG : IISc or IISER?,??????????? ?? ??? IISc ???? ?? ?? IISER?,M
What are the best headphones under $100?,100 ???? ?? ?? ???? ??? ?????? ??? ???? ??? ?? ????,M
"My best friend rejected me saying she wanted to finish college first. Few months later, she started dating someone in my batch. Why do I feel bad?","???? ?????? ???? ?? ???? ?? ??? ?? ????? ?? ??? ?? ?? ???? ???? ???? ???? ????? ??? ???? ??? ??? ??? ?? ???? ?? ??? ?? ??? ??? ?? ??? ???? ???? ???? ??? ???? ?? ??? ???",M
What is the difference between a full-time course and a regular course?,?? ???? ???? ??? ?????? ???? ??? ??? ??? ???? ???,M
Why do you want to lose weight?,?? ??? ?? ???? ???? ????? ????,M
What are the trics to run big size games by SD card?,??? ???? ?? ???? SD ???? ?? ????? ?? ??? ????? ????,M
What's one thing you wish your boss knew but doesn't?,"??? ???? ??? ??? ?? ?? ?? ????? ??? ?? ?? ?? ??? ????? ???? ?? ???? ??????",M
Why do so many airlines offer online excess baggage at 80% discount when they could collect 100% fee at the airport?,??? ?? ???? ????? ?? ???? ??????? ????? ?? 80% ????? ???? ???? ??? ?? ?? ???????? ?? ???? ??? ???? ?? ???? ????,M
How magnets are made?,?????? ???? ????? ???? ????,M
How would mathematics change had 2 plus 2 been equal to 5?,??? 2 ??? 2 ?? ????? 5 ???? ?? ????? ?? ??? ????? ?? ?????,M
What does bone marrow taste like?,??? ???? ?? ????? ???? ???? ???,M
How can I become fluent in English?,??? ??????? ??? ????? ???? ???? ?? ???? ????,M
"Is it possible to go from having a low IQ to having a high IQ, if so how?","??? ?? IQ ?? ????? IQ ?? ???? ???? ??? ??? ???? ?? ?????",M
Do governments prefer to use direct or indirect taxes? Why?,??????? ???? ???? ???? ?? ????? ???? ??? ?? ???????? ???? ??? ?????,M
Can I mine Bitcoin?,??? ??? ?? ????? ???? ?? ???? ????,M
What was the final confrontation between Inuyasha and Sechomaru?,??????? ??? ???????? ?? ?????? ???? ?????? ??? ????,M
Justin Bieber (musician): Justinbieber what are you doing now,???? ????: ?? ??? ?? ??? ?? ??? ????,M
When will the Pok√©mon series end?,??????? ????? ?? ??? ?????,M
Some people say that Islam is the most difficult religion to follow. How come Islam is the 2nd largest religion in the world?,"??? ??? ???? ??? ?? ????? ?? ??? ???? ?? ?? ???? ??? ?? ??? ?? ???? ?? ????? ??? ???? ???? ???",M
My girlfriend said that we should end this because she is confused about her feelings for me. I wished her well and disconnected. Should I call her and ask her if she wants to get back together?,???? ??? ????? ?? ??? ?? ???? ???? ??? ?? ???? ????? ?????? ?? ???? ????? ?? ?? ?? ????? ??? ??? ??? ?? ??? ??? ??????? ?? ??? ????? ??? ?? ???? ??? ???? ??? ??? ?? ?? ?????? ????? ?? ??? ?? ???? ??? ????? ???,M
"If there is only one God, then why do we praise different gods?",??? ??? ??? ??? ?? ?? ?? ????? ????? ?? ????? ???? ???? ????,M
What are some mind-blowing facts about food?,????? ?? ????? ??? ????? ?? ????? ??? ????,M
What are the best places to visit in Japan to get a feel for their latest technological advancements?,????? ??? ???? ????????? ?? ???? ?????? ?? ??? ?????? ?????? ??? ?? ????,M
Which are the major highways in California and how are they compared to the major highways in Tennessee?,?????????? ?? ??? ???????? ??? ?? ??? ??? ?? ?????? ?? ??? ???????? ?? ?? ??? ????? ????,M
What are some major social faux pas to avoid when visiting Georgia?,?????? ?? ???? ???? ??? ??? ?? ??? ????? ?????? ?? ???? ??????,M
What are the best ways for BOYS to get wider hips? Or a bigger rear?,????? ?? ??? ?????? ?? ????? ??? ??? ???? ?? ?????? ????? ??? ?? ????,M
How do I buy a car in California that has an expired registration?,?????????? ??? ???? ???? ???? ????? ?? ???? ?? ?? ?? ???????? ??? ?? ??? ???,M
How many keywords are there in CRYPTOL Programming Language in the latest version?,?????? ????????? ??????? ?? ???? ???? ???? ??? ???? ?? ???? ???? ????,M
How can I secure TP-LINK router's password so no one can hack the router or password?,??? TP-LINK ????? ?? ??? ??? ???? ????? ??? ???? ??? ???? ???? ??? ?? ?? ????,M
What is the importance of MBA in India in today's world?,?? ?? ??? ??? ????? ??? ??? ?? ?? ?? ??? ????? ???,M
How do I lose weight and gain muscle?,??? ??? ???? ?? ???? ??? ????? ???? ???????,M
"How do the roles of the CIA, the NSC, and other related organizations differ from each other, and relate to each other, now and in the past?","?? ??? ??? ??? ??? ?? ??? ???? ?????? ?????? ?? ????? ???? ??? ??? ??? ??? ????? ?? ?? ??? ????? ??? ????? ??? ????",M
Have you ever woken up in a prison cell after a blackout?,??? ?? ???? ???? ??? ?? ??? ??? ?? ?????? ??? ???? ????,M
How to pass CA IPCC?,CA IPCC ??? ???? ?? ??? ??? ???? ??????,M
"If a woman exceeds her husband in wages, how will he be treated?",??? ??? ???? ?? ?????? ???? ?? ????? ?? ?? ???? ?? ???? ?????? ???? ???? ??? ???,M
How important is it to be the first person to wish someone a happy birthday?,??? ?? ?????? ?? ???????? ?? ?? ???? ???? ???? ??? ???? ???,M
What is a seven-day week based on?,??? ???? ?? ????? ???? ?? ????? ?? ????? ??? ???,M
How many xtra years is it if Noah lived 940 years then yrs were 380 days compared to now 365 days?,??? ??? ???? ?????? ?? 940 ??? ????? ????? ??? ?? ??? ??? ??? ??? 380 ?? ???? ??? ?? ?? ?? 365 ?? ?? ??? ?? ????? ?? ???? ????? ??? ???? ????,M
"If I have a foreign company and I want to setup a subsidiary in the US, can I register the company under my daughter‚Äôs name who has a valid SSN?","??? ???? ??? ??? ???? ????? ?? ??? ??? ?????? ??? ?? ?? ??? ???? ???? ????? ???? ?? ??? ??? ??? ???? ???? ?? ??? ?? ????? ?? ???? ??? ?? ?? ??? ???? ???? ???????? ???? ???",M
Where does the bible say that God is male?,????? ??? ???? ???? ?? ?? ??? ??? ???,M
Is being friendly a competitive advantage for entrepreneurs?,??? ??????? ???? ???????? ????? ?? ??? ??? ??????? ????? ???? ???? ???,M
Why do I feel like I'm excited about something when I have nothing to be excited about?,?? ??? ???? ?? ???? ??? ??? ???? ???? ?? ???? ???? ???? ???? ?? ?? ??? ??? ????,M
How can I manage the type of posts I see in my Quora feed?,??? ????? ??? ??? ??? ??? ???? ????? ?? ????? ?? ???? ?????? ?? ???? ????,M
How could I get Skype to work on an android 4.1.1 phone?,??? ????????? 4.1.1 ??? ?? ?????? ?? ???? ??? ???? ????,M
How do you make your lips bigger naturally?,????? ??? ?? ???? ??? ???? ??? ?? ???? ????,M
What is Hillary Clinton's stance on nuclear energy?,????? ????? ?? ????? ??????? ?? ???? ??? ??? ???? ???,M
"What can an average student should do after passing 12th from commerce stream? BBA or CA? If he wants to do CA but he is an average student, should he go with CA?",??? ???? ???? ??? ?? ????? ?????? ?? ??????? ????? ??? ???? ?? ??? ??? ???? ?????? ?? ?? ?? ?? ?? ??? ??? ?? ?? ?? ???? ????? ?? ???? ?? ???? ???? ?? ???? ??? ?? ?? ??? ??? ?? ?? ???? ??????,M
How do Commune and community differ?,"""Commune"" ??? ""Community"" ??? ??? ??? ???",M
"Does the ""sauna slim belt"" and similar products actually work? Why?","??? ""????? ??? ????"" ??? ?? ???? ???? ??????? ????? ???? ???? ???? ?????",M
Can a human win in chess against a computer?,??? ????? ??????? ?? ???? ????? ??? ???? ???,M
Can someone steal or make an exact duplicate of someone's private FB page?,??? ???? ??? ?? ??? ??? ?? ??????? ?? ???? ??? ??? ???? ?? ?? ???? ?? ???? ???,M
"On an android smartphone in ""App Info"", there's a button called ""clear cache"". What happens when you clear cache?","????????? ??? ?? ""App Info"" ??? ""Clear Cache"" ?? ??? ???? ??? ?? ?? ???? ??? ???? ??? ?? ??? ???? ???",M
"In the event of a second civil war, what would be the cause and what countries would become of the United States (Ex: Texas Republic)?",??? ?????? ??? ????? ???? ???? ?? ?? ?? ?? ??? ??? ???? ??? ?????? ?? ??????? ?? ??? ??? ?? (????? ?????? ??????)?,M
"A bag contains 5 white and 3 black balls, and two balls are drawn at random. What is the probability that both are of the same color?",??? ??? ??? 5 ???? ??? 3 ???? ?????? ???? ??? ?? ?????? ?? ????? ????? ????? ?? ????? ?? ??? ?? ??? ?? ???? ?? ????? ??? ???,M
What motivates people to work out?,????? ?? ???? ???? ?? ????? ??? ???? ???,M
Why would my ex follow me on IG when we haven't spoken much since we broke up in 2012?,???? ????? ???? ????????? ?? ???? ???? ??? ?? ?? ?? ?? 2012 ??? ?????? ???? ?? ??? ????? ??? ??? ???? ?????,M
How do you teach your child about empathy?,?? ???? ??? ?? ?????? ???? ?????? ????,M
How legit is freeadvice.com?,??? freeadvice.com ????? ????? ???,M
Is Lalit Modi the biggest culprit of the BCCI or is he a victim of the internal power game within the BCCI?,??? ????? ???? ?? ?? ?? ??? ?? ?? ?? ??? ???? ?? ?? ?? ?? ????? ?? ??????? ????? ?? ???? ???,M
Geology: How long will it take the core of the earth to cool down?,???????: ???? ?? ???? ????? ???? ??? ???? ??? ?? ???,M
How can long distance relationships be successful?,???? ????? ?? ???? ???? ?????? ????? ?? ???? ????,M
What was your biggest culture shock coming to Malaysia from India?,????? ?? ???????? ? ?? ?? ?? ?? ?? ??? ?????? ????? ??? ????,M
How does CPA marketing work and how can I start making money with it?,?? ?? ?? ???????? ???? ??? ???? ?? ??? ??? ?? ?? ???? ????? ???? ???? ?? ???? ????,M
Who are some of the most beautiful women in the world?,???? ?? ??? ?? ?? ??????? ?????? ??? ?? ????,M
Which is the best i5 6th gen or 7th gen?,i5 ?? ???? ?? ?????? ?????? ??? ?? ???? ???,M
How do I apply for job in a car company?,??? ??? ??? ????? ??? ????? ?? ??? ???? ?????? ?? ???? ????,M
Why is Quora more used in India than US?,????? ??? ????? ?? ??????? ?????? ?? ?????? ??? ????? ???? ???,M
State the periodic law and explain how it was arrived at. In what various ways does it help the chemists?,???????? ?? ?? ???? ???? ??? ?????? ?? ?? ???? ?????? ???? ?? ????? ????? ?? ??? ?? ??? ?????? ???,M
"What's the title of the slow song that goes like: ""it goes abc like 123‚Ä¶""?","??? ??? ????? ???? ?? ??? ??? ?? ?? ?? ???? ??: ""it goes abc like 123...""?",M
"A photon leaves the sun, hits a leaf, hits my retina. Is the photon that hit my retina exactly the same photon from the Sun?","??? ????? ???? ?? ????? ??? ??? ?? ?????? ??? ??? ???? ???? ?? ?????? ??? ??? ?? ??? ????? ?? ?? ???? ?? ??? ????",M
Why is breaking/shattering glass so loud?,???? ????? ?? ???? ???? ??? ???? ???? ???,M
"Mobile number portability finally will start on May 3rd, including changing circles. Have network providers really agreed to this?","3 ??? ?? ?????? ???? ????????? ???? ????? ?? ??? ???? ?? ?????? ??? ???? ??? ??? ??? ??? ????? ???? ????? ?? ?? ?? ????? ????? ?? ??? ???",M
Which is the best OS for a mobile ? iOS or Android or Windows and why?,"?????? ?? ??? ?? ?? ?????? ??????? ???? ??? ?? ??: iOS? Android ?? Windows? ??? ?????",M
How can I entirely turn off syntax highlighting in Sublime Text for Golang?,??? Sublime Text ??? Golang ?? ??? syntax highlighting ?? ???? ??? ?? ???? ??? ?? ???? ????,M
Is it easier to renew an Indian passport in India versus in the US?,?????? ??????? ?? ????? ????? ??? ???? ?? ?? ?????? ????,M
"How would you answer this question in a job interview: ""Tell me about any situation in your life where you find it difficult to have a solution of any problem but finally you got it?""","?? ????? ?? ??????? ??? ?? ???? ?? ???? ???? ??? ??: ""???? ????? ??? ???? ??? ??????? ?? ???? ??? ?????? ?? ?? ?? ???? ???? ???? ??? ???? ?????? ?? ?? ?? ??????""",M
"I want to become a pilot. For someone with no background, where is the first place to begin courses, and what sources should I be reading every day?","??? ????? ???? ????? ???? ??? ???? ??? ?? ??? ?? ?? ???? ?? ???? ?? ??? ????? ???? ?? ???? ??? ????? ??? ?????? ??? ?? ????? ?? ?????? ??? ?????",M
What are the qualitative methods involved in user research?,???? ????? ??? ???? ?????? (qualitative) ????? ??? ??? ?? ???? ????,M
What is unusual or different about the food and cuisine in Russia?,???? ?????? ??? ??????? ??? ??? ????? ?? ????? ????? ????,M
How does a person's genotype turn into their phenotype?,??? ????? ?? ???????? ?? ??? ???????? ??? ????? ???? ???,M
What were the results of the first Thiel Fellowship Class?,???? ???? ?????? ???? ?? ????? ??? ????,M
What is the effect of location on wind speed?,???? ?? ??? ?? ????? ?? ??? ??? ???? ???,M
What does design mean to you?,?? ?? ????? ?????? ?? ??? ???? ???,M
What is direct cell division?,??????? ??? ????? ??? ???? ???,M
What are some things new employees should know going into their first day at Boston Scientific?,????? ???????? ??? ???? ?? ???? ???? ??? ??????? ?? ?? ????? ?? ??? ???? ??????,M
What is the best way to impress a girl?,???? ?? ????? ???? ?? ?? ?? ?????? ????? ??? ???,M
What do I need if I want to succeed in business?,??? ??? ??????? ??? ?????? ???? ????? ??? ?? ???? ??? ????? ????? ??? ???,M
How do you know if someone blocked you at imo?,?? ???? ??? ???? ??? ?? ??? ?? ?? ?? imo ?? ???? ?? ??? ???,M
What is sap bi?,SAP BI ??? ???,M
What is compound of scabicides?,????? ?????? ?? ?????? ??? ???? ????,M
"Which is easier, web designing or development?",??? ???????? ?? ??? ???????? ??? ?? ??? ?? ???? ???,M
Is this really immoral and unethical and should I be ashamed of it?,"??? ?? ????? ??? ?????? ??? ??? ??? ??? ??? ???? ?? ?? ?????? ???? ??????",M
Why does body temperature rise during fever?,???? ?? ????? ??? ?? ???? ????? ???? ??? ???? ???,M
What are the best professions for attaining wealth and a great physique?,???? ??? ?????? ?????? ???? ???? ???? ?? ??? ?? ?? ???? ???? ??? ?? ????,M
I want to go to a technical college but I don't know what I want to study. What do I do?,??? ?????? ???? ???? ????? ??? ???? ???? ???? ????? ?? ??? ????? ??? ???? ??? ???? ??????,M
How much and with what should I feed my 3 months old raven?,???? ??? ????? ?? ????? ?? ??? ???? ????? ??? ?? ??? ?? ??? ????,M
What are the best ways to find native English speakers interested in communicating with students to improve their English as a foreign language?,???? ??????? ????? ????? ?? ???? ???? ?? ?????? ????? ??? ?? ??? ?? ??? ???? ???? ?? ??????? ???? ????? ??? ?????? ????? ????,M
Were there any major snubs with the 2016 Golden Globe Nominations?,??? 2016 ?? ????? ???? ??????? ?? ????????? ??? ???? ??? ??????????? ??????,M
What universities does Pioneer Natural Resources recruit new grads from? What majors are they looking for?,??????? ????? ??????? ?? ??????????? ?? ??? ???????? ????? ???? ??? ??? ?? ?? ????? ?? ???? ??? ???? ????,M
Is President-elect Donald Trump President Putin's Trojan Horse?,??? ????? ??? ????? ???? ??? ???? ?? ????? ???? ????,M
How can I conduct research on a specific topic online? How can I manipulate the web to get the results I am specifically looking for?,??? ??? ????? ????? ?? ?? ???? ????? ???? ?? ???? ???? ??? ??? ?? ???? ?????? ????? ???? ???? ?? ??? ?? ??? ??????? ?? ???? ????,M
How did Don't Breathe (2016 movie) get greenlit? What's the backstory of how the movie got made?,??? Don't Breathe (2016) ?? ?????? ???? ???? ?? ?? ????? ?? ????? ??? ????? ???,M
Was tamil movie director k.balachander overrated?,??? ??? ??? ???????? ??. ???????? ?? ????? ?? ????? ????? ????,M
Can I learn data structures from CLRS as it is a book on algorithms?,??? ??? CLRS ???? ????????? ?? ???? ?? ???? ???????? ???? ???? ????,M
What can I do with a sociology degree?,??????? ?? ???? ?? ???? ??? ??? ?? ???? ????,M
"My brother is a job holder in Detroit, he didnt got h1b visa, what's the solution for him to continue the job other than rejoining in a new college for a student visa?","???? ????? ??????? ??? ??? ?? ??? ??? ??? ??? H1B ???? ???? ???? ??? ??????? ???? ?? ??? ?????? ???? ??? ????? ???? ?? ????? ???? ??? ?? ???",M
How can a black hole emit sound?,??? ???? ??? ???? ???? ???? ?? ???? ???,M
What are the best ways to get internships?,????? ??? ???? ???? ?? ?????? ????? ??? ?? ????,M
I'm gay and I think one of my closest friends may be bi-curious. I'm interested in a relationship with him as I have massive feelings for him. He knows I'm gay. Should I ask him about the whole bi-curious thing and see if he is interested in having a same-sex relationship?,??? ?? ??? ???? ??? ??? ???? ???? ?? ?? ???? ????? ???? ???? ??????? ?? ???? ??... ??? ???? ?? ?? ?? ???? ??? ??? ???? ??????,M
Which is the best online grocery shopping website in Delhi?,???? ??? ?? ?? ?????? ?? ???? ?????? ??? ???? ??? ?? ???,M
What should I do to stand out when starting a YouTube channel?,?????? ???? ???? ???? ??? ?????? ???? ?? ??? ???? ??? ???? ??????,M
How do I improve self confidence?,??? ???? ??? ??????? ???? ???? ??? ???? ????,M
Knowledge of a embedded c kernel developer?,??? ??????? ?? ???? ??????? ?? ??? ??? ??? ????? ???,M
What are the meanings of Hindi and Urdu words Anumati and Ijazat respectively?,???? ??? ì??????î ??? ???? ??? ì?????î ?? ??? ???? ???,M
Where can I get a Sailor Moon DVD box set?,??? Sailor Moon ?? ?? ?? ?? ???? ??? ???? ?? ???? ?? ???? ????,M
What do you think about Minimalism?,?? ???????? (????? ??????? ??? ?????) ?? ???? ??? ??? ????? ????,M
My sister told my crush that I like her without me asking her to do so. What should I do now?,"???? ??? ?? ???? ??? ?? ??? ??? ?? ??? ??? ???? ???? ???? ???? ???? ????? ??? ?? ???? ??? ???? ??????",M
Is Bernie Sanders the presidential candidate most aligned with Noam Chomsky's views?,??? ???? ?????? ?? ??????? ??? ?? ??? ?????? ?? ?????? ?? ?? ?? ????? ?????? ????? ????,M
What are the latest technologies in the computer field?,??????? ?? ????? ??? ???? ???? ?????????? ??? ?? ????,M
"Jobs and Careers: If a cab driver makes more money than an IT professional, why should I study?",??? ??? ????? ??????? ??? ?? ???????? ?? ????? ????? ?? ?? ??? ??? ????? ???? ???? ?????,M
Why do I need LIC policy?,???? LIC ??????? ?????? ?? ????? ???? ???,M
What do you have to do to become an airline pilot?,????? ???? ?? ????? ???? ?? ??? ??? ???? ???? ???,M
What can I do to avoid being jealous of someone?,??? ?? ??? ???? ?? ???? ?? ??? ??? ??? ?? ???? ????,M
What is the difference between the words burglary and robbery?,Burglary ??? Robbery ?? ????? ??? ??? ??? ???,M
"Got a bad dream and woke up at 12am mid-night, What does that mean? As I felt so real and got full sweat and shivering?",??? ?? ?? ???? ??? ?? ???? ??? ???? ??? ?? ?? ?? ???? ??? ?? ???? ???,M
How do I read the newspaper effectively?,??? ????? ?? ???? ????? ?? ???? ??????,M
Admission to INSEAD?,INSEAD ??? ????? ?? ????? ??? ??? ???,M
What is the procedure to open blocked account in kotakmahindra bank?,???? ?????? ???? ??? ???? ?????? ?????? ?? ??? ????? ??? ???,M
What is a bearing?,????? (bearing) ??? ???? ???,M
Why can't steel and aluminum be welded together?,????? ??? ????????? ?? ??? ???? ???? ???? ???? ??? ?? ?????,M
"Which is better, Google or Yahoo maps?",???? ???? ???? ?? ?? ???? ?????,M
I got 93%in 10th and 71%in 11th commerce. Is there any chance of getting in IIM-A after 3 years? How much should I get in 12th for that?,??? ???? 10??? ??? 93? ??? 11??? ????? ??? 71? ???? ??? ?? ??? ???? IIM-A ??? ????? ?? ???? ????? ???,M
What is the best place in India to visit?,????? ??? ??? ? ????? ?? ??? ?? ?? ?????? ??? ??? ?? ???,M
What is the oldest book for sale on Amazon?,??????? ?? ????? ?? ??? ?????? ?? ?? ????? ???? ??? ?? ???,M
"Why have the Clintons, Bill and Hillary both, enjoyed such support from minorities in America? What did they do to earn it?",?? ??? ????? ????? ?? ?????? ??????? ?? ???? ????? ???? ???? ???,M
How do sports contribute to the society?,???? ???? ??? ?? ??? ???? ????? ??? ???? ????,M
Why do I still pay property taxes on a house that is paid off?,??? ???? ???? ??????? ?? ??? ???? ?? ??? ?? ?? ???? ??????? ???? ???? ???? ???? ???,M
What is it like to live in New York City?,??????? ??? ??? ???? ?? ????? ???? ???? ???,M
"If I attempt just the multiple choice questions in the Biology AP exam, can I get a 5?",??? ??? Biology AP ?????? ??? ??? ???? ?? ????? ?????? ?? ???? ?? ??? ???? 5 ???? ?? ???? ????,M
Do you think the Chinese economy will sustain its economic growth in years to come or will it collapse?,??? ?? ?????? ??? ?? ???? ????? ??? ???? ????? ??? ???? ???? ???? ?? ?? ???? ?? ???? ???,M
Which are some good courses to masters in electronics engineering?,?????????? ????????? ??? ?????? ???? ?? ??? ??? ?? ???? ????? ????,M
Can I play GTA 5 in Xbox 360 E?,??? ??? Xbox 360 E ?? GTA 5 ???? ???? ????,M
"If you were a color, what color would you be and why?","??? ?? ??? ??? ????? ?? ??? ?? ??? ???? ??? ?????",M
How should an inner thigh lump be treated?,??? ?? ???? ????? ????? ?? ???? ???? ??? ?????,M
What are some of the best Hindi dubbed South Indian movies?,?????? ???? ??? ????? ????? ????? ??? ?? ????,M
Person of Interest (TV series): Why doesn't the machine see that Reese is in danger?,Person of Interest ??? ???? ?? ???? ???? ?????? ?? ??? ???? ??? ???,M
Who are some successful buddhist entrepreneurs?,??? ?????? ??? ?? ???????? ?????? ??? ?? ????,M
What do famous people do after they stop being famous?,????? ??? ??? ????? ???? ?? ??? ??? ???? ????,M
How did they say breakfast in Portuguese before coffee was introduced to Europeans & the Portuguese language?,???? ?? ?????? ?? ???? ??????? ???? ??? ????? ?? ??? ?? ???? ??? ???? ????,M
What are some things new employees should know going into their first day at Dunkin' Brands?,Dunkin' Brands ??? ???? ?? ??? ?? ???? ???? ??? ??????? ?? ??? ????? ??????,M
Is it better to join two GATE online test series at a time without any problem?,??? ??? ??? ??? ?? GATE ?? ???? ???? ????? ??? ???? ???? ???? ???,M
Which are the VLSI related core companies in India for a fresher?,????? ??? ??? ???????? ?? ??? VLSI ?? ????? ??? ??????? ??? ?? ????,M
"What logic department stores in US (Macy's, JC Penney and etc.) use to determine what specific product is good as a gift for which specific occasion?","?????? ??? ???????? ?????? (???? Macy's? JC Penney) ?? ???? ?? ???? ??? ?? ??? ?? ???? ?? ???? ?? ??? ????? ???",M
What is the best time of day to drive for Uber X?,Uber X ????? ?? ??? ?? ?? ?????? ??? ??? ?? ???,M
How do I remove an app from iCloud?,??? iCloud ?? ???? ??? ???? ??????,M
Korean (language): Will Hanja experience a resurgence in South Korea?,??? ????? ??? ????? (Hanja) ??? ???? ?????? ????? ?????,M
Why are Muslims often stereotyped as terrorists?,???????? ?? ???? ???? ??? ???? ????? ???? ???,M
What are the best aspects of being a television actor/actress?,?? ?? ??????/??????? ???? ?? ?????? ???? ??? ????,M
What over the counter medicines are similar to Ambien?,Ambien ???? ??? ?? OTC (???? ???? ??) ?????? ?????? ????,M
Is TOEIC exam very important for Chinese who work in a foreign enterpirse?,??? ???? ?????? ??? ??? ???? ???? ?????? ?? ??? TOEIC ?????? ???? ????? ???,M
What will happen if I drink 8 glasses of water after eating a lot of carbs?,??? ??? ??? ???? ????? ????? ?? ??? 8 ???? ???? ???? ?? ??? ?????,M
Are there any institutes offering courses in HR analytics in India?,??? ????? ??? HR ???????? ?? ????? ????? ???? ???? ????? ????? ????,M
What are some good real estate agencies in ahmedabad?,???? ???? ??? ??? ???? ???? ????? ???????? ??? ?? ????,M
How can I retrieve a discarded draft on Gmail?,??? Gmail ?? ??? ??? ????? ?? ???? ??????? ?? ???? ????,M
I plan to buy a premium theme from ThemeForest and host it on managed WordPress a/c for 3 years. What are the steps and precautions to be followed?,??? ThemeForest ?? ??? ?????? ???? ???? ?? ??? Managed WordPress ?????? ?? 3 ??? ?? ??? ???? ???? ????? ???? ???? ??? ?? ??????? ??? ??????? ?????? ?????? ???? ???????,M
I am a early stage first time founder who wants to angel invest in a startup in my accelerator programs cohort. I do not have a salary yet nor is my net worth > $1m. Can I invest?,??? ??? ??????? ????? ?? ???? ??? ?? ???? ?? ??????????? ??????? ?? ?????? ?? ??? ????? ?????? ???? ???? ????? ???... ??? ??? ?????? ???? ?? ???? ????,M
How does an alkane become an alkene?,??? ????? ????? ??? ???? ????? ???? ???,M
What are some good Android app ideas (no games)?,??? ???? ????????? ??? ??????? ?????? (???? ?? ?????)?,M
Can begging be dropped?,??? ???? ?????? ?? ????? ?? ??? ??? ?? ???? ???,M
What are the problems people face when moving from their homes?,??? ?? ???? ??? ?????? ??? ?? ????? ?? ????? ?? ????? ???? ???,M
How much will a trip to Dubai cost?,???? ?? ??? ?? ?? ???? ??? ??? ???,M
What does the cerebral cortex control?,??????? ??????? ??? ??? ?? ????? ?? ?????? ???? ???,M
How do I get my body in shape?,??? ???? ??? ?? ?? ??? ?? ??? ???? ????,M
How does one become an atheist?,??? ????? ????? (atheist) ???? ???? ???,M
How do I find a corporate firm which could be interested in discussing my startup idea?,??? ???? ???????? ????? ???? ???? ???? ?? ???? ?????? ?? ?????? ??? ?????? ????? ???,M
Why are cancer rates increasing over the years?,??? ?? ???? ???? ????? ?? ??? ??? ????? ???? ?? ??? ???,M
"What is the placement scenario of M.Tech computer science in IITs, NITs, IIITs?","IITs? NITs? ??? IIITs ??? M.Tech ??????? ????? ?? ??? ??????? ?? ??????? ???? ???",M
What is unusual or different about the food and cuisine in Pakistan?,??????? ?? ?????? ??? ??????? ??? ??? ????? ?? ????? ??? ???? ???,M
What are some theories of time travel?,??? ?? ??? ?? ????? ??? ??? ?????? ??? ?? ????,M
Is it appropriate to ask a girl to share a travel suitcase?,??? ??? ???? ?? ????? ??? ??? ???? ???? ?? ???? ????? ???,M
How do I describe the characteristics of life?,????? ?? ??????? ?? ?? ??? ???? ??? ?? ???? ???,M
What is the maximum number of attempts taken to clear CA in the history of CA?,CA ?? ????? ??? ??? ?? ????? ?? ????? ???? ??? ?????? ???? ?? ??? ??????? ???? ???,M
Are any states doing recounts of votes cast in the 2016 elections?,??? 2016 ?? ???????? ??? ??? ????? ?? ????? ?? ?????? ???? ???,M
"I want to connect with you, how can I do that?","??? ?? ?? ???? ????? ???? ?? ???? ???? ???",M
What does the color in booking page of IRCTC mean?,IRCTC ?? ???? ???? ?? ????? ????? ?? ??? ???? ???? ???,M
What are the strongest majors in terms of job prospects and what are the weakest majors at Colorado College?,Colorado College ??? ?????? ?? ????? ?? ???? ?? ?? ?? ????? ??? ????? ????? ??? ?? ????,M
How do I start a non profit?,??? ??? ??? ????? ????? ???? ???? ?? ???? ????,M
What is the best way to treat a snake bite?,???? ?? ???? ?? ?? ?? ???? ???? ??? ???,M
Was this character from Beyond Thunderdome (pictured in the details) somehow related to the War Boys in Mad Max: Fury Road?,??? Beyond Thunderdome ?? ?? ????? Mad Max: Fury Road ?? War Boys ?? ???? ????? ???,M
What will happen after we die? What about our thoughts?,???? ?? ??? ??? ???? ??? ????? ????? ?? ??? ???? ???,M
What are the job levels in the Apple technical career track?,???? ?? ??????? ?????? ???? ??? ?????? ?? ??? ?? ????? ???? ????,M
What is best part of the questions/answers on Quora?,Quora ?? ???? ? ???? ?? ?? ?? ???? ???? ??? ???,M
Which is the best desktop computer under 25000 INR?,25000 ???? ?? ?? ??? ?????? ???? ??? ??????? ??? ?? ???,M
What is a good source to learn mathematica?,Mathematica ?????? ?? ??? ?????? ????? ??? ???,M
What are some important factors that keep bones healthy and strong?,????? ?? ??? ??? ??? ????? ????? ???? ??? ????? ??? ?? ????,M
How can I enjoy learning?,??? ?????? ?? ??? ???? ???? ?? ???? ????,M
How do I solve this equation?,??? ?? ?????? ?? ???? ?? ?????,M
Why do I feel burdened around people I love?,??? ?? ????? ?? ???? ???? ????? ???? ???? ??? ?? ?? ???? ???? ????,M
Is the New York Times failing?,??? ??? ???? ????? ????? ?? ??? ???,M
Can physical beating along with verbal abuse and yelling by mother make a son reluctant of physical contact with women?,"??? ??? ?? ??? ?? ?????? ????? ????? ??????? ??? ????? ?? ??? ?? ???? ?????? ?? ?????? ????? ?? ??????? ???? ???",M
How do I get Facebook badge notifications on HTC 10?,??? ???? HTC 10 ?? ??? ?? ??? ??????? ???? ???? ?????,M
What is Democracy? What kind of Democracy is existing in Pakistan?,??????? ??? ??? ??????? ??? ?? ??? ?? ??????? ????? ???,M
What are the aims of the City University of Hong Kong?,???? ???? ?? ???? ????????? ?? ????? ??? ????,M
I have been getting calls from random numbers lately. What should I reply to those who are calling me?,??? ?? ??? ???? ?? ????? ?????? ?? ???? ? ??? ???? ???? ??? ???? ????? ?? ??? ???? ???? ??????,M
Is there an online pdf platform that will allow one to create a link to a specific page in the pdf?,??? ???? ?? ???? ?? ?? ??? ???? ???? ?? ?? ????? ???? ?? ??? ????? ???? ??? ????? ?? ????? ???? ???,M
Development Practice: Have you ever worked on a successful health project in rural Latin America? What made it successful?,???????? ??????: ??? ?? ?? ???? ?????? ?????? ?? ???? ????? ??? ?????? ??? ?? ?????? ??? ??? ??? ??? ??? ?????? ????? ???,M
How long to become air force colonel?,?? ??? ??? ??? ?? ?? ??? ???? ???? ?? ???? ?? ?????,M
What are the design principles in web design?,??? ?????? ??? ??? ?? ???? ???? ????,M
What is the best way to start robotics? Which is the best development board that I can start working on it?,??????? ???? ???? ?? ?? ?? ?????? ????? ??? ??? ??? ?? ???????? ???? ?? ?? ?? ??? ??? ???? ?? ?????,M
What causes death by hanging?,?????? ???? ?? ??? ?? ??? ?? ??? ??? ???? ???,M
What software license should I sign with a company with no restrictions as to my own usage of the code with no liability to the company?,???? ?? ??? ?? ???? ???? ?????? ????? ?? ???? ???? ???? ????? ???? ???? ??? ??????? ???? ?? ???? ?????? ?? ?? ??? ????? ?? ???? ??? ???? ?? ???,M
What is the sweetest thing?,?? ?? ????? ??? ??? ???,M
How can I tell if my girlfriend really loves me?,??? ???? ??? ???? ??? ?? ???? ??? ????? ????? ??? ?? ???? ???? ???,M
What are the most mysterious ways that people have died?,??? ?? ?? ??????? ????? ??? ?? ??? ??? ????,M
Does the multiverse have a multiverse?,??? ???? ??? ?? ??? ???? ??? ???,M
I'm a girl in middle school. My best friends are all girls. I've found out that I'm bisexual. How do I tell my best friend who's a girl without her freaking out and it changing our whole friendship?,"??? ??? ????? ??? ??? ???? ???? ???? ?? ?????? ?????? ?????? ???? ??? ?? ???? ?? ?? ??? ?????????? ???? ??? ???? ?? ?? ???? ???? ?? ???? ????? ?? ?? ?????? ?? ?? ??? ????? ????? ?? ??? ?????",M
"Why is it possible to remember that you dreamt, but not remember what the dream was about?","?? ???? ???? ?? ?? ?? ?? ??? ????? ?? ?? ?? ???? ?????? ???? ??? ?? ??? ???? ?? ???? ?? ????? ??? ????",M
What are the side effects of homeopathic medicines?,?????????? ?????? ?? ????? ??????? ??? ????,M
"How do I listen to Radio Mirchi 98.3 FM, the Pune radio station online?",??? Pune ?? ????? ?????? Radio Mirchi 98.3 FM ?? ?? ???? ???? ?? ???? ????,M
How can China be Communist and still have an ultra-rich class?,??? ??????? ???? ?? ???? ?? ?????? ?? ?? ?? ???? ??? ???? ???? ????? ???,M
What is your review of Pearl Academy?,?? ?? Pearl Academy ?? ???? ??? ??? ????? ???,M
Does an electron flow through a capacitor or does it only charge the plate?,??? ??? ???????? ?????? ?? ????? ???? ?? ?? ??? ???? ?? ???? ???? ???,M
What are best neuroscience books for beginners?,???? ???? ????? ?? ??? ?????? ?????????? ?? ?????? ??? ?? ????,M
What is the dress code for the AAAS Annual Meeting?,AAAS ?????? ????? ?? ??? ???? ?? ??? ????? ???,M
What are the steps that I should follow to get in a surgery residency program in Germany?,????? ??? ????? ???????? ??????? ???? ???? ?? ??? ???? ??? ?? ????? ?????? ???????,M
What should I do in a Group discussion when others keep fighting and won't let me talk even after I ask them to let me?,"???? ????? ??? ???? ??? ???? ????? ?? ???? ??? ???? ???? ??? ???? ????? ?? ???? ??????? ??? ?? ??? ?? ?? ???? ????? ????",M
I made a mistake on my passport application . I have not completed 10th . Should I reapply for a fresh passport or can it be corrected?,"??? ?? ??????? ??????? ??? ???? ?? ??? ??? ?? ????? ????? ???? ???? ?? ??? ??? ???? ??? ??????? ?????? ???? ????? ?? ??? ???? ??? ?? ???? ???",M
Why did barvaria join Germany?,???????? ?? ????? ??? ?????? ???? ???,M
Which hobby is sophisticates?,??? ?? ??? ????? ???? ????? ???? ???,M
I am planning to apply for Canada PR. What are my chances?,??? ?????? PR ?? ??? ??????? ???? ?? ?????? ??? ??? ???? ???? ??? ??????? ????,M
Why am I so angry?,??? ???? ??? ???? ????,M
What is the best way to memorize things?,????? ??? ????? ?? ?????? ????? ??? ???,M
How can I be gay and dislike gay sex?,??? ?? ??? ???? ???? ??? ??? ?? ??? ???? ?? ?????? ???? ?? ???? ????,M
What is a big or small problem that needs solving?,??? ??? ?? ????? ????? ??? ?? ??? ?? ???? ?? ????? ???,M
"What are the best ways to reduce and eliminate belly, abdominal, and thigh fat?","???? ??? ??? ??? ?? ???? ?? ???? ??? ??? ???? ?? ?????? ????? ??? ?? ????",M
How is a virus created in an operating system?,??????? ???? ??? ????? ???? ????? ???? ???,M
What is your 'comfort food' book?,?? ?? ì????? ???î ???? ??? ?? ???,M
Why are Telugu people dominated by north Indians?,????? ????? ?? ????? ??? ????? ??????????? ?? ???? ??? ???? ????,M
What makes an effective business plan?,??? ???? ???? ???? ?? ??? ?? ???? ???,M
Are Moreno and Marino the same name but with different spellings?  Or do they have different origins?,??? Moreno ??? Marino ??? ?? ??? ??? ??? ??? ????? ???? ?? ?? ?? ??? ???? ????,M
Which book is good for quantitative aptitude and reasoning for IBPS?,IBPS ?? ??? ?????? ????? ??? ??????? ?? ?? ???? ?? ????? ?? ???? ???,M
Will Pakistan have a war with India?,??? ??????? ??? ????? ?? ?????? ??? ?????,M
How can I score above 90% in CBSE class 11 (PCM with CS)?,CBSE ???? 11 (PCM with CS) ??? 90? ?? ???? ???? ???? ???? ?????,M
What is fermentation?,????????? ??? ???,M
What is Product Hunt's technology stack?,Product Hunt ?? ????????? ????? ??? ???,M
What is a web server?,??? ???? ??? ???,M
Which South American country is cheap to travel for a tourist?,????? ?????? ?? ??? ?? ??? ???? ?? ??? ???? ???,M
How do I take things my partner says less personally?,??? ???? ????? ?? ????? ?? ?? ???? ??? ?? ???? ????,M
What is the best way to improve the overall external appearance?,?????? ????? ??? ?? ???? ????? ?? ?? ?? ???? ????? ??? ???,M
What are the references to Pokemon Red and Blue in Pokemon XY?,PokÈmon XY ??? PokÈmon Red ??? Blue ?? ??? ??? ?? ?????? ????,M
How can one own a tank (a battle tank) in India?,????? ????? ??? ??? ???? (???? ????) ?? ??? ???? ?? ???? ???,M
How can I start a home base business?,??? ??? ?? ??????? ???? ???? ?? ???? ????,M
Is it legal to kick my wife out of the house if she cheated on me?,??? ?? ?????? ?? ?? ??? ???? ???? ?? ????? ??? ?? ?? ??? ??? ?? ???? ????,M
What are the best off-Broadway musicals?,?????? ????????? ??????? ??? ?? ????,M
"Why do people not question ""news"" posts and opinions posted on social media websites?",??? ???? ????? ?? ???? ???? ???? ì?????î ??? ???? ?? ???? ???? ???? ???????,M
Will there be a stock market crash in 2015?,??? 2015 ??? ????? ?????? ?? ????? ??? ???,M
Would you live in a tiny house?,??? ?? ??? ????? ??? ??? ???? ???,M
I can't talk to people while staring at their eyes despite having no problems with confidence. What can I do to stop being over-conscious of this?,"???? ?????????? ?? ????? ???? ??? ??? ?????? ??? ???? ?? ????? ?? ??? ???? ?? ????? ?? ?? ???? ??? ?? ?? ????? ???? (over-consciousness) ??? ???? ?? ??? ??? ?? ???? ????",M
What is functional programming?,?????? ????????? ??? ???,M
What is the meaning of Hindi/Urdu word 'hairat'?,????/???? ??? í????ë ?? ??? ???? ???,M
What motivates you to go to work?,?? ?? ??? ?? ???? ?? ????? ??? ???? ???,M
How can I lose fat in 10 days?,??? 10 ?? ??? ???? ???? ?? ?????,M
How do I know if my green texts are blocked?,???? ????? ?? ???? ???? ????? ????? ???? ????,M
What's the easiest way to prove the Heisenberg uncertainty principle?,????? ??? ????????? ?????? ?? ???? ???? ?? ???? ???? ????? ??? ???,M
Are there easy ways to enhance my WiFi signal?,??? ???? ???? ???? ???? ????? ?? ???? ????? ????,M
How are BI dashboards used for retail?,???? (BI) ??? ????? ????? ??? ???? ??????? ???? ????,M
How hard is it to get a short book published if you're not in it for the money or fame but rather for the self-satisfaction and completion of a goal?,"??? ?? ???? ?? ???? ?? ??? ???? ???? ???? ????? ??? ??? ???? ?? ????? ?? ??? ??? ????? ???? ???? ???? ????? ???? ?? ?? ???? ???? ???",M
"What is the office culture and woking at Patanjali office, haridwar?",???????? ??? ??????? ??? ?? ??? ???? ??? ???? ??? ???? ???? ???,M
What is the difference between offshore and onshore?,?? ??? ??? ?? ??? ??? ??? ??? ???,M
If blonde hair and blue eyes are recessive then why it became common in europe?,??? ????? ??? ??? ???? ?????? ????? (recessive) ??? ?? ?? ???? ??? ??? ???? ?? ?????,M
What are the benefits of eating on banana leaves?,???? ?? ????? ?? ????? ?? ??? ????? ????,M
Why did Locke try to kill or kidnap Bran Stark at Craster's keep?,??? ?? Craster ?? ???? ?? ??? ?????? ?? ??? ???? ?? ???? ???? ?? ???? ???? ???,M
Is it bad to like someone?,??? ?? ???? ???? ??? ???,M
What would Melisandre do if Jon became king?,??? ??? ?????? ?? ???? ?? ???? ?????? ??? ??? ???,M
Which would be the first best toy for a baby?,??? ?? ??? ???? ?????? ?????? ??? ?? ???? ??????,M
What is the molecular weight of benzene?,???? ??? ?? ????????? ??? ??? ???,M
"As a prospective ECE or mechanical engineer, I know that I must take HL Math and Physics, but should my third HL subject be, chemistry, CS or Econ?","??? ????? ECE ?? ??????? ??????? ?? ??? ??? ???? HL Math ??? Physics ???? ????? ???? ??? ???? ????? HL ?????? ??? ???? ?????: ???????? ??????? ????? ?? ????????",M
What are reasons behind Pakistan's hate for India?,??????? ?? ????? ?? ??? ???? ???? ?? ?????? ??? ????,M
Is it possible to get into a neuroscience graduate program with a GRE of 316?,??? GRE 316 ?? ???? ?????????? ??????? ??????? ??? ????? ???? ???,M
How did the Babylonians develop their measurements?,???? ?? ????? ?? ???? ??????? ?? ???? ??? ????,M
How much dendi solo mmr?,???? ?? ???? MMR ???? ???,M
What are the best programming languages to learn today?,?? ??? ?? ????????? ?????? ?????? ?????? ????,M
What's the best way to learn Meteor?,Meteor ?????? ?? ?????? ????? ??? ???,M
What is the concept of negative liberty?,???? ????? (negative liberty) ?? ???? ??? ???,M
How are hamsters and gerbils able to live together?,??????? ??? ?????? ????? ???? ?? ???? ????,M
Walking 24miles a day 125miles a week Mon to Fri for a month bad? Could I do any damage,"??? ????? ?? ??? ?????? 24 ??? ????? ???? ??? 125 ??? ??? ?? ???? ó ??? ?? ????? ?? ??? ??? ???? ???? ????? ?? ???? ???",M
How many neutrons in potassium?,??????? ??? ???? ??????? ???? ????,M
What is the strongest Kevlar cord?,?? ?? ????? ????? ???? ??? ?? ???,M
"When an Uber customer asks to cross a toll bridge, who pays the toll? Is it charged to the customer?","?? ??? ???? ???? ??? ??? ???? ???? ????? ??? ??? ??? ???? ??? ??? ??? ???? ?? ???? ??? ???? ???",M
At what age does it become inappropriate to have your child accompany you in an opposite gender restroom?,?? ??? ?? ??? ?? ????? ???? ???? ?? ?? ?? ??? ?? ?? ???? ????? ??? ?? ??? ?????? ?????,M
"If God is all perfect and He created everything, then why are we so imperfect?",??? ??? ???? ?? ??? ?? ?? ?? ??? ???? ??? ?? ?? ???? ????? ???? ???? ????,M
How do I deal with wedding night?,??? ???? ?? ??? ?? ???? ??????,M
What can I do to attain the title of miss fresher in freshers party in college?,???? ?? ????? ????? ??? ?? ????? ?? ??? ???? ???? ?? ??? ??? ??? ?? ???? ???,M
How do you stop negative self-talk?,???? ??? ????? (negative self-talk) ?? ???? ???? ?????,M
What are the best ways to lose weight?,??? ?? ???? ?? ?????? ????? ??? ?? ????,M
What are some examples of recursion in the real world?,????? ???? ??? ?????? ?? ??? ?????? ??? ????,M
What are some mind-blowing technology tools that most people don't know about?,???? ??? ?? ???? ????? ????????? ???? ??? ?? ?? ???? ??? ????? ?? ??? ???? ??????,M
Is Edupristine a good institute for SAP Learning?,??? ??????????? SAP ?????? ?? ??? ??? ???? ????? ???,M
How do movie scripts differ from video game scripts?,??? ?? ??????? ????? ??? ??????? ?? ?? ??? ????? ???? ????,M
Are The White Walkers intelligent?,??? ???? ????? ???? ????,M
"I'm a developer and I created a product. It's time to sell it, but I don't have any sales skills. How can I convince people to buy my product?",??? ??? ?????? ??? ??? ??? ?? ??? ?????? ????? ??? ?? ??? ????? ?? ??? ?? ???? ???? ??? ???? ????? ???? ???? ??? ????? ?? ???? ?????? ?????? ?? ???? ???? ?????,M
What is a good DLNA enabled player for Mac?,??? ?? ??? ??? ?? DLNA ???? ????? ???? ???,M
What is the unroot of -1?,-1 ?? ?? ??? ??? ???,M
"What is the proper, canonical spelling of Middle-earth in Tolkien's works?",?????? ?? ?????? ??? Middle-earth ?? ???? ??? ????? ??? ??? ???,M
How is Slack different from Skype chat? What would my team gain from switching over?,???? ?????? ??? ?? ?? ??? ????? ??? ???? ??? ?? ?? ????? ?? ?? ??? ????? ???? ???? ???,M
What if Jon Snow inherited the Targaryens' look not the Starks'? Ned would be forced to admit he was lying about Jon being his bastard; how would this change the plot for the whole RR story?,??? ??? ??? ?? ???????? ?? ??? ?????? ???? ?? ?? ??????? ??... ?? ????? ???? ??????,M
How do I get over someone I loved now that we broke up last year and I still miss her?,"??? ??? ???? ???? ???? ?? ?? ????? ??? ???? ?? ??? ??? ?? ??? ??? ??? ??? ??? ?? ?? ???? ??? ??????",M
What was it like when you came to know that you've been accepted to a top university?,?? ?? ?? ??? ??? ?? ?? ?? ??? ????? ????????? ??? ????? ??? ?? ?? ???? ????,M
"If an online retailer refuses a refund on the grounds that it's past their refund period, is your card company legally obliged to obtain it for you?",??? ?? ???? ?????? ????? ???? ?? ????? ??? ?? ??? ?? ?? ???? ????? ?????? ??? ?? ??? ????? ?? ????? ???,M
What are the signs of a gifted 13 year old?,13 ???? ???????? ??? ?? ??????? ??? ????,M
What is a rimjob?,?? ??? ??? ???,M
How effective is ECT for Borderline PD?,????? ???? ???????? ?? ???? ?? ??? ECT ???? ???? ???,M
At around what age should I get a signature at the latest?,????? ?? ????? ?? ??? ?? ???? ????? ?? ???? ???????,M
I am an international student and I am going to Harvard for the summer. How likely is it that my F1 visa will be rejected?,??? ??? ????????? ??????? ??? ??? ?????? ?? ??? ???? ???? F1 ???? ?? ????? ???? ?? ???? ??????? ????,M
"Who is affected more by a breakup, the boy or the girl?","???? ?? ?? ????? ????? ??? ???? ??? ???? ?? ?????",M
Why are Golden Retriever dogs with blue eyes so special?,???? ?????? ???? ????? ??????? ???? ???? ??? ???? ???? ????,M
"Is it rude to call people at dinner time?  If so, what time is dinner time?",??? ??? ?? ????? ?? ??? ??? ???? ??????? ??? ??? ??? ?? ????? ?? ??? ??? ???? ???,M
When is a performance judged ready to present?,??? ???????? ?? ?? ??? ???? ?? ??? ???? ????? ???? ???,M
What was your senior prank?,?? ?? ????? ????? ??? ????,M
Which are some of the big decisions you have made in life?,????? ??? ?? ?? ??? ??? ?? ??? ????? ??? ????,M
Could USC buy UCLA?,??? USC UCLA ?? ???? ???? ???,M
How do I follow up with someone in WhatsApp?,??? ???? ??? ?? ??? ?? ???? ?? ???? ?????,M
Can accountants act as finance managers for small companies?,??? ????????? ????? ??????? ?? ??? ????? ?????? ?? ????? ??? ?? ???? ????,M
Why do people need heart transplants?,????? ?? ?? ?? ?????????? ?? ????? ???? ???? ???,M
What do non-Muslims expect from Muslims?,??? ???? ???????? ?? ??? ???? ????? ????,M
Can I grow my hairs?,??? ??? ???? ??? ???? ?? ???? ????,M
Where can I buy cheap clothes in bulk?,??? ???? ???? ???? ??? ???? ?? ???? ???? ????,M
What is it like to be a white South African?,????? ?????? ??? ???? ??? ???? ?? ????? ???? ???,M
How can I stop worrying about what other people think?,??? ?????? ?? ?????? ?? ??? ???? ???? ???????,M
Has anyone ever died from smoking marijuana?,??? ???? ??? ?? ??? ????????? ???? ?? ???? ???,M
Would you choose uncertain freedom or idyllic peace?,?? ??? ????? ????? ?? ???? ?? ?? ?????? ??? ???,M
In what areas or fields are computers not used. This is an assignment and I can't find any reasonable answer.?,??? ?? ???? ?? ????? ???? ??? ???? ??????? ??????? ???? ????? ?? ??? ???????? ?? ??? ???? ???? ????? ???? ???? ?? ????,M
"Does melanin concentration in the body influence our thinking? If yes, how so?",??? ??? ??? ?????? ?? ????? ????? ??? ?? ??? ????? ??? ??? ??? ?? ?? ????,M
"If Frances Farmer (the actress) was still around today, what would she think about Donald Trump?",??? ??????? ?????? ????? ?? ????? ????? ?? ????? ???? ?? ???? ??? ??? ???????,M
Why the steam turbine vibration using micro meter while in gas turbine using meli meter as scale?,???? ?????? ??? ???????? ??????? ???? ??? ???? ???? ???? ?? ???? ??? ?????? ??? ???? ???? ????,M
NO new feeds available for 6 hours.what is this?,?? ????? ?? ???? ??? ??? ?????? ????? ?? ??? ???,M
Frequent Flyer Miles and Programs: What's the best way to use 105k Delta SkyMiles?,"Frequent Flyer Miles: 105,000 ????? ?????? ????? ??????? ???? ?? ?? ?? ?????? ????? ??? ???",M
"Why does turkey have darker, more flavorful dark meat than chicken?",???? ??? ??? ?? ?????? ??? ????? ???? ??? ?????? ???? ??? ???? ???? ???,M
Which is the best Android football game?,?? ?? ?????? ????????? ?? ??? ??? ??? ?? ???,M
Do Paypal‚Äôs customers in European countries use Paypal-issued debit or credit cards?,??? ????? ????? ??? ?? ??? ?? ?????? ?? ??? ?? ???? ???? ???? ?? ????? ???? ??????? ???? ????,M
Is it easy to get part time job in Sweden?,??? ????? ??? ???? ???? ??? ???? ???? ???? ???,M
What is the scope of civil engineering in canada?,?????? ??? ??? ????????? ?? ????? ??? ??? ???,M
Can I apply for a student F1 Visa even though my Green card application is already being processed?,??? ??? ?? ??? ??? ??????? F1 ???? ?? ??? ??????? ?? ???? ??? ?? ???? ???? ???? ?? ??????? ???? ??? ???,M
Should abortion be legal?,??? ????? ??? ?????? ???? ??????,M
What do people eat for lunch and dinner in the US?,??? ?????? ??? ????? ??? ??? ?? ????? ??? ??? ????? ????,M
As of 2016 how well does Indian and Pakistani Armed forces fare against each other?,2016 ?? ?????? ??? ???????? ???? ????? ??? ????? ?? ?????? ??? ?? ?? ?? ???????? ???? ??? ????,M
"Why do so many Asian people say ""whites"" or ""blacks"" or ‚ÄúAsians‚Äù to describe people?","??? ?? ??????? ??? ?????? ?? ???? ???? ?? ??? ì????î? ì????î ?? ì??????î ???? ???? ????",M
How do I become a co-pilot? How much time does it take to become one in India? What is the average salary?,??? ?? ????? ???? ????? ????? ??? ??? ???? ??? ???? ??? ???? ??? ???? ?????? ??? ???,M
I'm 19 and have been prescribed beta blockers for a migraine. What happens if I stop taking them?,???? ??? 19 ?? ??? ???? ???????? ?? ??? ???? ?????? ????? ??? ??? ???? ??? ??? ????? ???? ??? ????? ?? ??? ?????,M
"If Jon Snow is not Ned's bastard, why does Lady Catelyn hate him so much?","??? ??? ??? ??? ?? ??? ???? ??? ???? ???? ??? ?? ???? ????? ??? ???? ???? ???? ???? ???",M
Have a news tip what should I do? Get a PR person? This could be be significant. There are legal issues with severe ramifications? I'm a bit concerned,??? ???? ??? ??? ???? ??? ?? ?? ???? ??? ???? ?????? ??? PR ?? ??? ???? ?????? ?? ??? ?? ???? ??? ?????? ????? ????? ????? ?? ???? ?????? ???ó??? ??? ??? ??? ????,M
Has Quora been hacked?,??? ????? ?? ??? ??? ??? ???,M
"I am a student studying third year, CSE. What are some good projects that can be done by me to improve my resume?","??? ????? ??? ?? ???? ??? ???? ??????? ????? ???? ?????????? ???? ??? ???? ??? ?? ???? ???????? ??? ?? ???? ??????? ???? ??? ???? ????",M
How can I improve my own understanding of English grammar?,??? ???? ??????? ????? ?? ???? ?? ???? ???? ?????,M
"How do we let know the defence ministry of India to also focus on the Cyber Warfare like China and USA does, we have so many IITans with such good hacking and anti-hacking/firewalling skill?","?? ????? ?? ????? ????? ?? ???? ?????? ?? ?? ??? ??? ?????? ?? ??? ????? ??????? ?? ???? ??? ?????? ????? ??? ??? ?? IIT ?? ???? ??? ?? ??? ????? ??? ????? ????? / ???? ????? ?? ????? ???",M
What is the difference between a PC boiler and a CFB boiler?,?? ?? ?????? ??? CFB ?????? ??? ??? ??? ???,M
What are examples of passive transport in cells?,????? ??? ?????? ????????? ?? ?????? ??? ????,M
What does it mean to have 20/15 vision?,20/15 ??? ?? ??? ???? ???,M
What universities does iRobot recruit new grads from? What majors are they looking for?,iRobot ?? ??????????? ?? ??? ???????? ????? ???? ??? ?? ?? ????? ?? ???? ??? ????,M
What is The best thing to learn from Khan Academy?,??? ?????? ?? ?????? ???? ?? ?? ?????? ??? ??? ???,M
How does overtime work in the NBA?,NBA ??? ???? ???? ?? ??? ??? ???? ???,M
What are youtube channels?,?????? ????? ??? ????,M
When will next year's CBSE board improvement forms come out?,???? ??? CBSE ???? ?? ????????? ???? ?? ???? ??? ???,M
Vision (eyesight): Is -4.5 eye number very large?  What does it mean?,??? (??????): ??? -4.5 ???? ??? ????? ??? ?? ?? ??? ???? ???,M
Who are the best headhunters?,?????? ??? ????? ??? ????,M
What is it like to be the bodyguard of a president?,??? ?? ???? ???? ???? ???? ???? ???,M
"What is the Arizona bark scorpion, and how do animal species in the Sonoran Desert compare to species in the Great Sandy Desert?","???????? ???? ????????? ??? ??? ??? ??????? ??????? ?? ??????? ?? ????? ???? ????? ????? ?? ????? ?? ???? ???? ????",M
Why the color of Indian team representing Olympics varies for each sport?,??????? ??? ????? ?? ??????? ??? ?? ??? ?? ???? ?? ??? ???? ????? ???? ???,M
What are some good Bible verses to read before bed?,???? ?? ???? ????? ?? ??? ??? ???? ????? ?? ???? ??? ?? ????,M
Under what circumstances may a police officer commandeer your vehicle?,?? ????? ??? ????? ???? ?? ?? ???? ??????? ???? ?? ??? ?? ???? ???,M
Why do we cry?,?? ???? ???? ????,M
I have been jobless for the last year. I am planning to go back to India. I am ashamed to be asking for money again. What should I do?,??? ????? ??? ??? ?? ?? ?????? ???? ???? ????? ???? ?? ????? ??? ???? ?????? ???? ?????? ??? ??? ??? ???? ??? ???? ??????,M
"How can I send a message to ""viber"" in C#?","??? C# ??? ""Viber"" ?? ????? ???? ???? ???? ????",M
India: Do Indian girls wear Victoria's Secret underclothing?,?????: ??? ?????? ?????? ??????? ?????? ??????? ?????? ????,M
Why do teen girls (and women in general) allow their boyfriends to take naked pictures of them in this day and (digital) age?,?? ?? ??? ??? ?????? ?????? (??? ?????? ????? ??? ??) ???? ????? ????? ?? ????? ?????? ???? ?? ????? ???? ???? ????,M
Why didn't Nazi Germany invade Sweden?,???? ????? ?? ????? ?? ???? ???? ???? ????,M
What are the best tools and equipments that you can use in the kitchen?,??? ?????? ???? ??? ?? ??? ?? ?????? ????? ??? ???? ??????? ?? ???? ????,M
How can I learn programming online?,??? ?? ???? ????????? ???? ???? ???? ????,M
What are some good cheese substitutes for Havarti cheese?,Havarti ???? ?? ??? ?? ???? ?????? ?? ???? ???,M
What happens if eye medicine enters the eye?,??? ???? ?? ????? ???? ?? ???? ??? ???? ?? ??? ?????,M
How can I attract girls for sex?,??? ???? ???? ???? ???? ?? ??? ?????? ?? ???? ????? ?????,M
What are the best tourist spots in India?,????? ??? ?????? ?????? ?????? ??? ?? ????,M
The Flash (DC character): How fast can the Flash run a mile?,?? ???? (DC ?????): ???? ??? ??? ???? ???? ?? ??? ???? ???,M
How can I do automatically when I want to put the text from the form on my websites into the certificates and then send it in pdf format?,"?? ??? ???? ?? ????? ???? ??? ???? ?? ???? ???? ????? ??? ??? ??? ???????? ??? ????? ?? ?? PDF ?? ??? ?? ?????? ?????? ?? ??? ?? ??? ?????? ???? ?????",M
How can I make account on Upwork?,??? Upwork ?? ?????? ???? ??? ???? ????,M
Could you explain oracle TNS in Layman's terms?,??? ?? ???? ????? ??? Oracle TNS ????? ???? ????,M
"Why is the output of the following code ""TRUE 2""?","?????? ??? ??? ?? ????? ""TRUE 2"" ???? ???",M
Can I recover my Facebook account after I deactivate it once?,??? ??? ?? ??? ?? ?????? ??? ??? ??? ???? ??? ?? ??? ??? ?????? ?????? ??? ?? ???? ???,M
How can I convert .LIT files to .PDF?,.LIT ?????? .PDF ??? ???? ????? ?? ?? ???? ????,M
What are the most exciting cutting-edge algorithms in computer vision?,??????? ??? ??? ?? ?? ????? ???? ???? ????????? ??? ?? ????,M
Do Trump supporters now expect the president to live up to his promises he so forcefully sold them on?,??? ???? ?? ???? ?? ???? ???? ??? ?? ??? ?? ????? ?? ???? ???? ?? ?? ?? ??? ? ??? ?? ???? ???? ????,M
Which is the best training institute for CCNA/CCNP in Hyderabad?,???????? ??? CCNA/CCNP ?? ??? ?? ?? ?????? ?????? ????? ??? ?? ???,M
The guy I'm dating never texts me and I feel like he doesn't care about me but when I see him he shows me he likes me and wants me. Why do I feel this way?,"?? ???? ?? ??? ????? ?? ??? ??? ?? ???? ???? ???? ???? ???? ??? ???? ???? ?? ?? ?? ???? ????? ???? ????? ??? ?? ??? ??? ???? ??? ?? ?? ?????? ?? ?? ?? ???? ???? ??? ???? ?? ????? ???? ???? ???",M
Does Walmart cash fake checks?,??? ??????? ????? ???? ??? ?? ???? ???,M
How do I make a video calling app in Android using Eclipse and Java?,??? Eclipse ??? Java ??????? ???? ???? ????????? ?? ????? ????? ??? ???? ??? ???? ????,M
Which is the best free app for an Android to spy WhatsApp without rooting a phone?,????? ??? ???? WhatsApp ?????? ?? ??? ????????? ?? ??? ??? ?? ?????? ??? ??? ???,M
Where is the best place to go skiing at Christmas time?,????? ?? ???? ?? ??????? ?? ??? ?? ?? ???? ??? ???? ???,M
Is it right option from being Android Developer to become Translator after 3 years in software development field?,??? ???? ???? ???????? ??? ??? ??? ??? ???? ?? ??? ????????? ?????? ?? ????????? ???? ???? ?????? ???,M
Why did my leg muscles randomly throb in pain for a few seconds then stop?,???? ???? ?? ????? ????? ??? ????? ?? ??? ??? ?? ?? ??? ?? ???? ????,M
"Which is the best software for business to consumer, e-commerce portal?",???? ?? ??????? (B2C) ?? ????? ????? ?? ??? ??? ?? ???? ???? ?????? ???,M
In the future will we still see startups like WhatsApp or Snapchat that are actually fairly easy to build or can help you see a trend towards hardware or software that actually involves much more time to build a prototype?,"?????? ??? ??? ?? ?? ??? WhatsApp ?? Snapchat ???? ?????? ?? ?????? ?? ?? ?????? ???? ???? ?? ??? ????? ????????/???? ???? ?? ??? ???? ?? ?? ??? ????????? ????? ??? ????? ??? ????",M
Ego: Are people with average IQs inferior to people with a higher IQ?,????: ??? ???? IQ ???? ??? ????? IQ ???? ????? ?? ???? ???? ????,M
"If space is expanding, where does the new space come from?",??? ???? ????? ?? ??? ?? ?? ??? ???? ???? ?? ??? ???,M
How can I get a hospitality job in a different country as an American?,???? ?????? ??? ??? ????? ??? ??? ?????????? ?? ????? ???? ???? ?? ????/???? ????,M
Why doesn't India have a uniform civil code?,????? ?? ??? ????? ??? ??? ???? ???? ???,M
"In Korean, how do you say ""correct""?","????? ??? ""correct"" ?? ???? ???? ????",M
Is palmistry accurate?,?????? ?????? ???? ???,M
How can I increase my runing speed indoors?,??? ??????? ??? ?? ????? ?? ????? ???? ???? ????/???? ????,M
What is the motive of critical radius of insulation for cylinder?,"????? ?? ??? ???????? ?? ""critical radius"" ?? ???? ??? ???",M
How often are the tires replaced on an Airbus A380?,?????? A380 ?? ?????? ?? ???? ??? ????? ???? ???,M
What is your review of Crystal IT?,Crystal IT ?? ???? ??? ?? ?? ????? ??? ???,M
What are some mind-blowing computer tools that exist that most people don't know about?,??? ?? ????? ?? ??????? ???? ??? ?? ?? ???? ??? ????? ??? ???? ??????,M
Is there a unicode character for the dropdown arrow?,??? ???? ???? ??? ?? ??? ???? Unicode ?????? ????? ???,M
Which are some of the best fiction novels?,?????? ??????? ???? ??? ?? ????,M
"During the Nazi occupation, what were the French school children taught?",???? ???? ?? ????? ???????? ????? ?? ???? ?? ??? ?????? ???? ????,M
What is the best porn video you've ever watched on the internet?,??????? ?? ?? ?? ?? ?? ????? ??? ?? ?? ?????? ??? ????? ??? ?? ???,M
A simple pendulum is suspended in a car traveling with a constant speed around a circle. What is the frequency of oscillation?,??? ???? ?????? ??? ??? ??? ???? ??? ?? ?? ????? ??? ????? ????? ?? ?? ??? ??? ?????? (oscillation) ?? ???? ??? ?????,M
What is the function of centrosomes in plant cells?,????? ?? ????? ??? ?????????? ?? ??? ??? ???? ???,M
Which is best college for M.E in Tamil Nadu?,??? ???? ??? M.E ?? ??? ??? ?? ???? ???? ???,M
What would someone be capable of if they knew my social security number?,??? ??? ?? ??? ???? ????? ???????? ???? ?? ?? ?? ??? ?? ????/???? ???,M
What are time deposits? Are RD and FD types of time deposits?,???? ?????? ??? ???? ??? RD ??? FD ???? ?????? ?? ?????? ????,M
Flowers: What is vaijanti?,????: '???????' ??? ???,M
Why is it a common belief that the world will turn to chaos without religion? Can people accept the fact that good can exist without a judging God?,?? ??? ???? ???? ?? ?? ???? ?? ???? ???? ???????? ?? ???? ?? ???? ??? ??? ??? ?? ???? ?? ???? ??? ?? ?????? ???? ??? ???? ??? ?? ??? ????? ?? ???? ???,M
What happens when you break the copyright law in Dubai?,???? ??? ???? ???? ????? ????? ?? ??? ???? ???,M
What is the fastest way to learn Django?,Django ?????? ?? ??? ???? ????? ??? ???,M
How can I reduce the ammount of REM during sleep?,???? ?? ????? REM ?? ????? ??? ??? ???? ?? ?? ???? ???,M
What makes a fad diet a fad diet?,??? ???? ?? '???? ????' ??? ??? ????? ???,M
Why do so many men write to hot models on Instagram just to say how hot they are?,???? ??? Instagram ?? ??????? ????? ?? ??? ?? ????? ?? ??? ????? ???? ?????? ??? ?? ?? ???? ???? ????,M
What is the Object oriented approach?,?????? ???????? ????? ??? ??? ???,M
Who were the most powerful countries in the world at different points in history?,????? ?? ????? ????? ??? ???? ?? ?? ?? ????? ?????? ????? ??? ?? ????,M
What was the first question asked on Quora?,Quora ?? ?? ?? ???? ???? ??? ????,M
Which is the best Call Of Duty game in the series?,Call Of Duty ????? ?? ?????? ???? ??? ?? ???,M
Real life incidents?,????? ????? ?? ???????,M
Which one is correct: between you and I or between you and me?,"??? ?? ???? ??: ""between you and I"" ?? ""between you and me""?",M
What should I do to join an NGO in India?,????? ??? ??? NGO ??? ???? ???? ?? ??? ???? ??? ???? ??????,M
How many goals are scored by Messi and Ronaldo via a free kick?,???? ??? ??????? ?? ??? ?? ?? ???? ??? ??? ????,M
What is the most creative college admissions essay you've read?,??? ????????? ???? ??? ???? ??? ?? ?? ?????? ??? ?? ???? ?? ???? ??? ?? ??? ?? ??? ??? ??? ???? ?? ???,M
What does the following sentence mean?,??? ????? ???? ?? ???? ????? ??? ???? ???? ???? ??? ???? ?? ???? ???? ???,M
What are some common facts every mechanical engineer should know?,?? ??????? ??????? ?? ?????? ?? ???? ??????? ?? ???? ?? ???? ???? ????? ???,M
Should I shave my head?,"?? ??????? ??? ????? ??? ?????? ?? ????? ?? ???? ??? ??? ????? ?????? ?????",M
What are examples of antonyms with sentence examples?,"????? ????? ?? ?????? ?? ??? ??? ??? ???? ????? ???? ? ???? ??? ??? ???? ???? ???",M
What is the website Funfunnykhez.com for?,Funfunnykhez.com ???? ?? ?????? ???? ?? ?????? ??????? ?? ???? ???,M
What is #include<conio.h>?,????????? ??? conio.h ??? ??? ?? ????? ?? ?? ??? ??? ?? ?? ??? ??????? ???? ???,M
Any solutions for unable to upgrade access level for viewing to full transaction of SBI net banking?,??? ?? ??? ??? ?????? ??? ??? ???? ????????? ??? ???? ??? ?? ????? ?? ???? ????? ??? ???? ???? ???,M
Have you ever accidentally flashed someone?,???? ????? ??? ????? ??? ??? ?????? ?? ????? ??????? ?? ???? ?? ???? ????,M
What are the best apps for increasing vocabulary?,????? ?? ????? ?????? ?? ??? Quizlet ??? Duolingo ???? ???? ???? ?????? ????,M
"Does Leonardo DiCaprio have a yacht, given his Climate Change advocacy?","???????? ?? ?????? ???????? ?? ???? ???? ??? ????? ???? ?????? ?? ????? ?? ??? ???? ???? ???",M
How can I prepare for NEET 2017?,??? ?? ?????? ?? ????? ?? ??? ??? ?? ????? ??? ????? ????? ?? ?????? ????? ???,M
Is it wise enough to go for SSC CGL and SBI PO or IBPS exam 2017 simultaneously?,"??? ??? ??? ?? ??? ???????? ?? ????? ??????? ???? ??? ??? ?????? ???? ?? ???? ???",M
"When sending documents in the mail in the United States, under what conditions do you need more than one stamp?",??? ??? ????? ??? ?? ??? ????? ???? ?? ?? ????? ?? ???? ??? ??? ????? ???,M
Why would the U.S. not invade Canada?,"?????? ??? ?????? ?? ?????? ????? ?????? ????? ??????? ??? ???? ?? ??? ????? ?? ???? ???? ????",M
What are the top colleges for UG in Archeology in Tamil Nadu?,??? ???? ??? ???? ????? ?? ?????? ?????? ??? ????? ????????? ?? ??? ?????? ???,M
"What's the meaning of ""reference"" in the table?","???? ??? ""reference"" ?? ???? ?????? ??? ???? ?? ???? ?? ????? ???? ???",M
Can we charge laptops via USB with a power bank?,"??? ???? ??? ??? USB-C ???? ???? ?? ???? ?? ???? ???? ??? ?? ???? ??? ?? ????? ?????",M
What does it mean when a guy says I like you?,?? ???? ???? ???? ?? ?? ??? ?? ???? ??? ?? ?? ?? ???? ??????? ?? ????? ???? ????,M
Do fathers have sex with sons?,???? ?????? ??????? ???? ??? ?????? ?????? ?? ???? ???? ????,M
How do I stay focused and disciplined?,??? ? ??? ?????? ????? ?? ??? ?????? ?? ????? ??? ???? ???? ????? ???,M
How should I start small business effectively?,????? ??????? ???? ???? ?? ???? ???? ?????? ?? ?????? ?? ?? ??? ??? ???,M
What is the best Facebook-like plugin for WordPress?,??? ???? ?? ??? BuddyPress ?? ??? ?? ?? ?? ???? ??? ????? ???? ????? ???? ???,M
"If I have brown eyes and black hair and my wife has blue eyes and blonde hair, what will our son's eyes and hair color be? What is the dominant gene?",?????? ?? ???? ?? ????? ????? ??? ?? ???? ??? ??? ?? ???? ???? ????,M
Is it true that it is harder to get into Harvard Medical School as a pre-med from Harvard rather than other undergraduate institutions?,"?????? ?????? ????? ??? ????? ????? ???? ???? ??? ???? ??????? ??? ??? ????? ?? ???",M
Are Bangladeshis ethnically part of Indian race or different?,????? ??? ??? ????? ?? ??? ?????? ???? ?? ????? ??? ?????? ??? ?? ??? ????? ????? ????,M
What are the best books for SSC CGL preparation?,SSC CGL ?? ??? Lucent ??? Kiran ????? ?? ?????? ???? ??? ????? ????,M
Why do people leave and move out of their parents' house?,???? ?????? ????? ??? ????????? ?? ??? ?????? ?? ??? ?? ??? ???? ???? ???? ????,M
What are the best courses in HR analytics in India?,????? ??? HR Analytics ?? ????? ????? ??? IIMs ?? ?? ???? ??????? ???? ????,M
Where did the emperor of Japan hide during the war?,"??? ?? ????? ????? ?? ?????? ?? ????? ?? ????? ??? ?? ???? ?? ???? ????? ?? ????? ???? ????",M
What is the spirit of Quora?,????? ?? ??? ???? ??? ??? ?? ???? ?????? ??? ???? ???,M
Why does one should quit social media?,???? ????? ?? ???? ???? ???? ??? ??? ?? ???? ??????? ?? ???? ?? ???? ???,M
How can make money on Facebook?,"??? ?? ?? ????? ?? ??? ????? ???????? ??? ?? ???? ?????? ??? ????? ????",M
"What exactly does it mean when you say the universe is ""expanding""? Does the planck-length get bigger? How can there be more space between objects?",?????? ?? ?????? ?? ???? ?? ???? ?? ???? ??? ?? ??? ??? ???? ???????? ??? ????? ?? ??? ?? ??? ????,M
Is it true that Diet Coke's sweetener spikes the insulin and thus contributes to storing more fat?,"??? ????? ?? ????? ?????? ????? ??????? ?? ??? ??? ???? ??? ??? ????? ???? ?????",M
What programming language should I learn next?,"???? ???? ?? ?????? ?? ?? ???? ?? ????? ??? ??? ???????? ?? ??? JavaScript ?????? ???",M
What's special about Apple?,???? ?? ??? ??? ?? ?? ?????? ??? ???? ?? ????? ?? ??? ?????? ???? ???,M
How do I delete thousands of old unread emails from my Gmail?,?? ??? ??? ????? ?? ???? ?? ???? ?? ?? ??? ???? ??? ???? ?? ?? ??? ????? ???,M
As a single mum what age is suitable to stop taking your little boy into the ladies restroom?,????? ???? ?? ???? ??? ?? ??? ?? ???? ????????? ?? ???? ????? ????? ???,M
What are the best pieces of open-source software (preferably Linux based) for diary / journal entry?,????? ????? ?? ??? Joplin ??? RedNotebook ???? ???? ???? ???? ???? ????? ????,M
"Is there some way to identify genuine JBL speakers, as fake JBL speakers are also sold in market?",???? JBL ?????? ?? ????? ?? ??? QR ??? ??? ??????? ?? ???? ??? ???? ????? ???,M
Who is the richest Big Bang theory star?,"""?? ???? ??????"" ?? ???????? ??? ??? ?????? ?? ?? ????? ?????? ???? ????? ??? ???? ????",M
How can I lose 15 kilos in one month?,"??? ????? ??? 15 ??? ??? ?? ???? ??? ????? ??? ????? ??? ????? ?????? ???? ???",M
"What are the companies that hire freshers for electronic design and verification jobs in India, and do they hire off-campus?",????? ??? Cadence ??? Synopsys ???? ??????? ????????? ?????? ??? ??? ??????? ????? ???? ????,M
How do Eisenhower and Kennedy differ?,???? ???? ??? ?????? ????? ?? ????? ????? ????? ??? ????? ?? ?????? ??? ????? ????,M
"Do Google glasses look super nerdy? If so, how might Google overcome this perception?",???? ???? ?? ?????? ????? ??? ??? ?????? ??? ??? ??? ?? ???? ?? ??? ???? ??? ??? ???,M
Do you like Microtransactions in video games?,????? ???? ??? ??????? ?????????? ???????? ?? ??? ?????? ??? ?????? ????? ?? ??? ?? ???? ????,M
How can you look at someone's private Instagram account without following them?,"????????? ?? ??? ?? ???????? ??????? ?????? ?????? ?? ???? ??? ???? ?? ????? ?? ?????",M
What are the must watch movies to see before you die?,??? ????? ????? ??? ???? ??? ???? ìThe Shawshank Redemptionî ??? ìForrest Gumpî?,M
What's a good video editor for windows?,????? ?? ??? DaVinci Resolve ??? Filmora ??? ?????? ?? ??? ?????? ?????? ????,M
How can I improve my appearance/overall look?,"????? ????? ???? ????? ?? ??? ??? ??????? ?? ?? ???? ??? ??? ???? ??? ??? ??? ????",M
What is best playstations for gaming?,"????? ?? ??? PlayStation 5 ?? ??? ?? ?? ????? ??? ??? ?? ???? ?? ????? ????? ???? ???",M
Is Mexico in danger of becoming a failed state or at the brink of civil war? (2017),"??????? ?? ????? ?? ????? ???? ??? ??? ?? ?? ?????? ???? ?? ??? ????? ???",M
Which is the best SSB coaching center in India?,"SSB ?? ????? ?? ??? ????? ??? ??? ????? ???? ???? ??? ????? ?? ????? ???????? ?? ????? ???",M
Are there Serbs today who don't hate Albanians?,?? ??? ??? ???? ??? ???? ??? ?? ???? ?? ????? ?????? ?? ???? ????? ????,M
What do the symbols mean on eBay?,"?? ?? ?? ?????? ?????? ???? ???? ?? ????? ?? ????? ???? ???? ??? ?? ????? ?? ???? ??? ???",M
What is the scope of supply chain management in India?,"????? ??? ?????? ??? ??????? ?? ????? ??? ??? ??? ??? ??? ?? ?? ????? ?? ???? ????",M
Why is it hard to make real friends and not just people you know by their names?,"??? ????? ??? ??? ?????? ?? ???? ??? ??? ??? ????? ???? ???? ?????",M
Why do women wipe and men don't after they pee?,?? ???? ?????? ???? ??? ?????? ??? ?? ??? ?? ???? ???? ???,M
What does Kakigarden.com do?,Kakigarden.com ???? ??????? ?? ?????? ????? ?? ????? ??? ???? ???,M
What would Brad Pitt look like if he were shorter?,"?????? ???? ?? ???? ??? ???? ??? ??? ???? ?? ?? ?????? ???? ?? ?????",M
What is the best FLAC player on a Mac?,??? ?????? ?? ??? Vox ??? Audirvana ?????? ?? ??????? ??? ???? ???? ?? ???? ????,M
what has your life taught you so far?,????? ?? ?????? ?? ?? ?????? ???? ?????? ???? ???? ???,M
What is the difference between Intentional Communities and Communities of Practice?,"????? ??? ??? ???? ?? ??ó??? ??? ??? ?? ????? ????? ???? ????? ??????",M
What are some unexpected things first-time visitors to Grenada notice?,??????? ??? ???? ???? ?? ?? ????? ??? ?????? ??? ???? ???? ????? ?? ????? ?? ???? ????,M
Why do startups announce fundraising?,?????? ???? ?? ??? ???? ?????? ????? ?? ?????? ?????? ?? ??? ????? ???? ???,M
What is an arbitrage fund? How does it function in India?,"?? ?? ???? ??? ?????? ?? ??? ?? ????? ????? ??? ????? ??? ?? ?? ???? ?????? ???? ????? ???? ???",M
Are there any members of the Medici family alive today?,"????? ?????? ?? ??? ????? ?? ??? ???? ??? ????? ???? ??? ?????? ?? ?? ??? ?????",M
Which South American country is cheap to live?,????? ?????? ??? ??????? ??? ???????? ?????? ???? ????? ???? ???? ????,M
What's the best resource for learning how to assemble scientific figures with Adobe Illustrator/Photoshop?,?????? ???????? ????? ?? ??? ?????? ?? Illustrator ?? ???? ?????? ????? ????,M
What is specialisation?,????? ?? ???? ?? ??? ??? ????? ??? ?????? ?? ????? ???? ?????,M
What jobs do chemical engineers do?,"?????? ??????? ???? ??????? ????? ?? ????? ????? ??? ??? ???? ????",M
Can generative models have label bias?,?????? ????? ??? ???? ???? ?? ??? ???? ??? ??? ????? ???,M
How's life going?,"????? ?? ??? ??? ???? ????? ???? ???? ??? ?? ???? ???",M
"Which car services are available in Kitchener, ON? How good are they compared to taxis and relative to each other?","???? ??? Uber ??? Lyft ??? ???? ??? ????? ????? ???? ?? ??? ????? ?????? ????? ???? ???",M
Will a Fitbit accurately track my activity if I am riding a bike?,"????? ????? ?? ????? Fitbit ??? ???? ????? ??? ?? ?? ????? ?? ?????? ????? ???",M
How can I earn money on the Internet?,?? ???? ????? ?? ??? ??? ?????? ?? ?????? ?? ?? ????? ????? ????,M
How do I get over the fear of everything?,??? ?? ???? ???? ?? ???? ??? ?? ?? ???? ?? ????? ???? ???,M
What is the main Secret of life?,????? ?? ??? ???? ???? ?? ó ???? ?????? ??? ?? ???? ?? ???? ???? ???,M
Which freelancing Job is suitable to a tester (ETL Testing Domain)?,ETL ?????? ?? ?????? ?? ??? QA ??? ??????? ???????? ?????? ??? ???? ????? ????,M
Why do you not like Hillary Clinton?,"????? ??? ?? ???? ?? ???? ???? ???? ????? ??? ?? ?? ??????? ?????",M
What is a pet?,"????? ????? ??? ????? ???? ????? ?? ????? ?? ???? ?? ??? ???? ?????? ????",M
"What it mean P1-RC ,S1 63 p2-RC,S1 63 in IRCTC tickets?",IRCTC ?? ?? ??? ??? ??? ?? ??? ???????? ?? ????? ???? ???? ???? ????,M
Should I watch American pie with a Indian girl?,???? ????? ?? ?????? ?????? ????? ?? ???? ??? ???? ?? ????? ???,M
A cab's flat rate is $6 at $0.75 per mile. How many miles could you travel if you only have $20 to spend?,??? 20 ???? ??? ?? ?????? 18.6 ??? ?? ???? ??? ?? ???? ???,M
Do US presidents get bodyguard protection after they have left the office?,?????? ??? ???? ???? ?? Secret Service ?? ???????? ?????? ???? ???? ???,M
How do one know famous people on Quora?,????? ?? ????? ????? ?? ????? ?? ?? ????????? ??????? ??? ?????? ?? ???? ???,M
What is it like to get an acceptance letter from Harvard?,?????? ?? ?????? ?? ?? ???? ????? ?? ?? ?? ??? ?? ????? ??? ?? ??? ???? ???,M
How long can raw and cooked sausage last refrigerated?,"??? ????? ?? ??? ??? ???? ??????? ??? ???? ???? ??? ???? ?? ???? ???",M
In how many ways can we distribute 10 identical looking pencils to 4 students so that each student gets at least one pencil?,??? ?? ???? ??? ?? ?? ?? ?? ??? ???? ??? ?? ????? ?? 84 ????? ????? ???? ????,M
What are some of the innovative startups in India?,"????? ??? Byjuís? Zerodha ??? Dunzo ???? ?????? ??? ??? ?? ???? ????",M
"How is the working environment at SBI Life, Mumbai?",??? ?? ??? ???? ????? ??? ??? ?? ????? ???????? ??? ???? ???? ????? ???? ???,M
What is Jake William's favorite fruit?,"??? ????? ?? ??????? ??? ???? ??? ??? ???? ?? ?? ???????? ??? ??? ???? ???",M
Which football stadium is best in the world?,???? ?? ??? ?????? ???? ?? ????? ???? ????? ??????? ???? ???? ????,M
What is your definition of evil?,????? ?? ????? ?? ??? ?? ???? ?? ????? ???? ???,M
What countries can I travel to without an Indian passport?,?????? ???? ??? ????? ??? ???? ?? ??????? ?? ????? ???? ?? ???? ????,M
How do you spy on WhatsApp for Android?,??? ?? ????????? ??? ??? ???? ??? ?????? ??? ??????? ??? ???,M
"What do is meant by a ""full time regular course"" in engineering when applying to PSUs through GATE?","""?? ???? ?????? ????"" ?? ???? ?? ???? ?? ?? ???? ???? ?? ??????? ????? ?? ???",M
Why does my dog sit on me?,"??? ???? ???? ?? ???? ?? ???? ?? ???? ???? ???? ??? ?? ??? ????? ?? ????? ???",M
Where can I get best monthly residential cleaning service in Sydney?,???? ??? ????? ?? ???? ???? ????? ?? ??? ?????? ????? ????? ?????? ????,M
What is Inorganic benzene?,?? ?????? ?????? ????? ?????? ???? ???? ?? ??? ?? ?? ???? ??? ???????? ??? ????? ???? ???? ????,M
Are there any jobs where I can combine my creative and tech minds?,"???? ???? ???? ?????? ??? ??? ????????? ???? ???? ???? UI ?????? ?? ??? ????????? ???? ?? ??? ??? ????",M
In India what is the difference between a cognizable offence and non cognizable offence?,????? ??? ????? ??? ?????? ??? ?? ???? ?? ?? ??? ????? ???? ????? ??????? ?? ???? ???,M
"What are the winter weather conditions like in Cincinnati, OH?","??????? ??? ?????? ??? ???? ????? ???? ?? ???? ??? ??????? ??? ??? ???",M
Why is C the best programming language?,"?? ???? ?? ??????? ?? ?? ????? ??? ????????? ??? ???? ??? ??? ??? ?? ?? ?? ??? ????? ????? ???? ???",M
Who is the mother of Cristiano Ronaldo's child?,???????? ??????? ?? ???? ???? ?? ????? ?? ????? ???? ???? ???? ???,M
What does it mean that every time I look at the clock the numbers are the same?,"???? ?? ??? ??? ??? ???? ???? ?????? ???? ??????? ???? ???? ??? ???? ?????? ????? ?????",M
What are the strongest majors in terms of job prospects and what are the weakest majors at Jackson State?,????? ????? ??? ????????? ??? ???? ?????? ??? ?????? ?? ??????? ????? ????? ???? ????,M
What information belongs to address line 3?,?????? ???? 3 ??? ??? ?? ???????? ???? ?? ??? ????? ????? ?? ??? ?? ??? ??????? ???? ???,M
How can I deal with cavities on the side of my tooth?,"?????? ?? ????? ?? ?????? ?? ???? ?? ??? ????? ???? ????? ??? ????? ????? ?? ?? ???? ???",M
Do pawn shops accept everything?,"??? ???? ??? ??? ?? ?????? ?? ????? ???? ?? ???? ???? ???? ?? ??? ?????",M
What is x if x+(1/x)=0?,??? x ??? ??? ????? x ???? ?? ?? ??? ??? ?? x ?? ???? ±i ?????,M
Why are the Seven Wonders of the World referred to as Wonders?,????? ????? ?? ??? ??? ???? ?? ?? ?? ?????? ?????? ?? ??? ?? ??????? ????? ???? ????,M
Can you get high if someone touches weed and then you shake their hand and then you eat something with that same hand?,"???? ?????? ????? ?? ??? ???? ????? ??? ??? ????? ???? ??????? ?? ???? ???",M
Can animal fat be used as fuel?,"??????? ?? ???? ?? ???? ???? ????? ?? ???? ??? ??? ????? ??? ?????? ???? ????",M
Is being friendly a competitive advantage for engineers?,"???????? ??? ??????? ???? ??? ??? ?? ???? ????? ??? ?? ??? ??? ???? ????? ???",M
How is Sandeepani Institute for VLSI design training?,??????? ????? ???? ?? ??? ??? ??? ?????? ??? ?????? ????? ?? ??? ???? ???? ???,M
Is there any app that scans maths questions (in a book or in an image) and searches Google for step by step answers?,Photomath ???? ???? ????? ?? ?????? ??? ?? ?????? ?? ?????? ????,M
Do supernatural beings exist? Is there any real incident which you came across?,"??????? ??????? ?? ???? ????? ?? ??? ????? ??? ?????? ???? ???? ?? ???? ????",M
How does the increase in interest rate causes the price level to rise?,??? ??? ????? ?? ???? ??? ????? ???? ?? ?? ?????? ?????? ?? ??? ????? ???? ???,M
Why does Locke decide to kill Bran Stark at Craster's Keep?,??? ?? ?????? ??? ??? ?? ???? ?????? ?? ???? ??? ????? ???? ???? ????,M
Does cognition affect perception?,"??? ??? ????? ??? ????? ?? ??? ???? ??? ????? ?? ???? ??? ??? ???? ???",M
What is the total money required to go to Tomorrowland?,"?????????? ???? ?? ??? ??? ??? ?? ?? ?? ??? ???? ???? ?? ??? ??? ??? ?? ????? ???",M
What are some unexpected things first-time visitors to Vietnam notice?,?????? ???? ???? ???? ???? ?? ??? ? ??? ??? ????? ?? ????? ?? ????? ???? ????,M
Why did India conduct surgical strikes on Pakistan?,????? ?? ???? ???? ?? ????? ?? ?????? ??? ?????? ???????? ?? ????? ??? ????,M
What are some mind-blowing mobile technology tools that exist that most people don't know about?,??? ???? ???? Tasker ??? IFTTT ??? ?????? ?? ??? ???? ????? ??????? ????? ???? ????,M
What are the benefits of eating bananas?,???? ??????? ?? ?????? ???? ??? ?? ??? ????? ?? ?????? ????? ????,M
"I want to make a game like ""Clash of Clans."" Are there any suggestions I can use?",???? ??? ?? ?????? ???? ??? ????? ?? ??? Unity ???? ?????? ???,M
Do employees at Lowe's have a good work-life balance? Does this differ across positions and departments?,"???? ??? ??? ?? ????? ???? ?? ????? ??? ????? ????? ?? ????? ???? ???? ????",M
How can I become popular in school?,????? ??? ??????? ?? ??? ????? ??? ?????? ??? ?????? ?? ??? ?????? ????? ???,M
What are good websites for escorts?,???? ??? ????? ?? ?????? ??? ?????? ?????? ?? ?????? ??? ????? ???,M
How much would it cost to construct 2000 sqft area RCC slab?,2000 ??????? ?? ?? ?? ?? ??? ?? ??? ??????? 7 ?? 9 ???? ???? ?? ? ???? ???,M
What is the total money required to go to Tomorrowland?,"?????????? ?? ???? ??? ????? ??? ??? ??? ?? ??????? ??? ?? ????? ???? ???",M
What are some of the innovative startups in India?,????? ??? ??? ??? ?????? ??? ????????? ??? ???????? ?? ????? ??? ??????? ??? ?? ??? ????,M
"How is the working environment at SBI Life, Mumbai?",??? ?? ??? ???? ?? ????? ?????? ??? ??? ?? ???? ????? ???? ???,M
What is Jake William's favorite fruit?,??? ????? ?? ???????? ??? ??? ??? ?? ?? ?? ??? ??? ??? ???,M
Which football stadium is best in the world?,???? ??? ??? ?? ????? ??????? ?? ?? ????? ?? ???? ????? ???? ???,M
What is your definition of evil?,"?? ?? ????? ????? ?? ??? ????? ??? ??? ??? ?? ??????",M
What countries can I travel to without an Indian passport?,?????? ???? ?? ????? ??? ???? ???? ?? ???? ????? ?? ??? ?? ???? ????,M
How do you spy on WhatsApp for Android?,??? ????????? ?? ???? ??? ?? ??????? ?????? ?? ???? ?????? ????? ???,M
Why does my dog sit on me?,"???? ??? ??? ??? ??? ?? ???? ???? ???? ??? ??? ?? ???? ????? ???",M
Where can I get best monthly residential cleaning service in Sydney?,???? ??? ????? ?? ?????? ????? ?? ?????? ???? ???? ?? ???? ?? ?? ???? ???,M
What is Inorganic benzene?,?? ?????? ?????? ?? ?????? ?? ????? ???? ???? ??? ???? ???,M
Are there any jobs where I can combine my creative and tech minds?,??? ???? ???????? ????? ??? ???? ?????? ??? ?????? ???????? ??? ??? ??????? ????,M
In India what is the difference between a cognizable offence and non cognizable offence?,????? ??? ????? ??? ?????? ??? ??????? ??? ?????? ??? ??? ?????? ??? ??? ???,M
"What are the winter weather conditions like in Cincinnati, OH?",??? ??????? ?? ?????? ??? ???? ???? ???? ??? ?? ?????? ????,M
Why is C the best programming language?,?? ????????? ??????? ?? ?? ??? ?????? ?? ?? ?? ????? ???? ???? ???? ???? ???,M
Who is the mother of Cristiano Ronaldo's child?,??? ??????? ?? ???? ???? ?? ????? ?? ????? ???? ???? ?? ???,M
What does it mean that every time I look at the clock the numbers are the same?,???? ?? ??? ??? ??? ???? ???? ?????? ?? ???? ??????? ???? ???? ???,M
What are the strongest majors in terms of job prospects and what are the weakest majors at Jackson State?,????? ????? ????????? ??? ??? ?? ?????? ?????? ?? ???? ?? ?? ?? ????? ????? ??? ????,M
What information belongs to address line 3?,"?????? ???? 3 ??? ??? ??? ?? ??? ????? ???? ???? ??? ???????? ???? ?? ????? ?? ????",M
How can I deal with cavities on the side of my tooth?,???? ?? ????? ?? ?????? ?? ???? ??? ?? ???? ?? ?? ????? ?? ??? ???? ????? ???,M
Do pawn shops accept everything?,??? ??? ???? ?? ??? ?? ????? ???? ???? ??? ?? ??? ????? ??????,M
What is x if x+(1/x)=0?,??? x ??? ??? ????? x ???? ?? ?? ??? ??? ?? x ?? ????? ???? ??? ?? ???? ???,M
Why are the Seven Wonders of the World referred to as Wonders?,"???? ?? ??? ?????? ?? ""?????"" ???? ??? ???? ??? ??? ?? ??? ?????? ?????? ???",M
Can you get high if someone touches weed and then you shake their hand and then you eat something with that same hand?,??? ??? ???? ????? ?? ??? ??? ??? ????? ?? ???? ???,M
Can animal fat be used as fuel?,"??? ??????? ?? ???? ?? ????? ?????? ????? ?? ???? ??? ?? ?? ??? ??? ???? ???",M
Is being friendly a competitive advantage for engineers?,??? ????????? ?? ??? ??????? ???? ???? ????? ??????? ??? ?????? ???? ???,M
How is Sandeepani Institute for VLSI design training?,??????? ????? ???? ?? ??? ??? ??? ????? ?? ????? ?? ???? ?? ???? ????? ???? ???,M
Is there any app that scans maths questions (in a book or in a image) and searches Google for step by step answers?,??? ???? ???? ??? ????? ?? ?? ???? ?? ????? ?? ???? ??? ?? ???? ?? ???????,M
Do supernatural beings exist? Is there any real incident which you came across?,??? ??????? ??????? ?? ???? ?? ???? ????? ????? ?? ?????? ????? ??? ????,M
How does the increase in interest rate causes the price level to rise?,??? ???? ??? ??? ????? ????? ???? ??????? ??? ????? ?? ???? ???? ???,M
Why does Locke decide to kill Bran Stark at Craster's Keep?,??? ?? ???????? ??? ?? ???? ?????? ?? ????? ?? ????? ???? ????,M
Does cognition affect perception?,??? ????? ??? ????? ?? ??? ??? ????? ?? ????? ???? ????,M
What is the total money required to go to Tomorrowland?,?????????? ???? ?? ??? ?????? ???? ??????? ????? ???? ????,M
What are some unexpected things first-time visitors to Vietnam notice?,?????? ??? ???? ???? ??? ??? ?? ????? ?? ????? ????? ???? ????,M
Why did India conduct surgical strikes on Pakistan?,????? ?? ??????? ?? ?????? ???????? ???? ?? ????? ?? ????? ??? ???? ????,M
What are some mind-blowing mobile technology tools that exist that most people don't know about?,??? ?? ?????? ?????????? ??? ?? ?? ???? ??? ??? ?????? ???? ??? ????? ????,M
WhaT are the benefits of eating bananas?,??? ???? ????? ?? ??????? ????? ?? ?? ?? ??? ??? ??? ????? ???? ???,M
"I want to make a game like ""Clash of Clans."" Are there any suggestions I can use?","??? ??? ""???? ?? ?????"" ???? ??? ????? ????? ?? ???? ?? ???? ???? ???? ?????",M
Do employees at Lowe's have a good work-life balance? Does this differ across positions and departments?,??? ???? ?? ??????? ???? ?????? ??? ??? ??? ???? ????? ?? ????? ?????? ??? ???? ????,M
How can I become popular in school?,????? ??? ????? ???? ?? ??? ??? ?? ????? ?? ?? ????? ??? ????? ????,M
What are good websites for escorts?,??? ???? ????? ?????? ??? ?? ????? ??? ???? ????? ????? ?? ????? ???? ???,M
"100-101 ICND1 got expired on August 20th, 2016. Does it mean that there won't be CCNA v2 exam anymore?",??? 2016 ??? ICND1 ???????? ??? ???? ?? ??? CCNA v2 ?? ?????? ????? ?? ??? ??? ???,M
What do programmers do at Facebook?,??? ?? ?? ????????? ????? ?? ?? ??????? ?? ????? ?? ??? ???? ????,M
How can I transfer money from Skrill to a PayPal account?,??? ????? ?? ?? ??? ??? ????? ???? ??? ????? ???? ???? ?? ?? ??? ???? ?? ????? ???,M
Which European country is the best for asylum seekers?,???? ?????? ?? ??? ???? ??? ??? ?? ??? ?? ?? ????? ?????? ???????? ????? ???,M
Do we have any data about the physiological change of enlightened and awakened people other than the fact they have different brain waves? Have we noticed any change at the cellular or DNA level?,??? ?????? ?????? ???? ???? ????? ?? ?????? ?? ?? ??? ?? ??? ?? ???? ?????? ????? ??? ???,M
What does asset management mean in the hotel/hospitality industry? What do asset managers do?,???? ??????? ??? ???? ??????? ?? ?????? ???? ??? ???? ?? ??? ????? ?? ????? ??? ???,M
What is the painting on this image?,??? ????? ??? ?????? ??? ?????? ??? ????? ????? ?? ??? ?? ???? ???? ???,M
Is chocolate milk good for you?,??? ?????? ???? ???? ??? ?? ??? ???? ????? ?? ???? ???,M
What are the best online dating sites -- Match.com or eharmorny.com?,Match.com ??? eHarmony ??? ?? ??? ?? ???? ???? ????? ????? ???,M
Did Albaani memorise the Qur'an?,??? ????? ?????? ?? ???? ???? ??? ??? ??? ?? ???? ??? ?? ??? ????,M
What are the best sites to download songs?,???? ???? ??? ???? ?? ??? ??? ?? ??? ????? ?????? ??? ????? ????,M
Can an aerospace engineer be a pilot?,??? ???? ????? ??????? ????? ???? ?? ????? ???? ?? ???? ???,M
What are the pros and cons of marriage?,???? ?? ????? ??? ??????? ?? ???? ??? ?? ?? ???? ??? ???,M
How do I simplify capacitor circuits such as one given below?,"???? ???? ??? ???? ??? ???????? ??? ???? ?? ?? ???? ????? ?? ????? ????? ??? ???? ???",M
What is the smartest thing you've seen an animal do?,??? ?? ?? ???? ??? ????? ?? ???? ???? ??? ???? ????? ?? ?? ????? ?? ????? ?? ???,M
In which year did the GATE set the toughest question for electrical?,GATE ?????? ??? ????????? ????? ?? ??? ?? ?? ???? ?????? ?? ??? ??? ????,M
Do you need a passport to go to Jamaica from the United States?,??? ?????? ???? ????? ???? ?? ??? ??????? ?? ???? ???? ?? ???? ????,M
What should I do when my answer collapsed on Quora?,??? ????? ?? ???? ???? ??? ??? ????? ?? ???? ?? ??? ??? ?????? ???? ???? ?? ???? ????,M
"When you time travel, do you alter the time for all of universe or just the spot were you are?",??? ??? ??? ??? ???? ?? ?? ??? ?????? ???? ??????? ??? ?? ??? ???? ?? ?? ??? ?? ???? ???,M
How can hydrogen peroxide remove stains?,????????? ?? ??????? ??? ????? ?? ??? ??????? ??? ?? ??? ??? ???? ???,M
How can I remove IRM protection from Microsoft Office files that were in a SharePoint IRM protected library?,????????? ??? IRM ?? ????? ?????? ?? ???? ????? ?? ?? ??????? ???? ?? ???? ?????? ????? ???,M
How do religious people reconcile religious faith and open-mindedness?,????? ????? ????? ???? ????? ???? ??? ??? ????? ?? ?????? ????? ???? ???? ???? ????,M
Is it possible to accelerate the rate of burning fat from abdominal by using hot belts? If yes suggest any brand?,??? ??? ????? ????? ??? ?? ???? ?? ???? ??? ????? ??? ???? ??? ?? ?? ??? ???????? ???,M
Is calculus 2 on the same level of difficulty as calculus 1? I did well in Calculus 1 (A-) so does that mean I should get an A in Calculus 2 as well?,??? ??????? 2 ?? ???? ???? ??????? ??????? 1 ???? ?? ???? ?? ?? ?????? ????? ?????? ?? ???? ????,M
What is the best book for IIFT general awareness?,IIFT ?? ???? ???????? ????? ?? ??? ?? ?? ???? ???? ?? ???? ??? ???? ???? ???,M
Who is Eleanor Rigby?,"??????? ????? ?? ??? ????? ?? ???? ??? ??? ??? ??? ??? ?? ????? ????? ????",M
Why does India always sabotage and badmouth all economic projects Pakistan have with other countries in the world?,"????? ??????? ?? ??? ???? ????? ??????? ?? ????? ???? ???? ??? ??? ?? ????? ???? ???? ???",M
What are the fins on the side of jet engines for?,??? ???? ?? ?????? ?? ????? ???? ????? ??? ?? ???? ?? ?????? ???? ?? ??? ????? ??? ???? ????,M
How can I hack a d-link router's password?,??? D-Link ???? ?? ??? ??? ????? ?? ?? ??? ???? ?? ???? ?????? ????? ????? ???,M
How should I prepare for 10th std. board exams [g.s.e.b]?,????? ????? ?? GSEB ???????? ?? ????? ?? ??? ?????? ?????? ?? ???? ????? ??? ?? ???? ???,M
Justin Bieber (musician): What's a Belieber?,"""?????"" ?????? ???? ???? ????? ???? ?? ??? ???? ?????? ???? ????? ???? ????",M
Is there a MFA program in creative writing that is military friendly?,??? ?????? ????? ?? ???? MFA ??????? ????? ??? ?? ???? ?? ???? ????? ????? ?? ??? ????? ????,M
Why doesn't India dare to invade Pakistan?,"????? ??????? ?? ???? ?? ???? ???? ???? ??? ??? ?? ????? ????? ?? ??? ???",M
How can I get into harvard med school from india?,????? ?? ?????? ?????? ????? ??? ????? ?? ??? ??? ?? ???????? ??? ????? ????? ????,M
What do flat earthers believe is on the other side of the flat earth and why hasn't anyone ever explored it (or the edge?)?,"???? ???? ?? ????? ???? ???? ?? ????? ?? ??? ?????? ??? ?? ????? ??? ??? ???? ???? ???? ???? ??????",M
What are some cool WhatsApp group names?,????? ???? ??? ????? ?? ??? ??? ?? ??? ?????? ?? ?????? ????? ???? ????,M
How can I get my doctor to prescribe me a benzodiazepine?,??? ????? ???????????? ???? ?? ???? ??? ?? ?????? ?????? ?? ???? ??? ???? ??? ?? ?? ???? ???,M
What can you do to get gel nail polish dry without an UV light?,??? ???? ???? ?? ???? ??? ??? ???? ?? ??? ???? ?? ???? ?????? ????? ????,M
How do I tell her I love her?,??? ?? ???? ???? ?? ????? ???? ?? ?????? ??? ??? ????? ??? ???? ??????,M
What is #include<stdio.h>?,C ????????? ??? #include<stdio.h> ?? ???? ?? ????? ?? ???? ????? ???? ???,M
How many chromosomes are in a sperm cell?,"??? ???? ???? ??? ???? ???????? ???? ???? ??? ??? ?? ?? ????? ??? ????? ???? ???",M
Why does Saturn benefit a house it sits in slowly?,????? ??? ??? ?? ??? ???? ?? ???? ????? ?? ???? ???? ???? ???? ???,M
"What is the best way to respond when someone says ""I love you"" to you?","?? ???? ""??? ?? ??"" ??? ?? ??? ????????? ???? ?????? ?? ?? ???????",M
What is best tourist spot in Maharashtra in India?,???????? ??? ????? ?? ???? ?? ??? ?? ??? ????? ??? ??? ?????? ????? ????? ????? ???,M
How are Rajya Sabha members elected?,????? ???? ?? ????? ?? ?????? ?? ????? ??? ?? ??? ?????? ???????? ?? ???? ???,M
What is it like to be the only child of your parents?,?????? ??? ???? ?? ????? ???? ???? ??ó??? ?? ?????? ?? ???? ????? ?? ?????? ???,M
Why is it so hard for educated liberals to empathize with Trump supporters?,????? ????? ????? ???? ?? ?????? ?? ???? ??? ?? ?????? ??? ???? ???? ????? ???? ????,M
"With anti-poor, anti-middle class laws like GST, land, labor reforms, is india going to become authoritarian like china?",??? ????? ??? ?????? ????? ?????? ??? ?? ??? ???? ????? ???? ?? ???? ?? ?? ??? ????,M
What's the best Thanksgiving turkey cooking procedure for guaranteeing the juiciest turkey every time?,???? ?? ??? ??? ???? ????? ?? ??? ?????? ????? ?? ???? ?? ??? ?? ????? ?? ????? ?? ?? ?????? ???? ???? ???,M
Why is Lionel Messi so brilliant?,???? ?? ???? ??? ?? ??? ?? ???? ??? ?? ??? ???? ???????? ?? ????? ????? ????,M
Is it necessary to do a fashion management course to work in the fashion industry? Can I get a job at a fashion company after doing a general MBA?,??? ???? ??????? ??? ????? ?? ??? ????? ???? ????? ?? ?? ??? ?? ?? ????? ??? ?? ??? ??? ??? ???? ???,M
"Does Stripe or Square-Up act as an ""agent"" to process money transfer or do they also come under the payment processor license in USA?",??? Stripe ??? Square ?? ?????? ??? ????? ???????? ?? ???? ??? ???? ??? ???? ?? ?? ??? ?????? ????? ???? ???,M
From where can I buy 1st copy branded watches in Mumbai somewhere near Mumbai south and central?,????? ?? ????? ?? ????? ?????? ??? ?????? ???? ?? ???? ???? ???? ?? ???? ?? ?? ???? ???,M
What are some top US universities that accept 3 year undergraduate degrees?,??? ?? ?????? ??????????? ??? ???? ??????????? ???? ???? ???? ????,M
How can I improve my English writing skills?,??????? ?????? ?????? ???? ????? ?? ??? ?????? ?? ??? ?? ??? ???? ???? ???,M
How much does the Ulta Super Blender Sponge cost?,"???? ??? ?????? ????? ?? ???? ?????? ???? ???? ??? ??? ??? ?? ????? ?? ???? ?? ???? ???",M
How can I Find My inner Soul to improve Myself?,??? ?? ???? ????? ?? ??? ???? ??????? ??? ?? ???? ?? ???? ?? ?????? ????? ??? ???,M
"I am a first year MBBS student and I have heard that the medical PG exams are extremely competitive. In this situation, is it better to do an MD from abroad? Is it true that an MD from the UK or US is comparatively more valuable?",??? ?????? ??? MD ???? ?????? ???? ???????? ?? ?????? ??? ???? ?????? ?? ???? ???,M
What are the best ways to lose weight?,??? ?? ???? ?? ??? ??? ?? ????? ?????? ??? ?? ????? ??????? ???? ???? ????,M
What religion believes that Jesus is the son of God?,"??? ?? ????? ???? ????? ?? ??? ?? ???? ????? ???? ??? ?? ????? ???? ?? ???? ????",M
What are the landmark judgements of the Supreme Court of India?,?????? ????? ???? ?? ?? ??? ?? ????? ??? ????? ?? ????? ??? ??? ???,M
Will anything bad happen if I eat too many carrots?,??? ???? ?????? ??? ????? ???? ????? ?? ??? ??? ?? ???? ????? ???? ?? ???? ????,M
Do astronauts have a higher rate of cancer due to increased radiation?,??? ?????? ??? ??????? ?? ???? ????? ?? ??????? ??? ??????? ?? ????? ???? ???? ???? ????,M
Source Text,Reused Text (Urdu),M
Are there any statistics comparing the divorce rates of married gay couples compared to straight ones?,??? ?? ??? ???? ???? ??? ????? ??? ??? ????? ?? ???? ?? ??? ?? ?????? ?? ????? ???? ????? ???? ????? ???,M
What are cheap and budget stay options in North Goa?,????? ??? ??? ?? ??? ????? ?? ??? ???? ?? ???????? ???? ?????? ????,M
Is the new MacBook worth buying?,??? ??? ??? ?? ???? ???? ?? ???? ?? ???????? ??? ????? ????? ?? ???? ???,M
What are some good institute for CAT coaching in Coimbatore?,???????? ??? CAT ?????? ?? ????? ?? ????? ????? ????? ????? ??? ?? ????,M
Where can I get a CafePress gift certificate or a gift code?,??? ???? ???? ?? ??? ??? ?? ????????? ?? ???? ????? ???? ????? ?? ???? ????,M
Does Mexico have a wall on its southern border?,??? ??????? ?? ????? ???? ?? ????? ?? ??? ????? ????? ???,M
How much is in an eight ball of meth?,ì??? ???î ???? ?? ????? ???? ?? ???? ?? ???? ?? ???? ???? ???,M
What are the stages of breast cancer?,????? ????? ?? ??? ?????? ?? ???? ????? ??? ????? ??? ???? ???,M
Why is Quora so popular in India?,????? ??? ????? ???? ???? ?? ???? ?? ??????? ?? ?????? ?????? ??? ????,M
"Is NATO and CIA behind Turkey's failed coup, why Turkey purges NATO military envoys?",???? ??? ????? ????? ?? ?? ???? ??? ???? ?? ?? ??? ?? ?? ????? ????,M
How do I overcome guilt?,?????? ??? ?? ???? ???? ?? ??? ??? ?? ??????? ????? ????? ???? ???? ???? ????,M
What is the value of value?,ì?????î ?? ?????? ?? ?????? ????? ??? ?? ??? ??? ??????? ??? ???? ???? ???? ???,M
What are the stages in the cell cycle?,???? ?? ?????? ??? ???? ??? ????? ????? ??? ???? ????,M
"What does the phrase ""He who does not love abides in death"" exactly mean?",???? ì?? ???? ???? ???? ??? ??? ???? ??î ?? ???? ????? ????? ??? ??? ????? ???? ???,M
What kind of phone does Linus Sebastian from linustechtips use?,????? ???????? ??? ??? ?? ??? ?? ??? ???? ??????? ???? ????,M
Are there any colleges in North India that offer an MBA in hospitality & tourism and good placements as well?,????? ????? ??? ??? ?? ?? ??? ?????????? ??? ?????? ?? ???? ???? ??????? ???? ???? ????? ??? ?? ????,M
Should I go back to school at 30?,??? ??? ??? ?? ??? ??? ?????? ????? ???? ???? ???? ????? ???? ?? ????? ??? ?? ???? ???,M
Can I install an Android app on an unsupported device?,??? ???? ????????? ??? ??? ?????? ????? ???? ?????? ?? ???? ??? ?? ?????? ??? ?? ???? ???,M
What happens when Saturn is in seventh house in Aquarius sign for Leo Ascendant?,??? ??? ?????? ??? ??? ??? ??? ?? ??? ???? ??? ?? ?? ?? ?? ????? ????? ????? ??? ?????,M
How old do you have to be to purchase a vape pen that contains no nicotine in the UK?,??????? ??? ???? ?????? ???? ??? ??? ?????? ?? ??? ?? ?? ?? ??? ???? ???? ??????,M
"What business can make you 50,000 a month?",?????? ???? ???? ????? ?? ??? ?? ?????? ???? ??? ?? ??????? ???? ???? ???? ????,M
What does it cost to replace brakes on a bicycle?,?????? ?? ???? ????? ???? ?? ???? ???? ???? ??? ???,M
"In Freemasonry, why do we open the bible on Psalms 133 in the first degree?",??? ?????? ??? ???? ???? ???? ???? ??? ???? 133 ?? ????? ?????? ?? ????? ???? ???,M
How is Morse Code used?,???? ??? ?? ???? ???????? ???? ??? ?? ??? ????? ??? ???? ???? ???,M
What does it mean to you to be a designer?,??????? ???? ?? ????? ?? ?? ??? ??? ???? ????? ??ó?? ?? ????? ?? ???? ?? ????,M
Why should I learn web design?,??? ?????? ?????? ?????? ?????? ?????? ??? ?? ?? ?? ????? ???,M
How can I find a list of the 500 most popular Facebook groups in the USA and Europe?,?????? ??? ???? ?? ????? ???? ??? ?? ????? ?? ????? ???? ?? ???? ?? ?? ???? ???,M
Could you create an operating system with C# and C?,??? C ??? C# ?? ??? ?? ???? ??????? ???? ???? ???? ???? ???,M
When will moto G3 (Moto G 3rd gen 2015) get Android 7.0 (Nougat) update?,???? G3 ?? ??? ????????? 7.0 ???? ????? ?? ???? ???? ?? ???? ???,M
What will be the positive and negative effects of demonization of ?500/1000 notes on Indian economy?,????? ????? ??? ??? ???? ?? ?????? ????? ?? ??? ?? ???? ?? ???? ????? ????? ????,M
What are the most annoying fitness questions that need to die on Quora?,????? ?? ???? ?? ????? ??? ?? ??? ????? ?????? ??? ??? ?????? ???? ????,M
What could Texas lawmakers do to lessen the mentally ill population in jails?,?????? ?? ????? ??? ???? ???? ?????? ?? ????? ?? ???? ?? ??? ??? ???? ??????? ?? ???? ????,M
How are Box and Dropbox able to coexist in such a similar product space? Aren't there big trademark issues inherent here?,Box ??? Dropbox ??? ???? ???? ???? ???? ?? ?????? ?????? ?? ?????? ????? ?? ???? ???? ????,M
"How can I be smart, genius, wise or intelligent?",????? ?????? ?? ??? ??? ?? ?????? ???????? ?? ???? ????? ??????? ??? ?? ???? ????,M
What is the best KDE Linux distro?,KDE ??????? ?? ???? ?? ?? ?????? ????? ????? ????? ??? ?? ???,M
How is the word 'valiant' used in a sentence?,"??? ""???????"" ?? ???? ??? ??????? ??? ??? ?? ?? ????? ??? ??? ???? ???",M
What is the aim?,"???? ""???"" ?? ???? ???? ?? ?? ????",M
"A bag contains 5 white, 7 red and 8 black balls. If four balls are drawn one by one without replacement, what is the probability of getting all white balls?",??? ????? ??? ????? ????? ?? ?????? ??? ?? ???? ????? ?? ????? ??? ???? ????? ?? ????? ???? ???? ??? ???? ???,M
Do I need copyright permission before uploading a cover of a Bollywood song on YouTube?,?????? ?? ???? ??? ???? ?? ??? ????? ???? ?? ??? ??? ?????? ?? ????? ???? ????? ???,M
Who is Azula in Avatar: The Last Airbender?,ì??????î ????? ??? ????? ?? ????? ????? ??? ??? ?????? ????? ????? ???,M
How a particle become a proton or electron?,???? ??? ?????? ?? ???????? ??? ????? ???? ?? ??? ?? ??? ?? ????? ???,M
What is the difference between deism and agnosticism?,??? ??? ??? ????????? ??? ?????? ???? ??? ??? ???,M
Where can I buy Victoria's Secret in India?,????? ??? ??????? ????? ?? ????? ?????? ?? ?? ???? ??????? ?? ????? ???? ????,M
"Can I use the Invisionapp free UI kits (e.g. www.invisionapp.com/now) for a new app I am developing, or is it just for non-profit use?",??? Invisionapp ?? ??? UI ??? ?????? ???? ??? ??????? ?? ????? ????? ????,M
"Which processor is faster and better for battery between Octa core, 1.7 GHz, Cortex A53, Chipset: Mediatek MT6752 and Quad core, 1.4 GHz, Cortex A53, Chipset: Qualcomm Snapdragon 410 MSM8916?",???? ??? ??? ??????? ????? ????? 410 ??? ????? ?? ???? ?? ??? ?? ????? ???? ???,M
Which city in India has more shopping malls?,????? ?? ?? ??? ?? ??? ?? ???? ?? ?? ????? ????? ???? ???? ????,M
How much distance do I need to run daily if I want to lose 1kg per week?,??? ???? ??? ??? ??? ??? ?? ???? ?? ?? ?????? ???? ??? ????? ???? ???,M
How do I find the phenotypic ratio?,??? ??????? ???? ??? ???? ????? ????? ?? ???? ???? ????? ???? ???,M
What comes to mind when you think of food?,??? ì?????î ?? ?? ?? ?? ???? ???? ?? ?? ??? ??? ??? ?????? ???,M
What is server monitoring?,???? ???????? ?? ???? ?? ???????? ?? ???????? ?? ??????? ?? ?????? ???,M
How does a German Shepherd/Border Collie mix looks like?,??? ???? ????? ??? ????? ???? ?? ??? ??? ????? ???? ????? ??? ????? ???,M
Do you think that people who do not believe in intelligent life on other planets merely don't know how huge our universe or galaxies are?,??? ???? ???? ?? ????? ??? ?????? ?? ???? ?? ?????? ?? ??? ?? ???,M
What are your favourite Hindi (bollywood) movies from the 60s and 70s?,???? ??? ??? ?? ????? ?? ??? ?? ????? ?? ??? ?????? ?? ???? ???? ????,M
How many Champions are there in League of Legends?,??? ??? ?? ?????? ??? ??????? ?? ????? ?? ????? ?? ???? ????? ???,M
What are some of the best motivational songs in Kannada?,??? ???? ??? ??? ?? ???? ?? ?? ??? ????? ???? ????,M
How do I stop dreaming at all?,??? ???? ?????? ?? ??? ???? ???? ?? ??? ???? ???,M
"What is the difference between bay, gulf and straits?","??? ???? ??? ?????? ??? ?????? ????????? ??? ?? ????? ?? ??? ???? ???",M
What mythical creatures are in the Bible?,????? ??? ??? ?? ???? ??????? ?????? ???? ????? ????,M
Is hair loss due to thyroid permanent?,??? ????????? ?? ??? ?? ??? ???? ? ???? ??? ?? ?? ??? ??????? ????? ???,M
"White lines on my iPhone 5s have appeared and I can't tap there. I took it to a shop to fix it, but the lines appeared again. What's going on?",??? ??? 5 ??? ?? ?????? ?? ?????? ??? ??? ??? ?? ??? ????? ???????? ??? ???? ?? ?? ???? ???? ????,M
"Which test series is the best for the IAS Main exam, Synergy or Vision IAS in Delhi?",???? ??? IAS ????? ?? ??? ????? ?? ??? IAS ??? ?? ??? ?? ?????? ??? ????? ????? ???,M
What is the equation for calculating GDP at factor cost?,GDP ????? ???? ?? ?????? ??? ??? ?? ????? ???? ??? ???? ????,M
How can we simplify our life?,??? ?????? ??????? ?? ?? ?? ????? ????? ???? ????? ?? ???? ???,M
What are some gift ideas for a two year anniversary?,????? ?????? ?? ??? ???? ???? ??? ?? ?? ???? ??? ?????? ????? ???,M
What is the difference between Shall and Will?,ì???î ??? ì??î ??? ??? ??? ?????? ?? ?? ???? ??? ??? ??? ??? ???,M
What is it like to have a brain close to the great librarian?,??? ??? ??? ???? ??? ?? ???? ??????? ??? ??????? ???? ???? ???,M
How did Babylonians measure years?,????? ??? ??? ?? ???? ???? ?? ???? ?? ???? ?? ????? ????,M
What are the disadvantages of listing a company in NSE?,NSE ??? ????? ?? ????? ?? ?? ???? ?? ??????? ???????? ?? ????? ???? ???,M
Are MacBooks good for gaming?,??? ??? ?? ????? ???? ?? ?? ?? ??? ???????? ??? ?? ??? ????? ???,M
What is the output for the following codes in C++?,??? ??? ??? C++ ??? ?? ???? ?? ???? ?? ?? ?? ????? ??? ???,M
Was Bill O'Reilly rude during his interview with President Obama?,??? ?? ?? ????? ?? ?????? ?? ???? ??????? ??? ??? ???? ????? ???? ?????? ??? ????,M
"Why does everyone seem to support Manny Pacquiao in the Floyd Mayweather, Jr. vs. Manny Pacquiao boxing match?",?????? ??? ?????? ???? ??? ?????? ????? ?? ?????? ?? ???? ???? ????,M
Which is the best headphone under Rs.6500 INR?,?? ???? ???? ?? ??? ??? ??? ?? ?????? ?????? ???? ???? ???,M
What is the difference between package type air conditioner and central air conditioner?,????? ???? ??????????? ?????? ??????? ?? ??? ???? ?? ?? ?????? ?????,M
OTA: What costs are involved to calculate the turnover point for an affiliate model (with eg. expedia) versus the GDS APIs?,?????? ???? ??? GDS API ??? ????? ?????? ?? ??? ??? ?? ??????? ???? ??? ???? ????,M
How much would it cost to install security cameras in my home India?,????? ??? ??? ??? ??? ?? ?? ?? ?? ?????? ?? ???? ??? ???? ??? ???,M
How many days it may take to get pan card after applying from minor to major correction?,?????? ?? ???? ???? ?? ????? ?? ??? ??? ???? ???? ?? ??? ???? ???? ???,M
How do I define tasks vs milestones vs deliverables in an agile scrum methodology?,"?????? ?????? ??? ????? ??? ????? ??? ?????????? ?? ??? ???? ???? ???? ???",M
How can you breed a Golden Retriever/Corgi mix?,????? ??????? ??? ????? ?? ??? ?? ??? ??? ????? ?? ??? ??? ????? ???? ???? ???? ????,M
Why do we care about others?,??? ?????? ?? ????? ?????? ???? ?? ?? ??????? ????? ?? ??????,M
What does it mean when a college says that their early action isn't restricting?,"""??? ???????? ???? ?????"" ?????? ?? ???? ?? ?? ???? ????? ??? ??? ?????? ?? ???? ????",M
The US and Russia seem to be descending into open hostility again. Is there a chance we could see another Cold War?,??? ?????? ??? ??? ?? ?????? ??? ??? ??? ???? ???? ?????? ???? ?? ??? ????,M
Who will win the 2015 IPL?,2015 ?? ??? ?? ??? ??? ?? ??? ?? ???????? ?? ?? ???? ??? ????,M
What challenge you have faced?,?? ?? ????? ??? ???? ??? ?? ????? ??? ?? ?? ??? ??? ???,M
How alkyl groups act as electron releasing groups?,?????? ????? ???????? ???? ???? ??? ???? ?????? ????,M
"How does Cognizant manage to send more folks to onsite esp with H1B as compared to its peers like TCS, Accenture, Infy etc?",???????? ?? H1B ???? ?? ?????? ?? ??? TCS ?? ?????? ?? ????? ???? ???,M
What is the fastest way to find buyers for my property?,??????? ?? ?????? ??? ???? ???? ?? ??? ??? ?? ???? ???? ?? ?? ??? ??? ???? ???,M
What are the best horror novel in 2016?,2016 ??? ??? ?? ???? ???? ??? ????? ??? ?? ?????? ????,M
Is it worth opting for a premium support while applying for a PAN card?,??? ???? ?? ??? ?????? ????? ???? ???? ????? ??? ????? ???,M
Bollywood: what is the worst film dialogue ever from a superhit hindi movie?,??? ?? ??? ?? ???? ??? ?? ??????? ?? ?? ?? ?? ????? ??? ????? ????,M
What are some of the great places to visit in Chennai?,????? ??? ??? ?? ????? ????? ????? ?? ????? ?? ?? ????? ????,M
Who is the real villain of the Ramayana?,??? ?????? ??? ???? ?? ??? ??? ??? ?? ???? ??? ??????,M
If 50 Hz is more efficient why we use 60 Hz?,?? 50 ???? ???? ????? ???? ?? ?? 60 ???? ???? ???? ???? ???,M
How much money can a first-time author of a non-fiction book expect to earn?,??? ???? ???? ?? ??? ???? ?? ?????? ???? ????? ?? ???? ???? ???,M
What are some of the best interview questions asked for a mechanical engineering student?,??????? ????????? ?? ???? ?? ???? ?? ????? ?? ???? ????? ???? ????,M
What are the best broadway musicals?,???? ?? ?? ?? ?? ????? ??????? ??? ?? ????? ???? ????,M
"What is more important in a letter of recommendation, the teacher's designation or whatever the teacher writes about the student?",????? ???? ??? ????? ????? ?? ???? ?? ???? ?? ?? ????? ???,M
Is downloading torrents with no VPN safe?,???? VPN ?? ?????? ???? ??? ???? ???? ????? ???,M
Why would dogs howl in their sleep?,"??? ???? ??? ???? ???? ???? ???? ??? ?? ???? ?? ????? ???",M
How do I calculate the radius or the 2 potential of a cylinder given the surface area?,??? ????? ?? ???? ???? ????? ?? ?? ???? ?????? ?? ????? ??????? ??? ???,M
"As a student, what is the biggest facepalm moment you have ever experienced?",???? ???? ??? ?? ?? ???? ??? ?? ???? ??? ?? ?? ?? ??? ?? ???? ??? ???,M
What is future in JAVA? Desktop and Web based.,???? ?? ?????? ????? ?? ??? ????? ????? ??? ?? ?? ???? ??? ???? ????? ????,M
How did you managed long distance relationship?,???? ????? ?? ???? ?? ???? ????? ??? ?? ?? ???? ???? ??? ???? ???,M
Why hasn't Gayle Laakmann McDowell/careercup created a MOOC or a coding bootcamp?,???? ????? ?? ???? ?? ?? ???? ???? ?? ??? ???? ???? ???? ???? ????,M
How can I stop my male pattern baldness?,??? ??? ????? ?????? ?? ??????? ????? ?? ???? ?? ???? ???,M
Why are most clothes made of polyester now instead of cotton?,?? ?? ???? ?? ????? ???????? ?? ??????? ????? ???? ?? ??? ???,M
"If you dug a hole through the earth, and came out the other side what would happen?",??? ???? ?? ??? ????? ??? ???? ?? ???? ??? ?? ????? ??? ??? ???,M
What is your most upvoted answer on Quora?,????? ?? ?? ?? ?? ?? ????? ?? ??? ???? ???? ???? ???? ?? ????? ?? ???,M
Will the stock market collapse in 2016?,2016 ??? ????? ?????? ?? ???? ?? ????? ???? ??? ??? ????,M
How do I write a good essay?,???? ????? ????? ?? ??? ?? ?? ??? ???? ??? ???? ???,M
How headphones work as an Antenna to play FM radio channels on Mobile phones? Why mobile companies doesn't install the same inbuilt Antenna on phones to be able to play FM without the headphones?,?????? ?????? ??? ??? ??? ???? ?? ??? ??????? ?? ????? ???? ??? ???? ????,M
I am not able to connect to my Apple ID from my phone. I'm getting an error and cannot connect to the iTunes Store. What should I do?,??? ??? ??? ?? ???? ??? ?? ????? ?? ?? ?? ????? ?????? ??? ???? ?? ?? ??? ??? ????,M
"How do you earn 10 dollars in 3 days, repeatably?",??? ?? ??? ??? ??? ?? ???? ????? ?? ??? ??? ????? ?? ???? ????? ?? ???? ???,M
What is the corporate culture like at 3M? How is the culture different than other companies?,3M ????? ?? ??? ???? ?? ????? ????? ??????? ?? ?? ??? ????? ????? ???? ???,M
Why is David Duchovny not in season 9 of The X-Files?,??? ???? ??????? ?? X-Files ?? ???? ???? ?? ??? ????? ??? ?????? ?? ????,M
How did Spectral (2016 movie) get greenlit? What's the backstory of how the movie got made?,??? ìSpectralî 2016 ?? ????? ?? ?????? ?? ??? ????? ????,M
What is the sound I hear when I make a phone call?,??? ??? ????? ??? ?? ??? ?? ???? ??? ?? ?? ?? ???? ?? ???? ???? ???,M
How do I stop the feeling of longing for someone?,??? ?? ??? ?? ??? ?? ????? ?? ???? ?? ??? ??? ???? ????? ????,M
What is the best way to gain confidence?,??? ??????? ?????? ?? ?? ?? ???? ???? ????? ??? ???,M
What is the front-end (web & API) server to venue ratio at Foursquare?,??? ??????? ??? ??? ??? API ????? ?? ??? ???? ?? ???? ?? ????? ??? ???? ???? ???,M
What specific facial features are considered Slavic?,???? ??? ?? ????? ?? ??? ???? ?? ??? ?? ?????? ???? ???? ????,M
What stocks and shares you think are worth buying now after RBI scrapping currency notes of INR 500 and INR 1000?,500 ??? 1000 ?? ??? ??? ???? ?? ??? ?? ????? ??? ?????? ???? ???? ????? ?? ??? ???,M
How can you add custom thumbnails to YouTube videos on mobile?,?????? ?? ?????? ?????? ?? ???? ???? ?? ???? ??? ???? ???????,M
Is a 4G LTE a 4G phone?,??? 4G LTE ??? ?? ??? 4G ??? ?? ????? ???? ???,M
What was the funniest incident that happened in your childhood?,???? ?? ???? ??? ?? ????? ?? ?? ??? ??? ?? ???? ? ???? ???,M
How can I improve my grade in biology?,???????? ?? ???? ???? ???? ?? ??? ?? ?? ????? ?? ??? ?? ???? ?? ?????,M
"I am financially stuck in a half baked relationship. Can someone help, how can I get out of this?",??? ???? ???? ??? ?? ???? ?? ???? ?? ?? ?? ????? ?? ???? ????? ??? ???,M
"What is more beneficial to learn, SolidWorks or Catia?",????? ???? ??? ????? ??? ?? ?????? ?? ??? ??? ?? ???? ???? ????? ?????? ???,M
Which books should I read if I want to read computer science engineering books at home?,??????? ????? ??? ?? ?????? ?? ??? ??? ?? ?????? ?????? ????? ????,M
"What's it like to find a picture of you, friends, or family on a ""funny/awkward"" photo site?",??? ??? ???? ?? ???? ?? ?????? ?? ????? ??? ????? ??? ?? ?????? ???? ???? ???,M
What are the strongest majors in terms of job prospects and what are the weakest majors at Mills College?,??? ???? ??? ??? ?? ?????? ????? ?? ???? ?? ????? ?? ????? ????? ???? ????,M
Which YouTube video has the highest like/dislike ratio?,?????? ?? ?? ?? ????? ????? ??????? ?? ????? ???? ????? ??? ?? ???,M
Is (male) circumcision required in Islam?,????? ??? ????? ?? ??? ???? ????? ??? ?? ?? ??? ????,M
Should they have killed harambe?,?????? ?? ????? ????? ?????? ????? ????,M
"U.S presidential primary candidate Bernie Sanders says ""It is profoundly wrong that the top 1% own more wealth than the bottom 95%"" Why is that wrong? Is everyone entitled to the same amount of wealth?",??? ???? ?? ??? ????? ????? ????? ???? ?? ??? ???? ?? ?? ???? ???,M
Is the AMD Radeon HD5450 good for games like War Thunder and World of Tanks?,AMD Radeon HD5450 ???? ?????? ???? ?? ??? ?? ?? ?? ???? ???,M
What are some amazing pictures one has to see twice to understand?,???? ??? ?? ??????? ??? ????? ?????? ?? ??? ?????? ?????? ???? ???,M
How widely accepted are credit cards at small businesses and restaurants in Liechtenstein?,????????? ??? ????? ?????? ?? ????? ???? ??????? ??? ?? ?? ??????,M
We are doing a FOREX Activity in my economics class. What steps should I take to make sure I end up with the most profit?,?????? ?????? ??? ????? ????? ???? ???? ?? ??? ???? ?? ??? ?? ????? ???? ???? ????,M
Why is the European society ignoring the slaughter and the cruelty performed in Arakan?,???? ??? ?????? ?? ????? ?? ?????? ?? ??? ?????? ????? ???? ????,M
What are the skills and tools I should have as a top IT sales manager?,??? ??? ?? ???? ?????? ?? ?????? ???? ?? ??? ?? ??????? ?? ????? ???? ???,M
How significant are the effects of climate change?,???????? ?????? ?? ????? ???? ????? ???? ?? ??? ????,M
Is an MSc in hospitality and tourism management at WGSHA worth it? How good are the placements for this particular course?,WGSHA ??? ??? ??? ?? ?????????? ???? ?????? ?? ???? ??????? ?? ???? ?? ???? ???? ???,M
Who is the best footballer?,?? ?? ??? ??? ?? ?? ?????? ?????? ??? ????? ???? ???,M
How do I switch from Apple Music to Spotify?,???? ????? ?? ?????????? ?? ?????? ?? ???? ????? ??? ???,M
What are some things new employees should know going into their first day at Spectrum Brands?,???????? ?????? ??? ??? ??????? ?? ???? ?? ?? ????? ?? ??? ???? ??????,M
What are popular apps used by cheating spouses?,????? ???? ???? ????? ???? ??? ??? ?? ??? ?? ???? ??????? ???? ????,M
What are the differences between a mocktails and a cocktails?,??? ??? ??? ??? ??? ??? ?????? ??? ??? ???? ???,M
What wind speed would blow in the windows?,??????? ?? ????? ?? ??? ??? ?? ????? ???? ???? ??????,M
How can I increase the speed of my internet connection while using a VPN?,?? ?? ??? ?? ???? ??????? ????? ?????? ?? ??? ??? ?????? ?? ?? ???? ????,M
What is the password to open an e-Aadhaar card?,??-????? ???? ?????? ?? ??? ??? ??? ?? ?????? ??? ???? ???,M
What are the differences between larceny and robbery?,???? ??? ????? ?? ?????? ??? ?? ????? ??? ???,M
What is the meaning of Hindi/Urdu word 'Khamakha'?,"??? ""????????"" ?? ???? ??? ??? ??? ??? ???? ??????? ??? ???? ???",M
Why would Time Machine do a large backup after restoring a corrupted Keychain from archive?,???? ?? ??? ???? ???? ?? ??? ???? ???? ?????? ???? ??? ?? ???? ????? ???,M
Can I chew gum with a temporary filling?,????? ???? ?? ????? ?????? ?? ????? ????? ???,M
How do you make life suit you and stop life from abusing you mentally and emotionally?,???? ???? ?? ??? ????? ?? ???? ?? ??? ?????? ?? ??? ????? ????,M
How does a UFC Champion mentally train to win their fight?,?? ??? ?? ?????? ???? ???? ????? ?? ??? ???? ????,M
Why are Golden Retriever dogs with blue eyes so expensive?,???? ?????? ???? ????? ??????? ???? ?? ???? ????? ???? ???? ???,M
Physics: Superconductors are not used in everyday life. Why is this?,??? ??????? ??? ????? ??? ??????? ???? ???? ?????,M
"I have -2.5 eye power. Can I fit the criteria of a 6/9 vision and, if not, what exactly does my eye vision fit to?",??? ??? ?? ???? -2.5 ?? ?? ??? ??? 6/9 ???? ??? ?? ???? ???,M
I am studying BE (engineering) in electronics and communications. I am in 2nd year. But I am very much interested in physics and I want to do research in physics. What should I do to achieve my aim?,?????????? ?? ???? ??? ?? ??? ?? ??? ???? ??? ????? ???? ?? ?? ?? ??? ???? ???? ???,M
Why can't we fall asleep on some days?,??? ?? ???? ??? ??? ?????? ?? ?????? ??? ??? ???? ???,M
When should a man marry?,??? ?? ??? ???? ?? ????? ??? ??? ?? ????? ???? ???,M
How can I start in the data analysis?,???? ??????? ?????? ?? ??? ???? ??? ??? ???? ??????,M
"How often is a commercial truck serviced within a 12-month period, and what is the average amount spent on parts (not labor)?",?????? ??? ?? ?????? ???? ???? ??? ?? ???? ?? ??? ????? ?? ??? ???? ??? ???,M
How much does it cost to make an app like AroundMe?,ìAroundMeî ???? ??? ???? ???? ?? ???? ???? ???? ??? ???,M
What are some superstitions about dreams?,?????? ?? ????? ??? ?????? ??? ?? ????,M
Who are the best headhunters in Mumbai?,????? ??? ?????? ??? ????? ???????? ??? ?? ????,M
How do I manage time for studies?,?????? ?? ????? ??? ?? ???? ??????? ???? ??? ?? ???? ???,M
What are the best IDEs for Java programmers?,???? ????????? ?? ??? ?? ?? ????? ??????? ???? ???? IDE ??? ?? ????,M
I have a crush on a guy who has no interest in me. What should I do?,??? ???? ???? ?????? ?? ???? ?? ????? ?? ???? ???? ?? ?????? ????? ??? ???,M
What is journalism for you?,?? ?? ????? ????? ?? ??? ???? ??? ???? ??????,M
Can you help me solve the problem below?,??? ?? ??? ??? ???? ?? ???? ??? ??? ?? ???? ????,M
How is Syska secure mobile?,???? ?????? ???????? ????? ?? ???? ?? ???? ???,M
What is the scope for a PHP developer in India? What are the MNC companies hiring PHP developers?,????? ??? PHP ??????? ?? ??? ?????? ??????? ???? ????,M
What is R & S in networking?,??? ????? ??? R & S ?? ???? ??? ???? ???,M
What are the tips not to do in interview?,??????? ??? ?? ????? ?? ???? ??????,M
What does @ mean as an emoticon?,?????? ??? ì@î ???? ?? ???? ??? ??? ???? ???,M
Is timetravel possible?,??? ??? ??? ??? ?????? ???? ?? ???? ???,M
"What are some of the characteristics of a female scorpio sun, moon at 23∞, venus, mercury retro, pluto, and Scorpio also the ascendant at 24∞15?",????????? ??? ?????? ???????? ?? ????? ??????? ??? ???? ?? ???? ????,M
I want to hack the Facebook account of one of my friends. Are there any paid services available to do so or any software?,??? ??? ?? ?????? ??? ???? ?? ??? ?????? ????? ?? ???? ????? ???,M
What is the chemical formula of wood?,???? ?? ???? ????? ??????? ??????? ???? ???,M
Where can I get an prepaid SIM card in Peru?,???? ??? ??? ??? ?? ???? ???? ?? ????? ?? ???? ???,M
What is the chemical formula for rust?,??? ?? ??????? ??????? ??? ???,M
Why is my dog biting me?,???? ??? ??? ??? ????? ?? ???? ???? ???? ???,M
How do we forget any Wi-Fi in Windows 10?,????? 10 ??? ????? ??? ???? ???? ?? ??? ???? ?????,M
Is it a right decision to start a career as C++ developer rather than Java?,???? ?? ????? C++ ?????? ???? ???? ?????? ???,M
What are good ways to earn online?,?? ???? ???? ????? ?? ????? ????? ??? ?? ????,M
What are the types of circuit breakers?,???? ????? ?? ??? ????? ??? ?? ????,M
How do I use Facebook ads to target people who like a certain page?,??? ?? ???????? ?? ????? ????? ??? ?? ??????? ?? ???? ??? ???????,M
Is multiple domains on one website bad for seo?,??? ??? ???? ?? ??? ?????? ????? SEO ?? ??? ????? ?? ???,M
How can I hide someone in Google Chat without blocking them?,???? ??? ??? ??? ?? ???? ??? ???? ?????? ?? ????? ??? ???,M
How can constipation cause dizziness?,??? ?? ??? ?? ??? ??? ?? ?????? ??? ??? ???,M
How do I find a good startup?,???? ?????? ?? ????? ???? ???? ?? ?? ?? ???? ????? ??? ???,M
Is there a website like Codecademy for C#?,??? C# ?????? ?? ??? Codecademy ???? ???? ??? ???? ????? ???,M
How can India become a manufacturing hub?,????? ?? ??????????? ???? ????? ?? ??? ??? ?? ??????? ????? ????,M
How do I prepare for general aptitude for gate?,GATE ?????? ?? ???? ????????? ????? ?? ????? ?? ???? ????? ??? ????,M
What are goals?,????? ?? ???? ??? ?????? ??? ?? ???? ????? ????,M
What are some tips on making it through the job interview process at William Lyon Homes?,???? ???? ???? ??? ????? ?? ??????? ??? ?????? ???? ?? ??? ??? ?? ?????? ?????? ????,M
How should I improve my will power?,???? ????? ?????? ?? ??? ?????? ??? ????? ?? ?? ???? ????,M
Is there a Quora for underachievers?,??? ?? ???????? ?????? ????? ?? ??? ???? ???? ???? ???? ?? ?? ????? ???? ???,M
"Does a computer named TRANSLTR, so described in Dan Brown's Digital Fortress, really exist?",??? ??? ????? ?? ???? ??? ???? ???? TRANSLTR ???? ???? ????? ???? ????? ???,M
"What is ""The Raven"" by Edgar Allan Poe about?","????? ???? ?? ?? ??? ""The Raven"" ?? ????? ???? ??? ???",M
How hard is making money online?,?? ???? ????? ???? ???? ???? ???? ???? ???? ???,M
How will Hillary Clinton win over Bernie Sanders supporters?,????? ????? ???? ?????? ?? ?????? ?? ?????? ???? ???? ?? ???? ????,M
How can I be like Jake Williams?,??? ????? ???? ????? ?????? ?? ??? ??? ????? ????? ?? ???? ????,M
What is the difference in pronunciation between 'v' and 'w'?,??????? ??? ívë ??? íwë ?? ??????? ??? ??? ??? ???? ??? ???,M
If someone blocked you on imo can you still see the last time they were online?,??? ???? imo ?? ???? ??? ?? ??? ?? ?? ?? ???? ?????? ???? ???? ????,M
How can I become a stay at home dad?,??? ????? ???? ?? ??? ?? ????? ????? ???? ?????? ???? ?? ???? ???,M
How do I get over my fear of surgery?,?????? ?? ??? ?? ???? ???? ?? ??? ???? ????? ???? ?? ?????,M
Can human survive without socializing with each other?,??? ????? ?????? ??? ?? ?? ???? ???? ???? ???? ???,M
What is solution to Kashmir issue?,????? ????? ?? ??????? ?? ?? ???? ??? ???? ???,M
What is the derivative of [math]h(x)= [(x^2) (x^2+3/x+2)]^{-1}[/math],??? ??? ????? h(x) ?? ???? ?????? ?? ?????? ????? ??? ?????,M
How do I start a food truck business in India?,????? ??? ??? ??? ???? ???? ???? ?? ??? ?? ??????? ?? ????? ???? ???,M
What are 5 facts about the earth's crust?,???? ?? ????? ?? ????? ???? ??? ????? ??? ????,M
What is Do's mission?,"""Do"" ???? ????? ?? ?????? ???? ??? ???",M
How can conscious experience arise from neural interactions?,???? ????? ????? ?? ????? ?? ???? ???? ???? ???,M
Is the world flat ?,??? ???? ?? ???? ???? ?? ????? ?? ??? ??? ?? ?? ????? ???,M
"If both the parents have blood group B+, can the child have A+?",??? ?????? ?? ??? ???? B+ ?? ?? ??? ?? A+ ???? ???? ???,M
Were there any major snubs with the 2017 Golden Globe Nominations?,2017 ?? ????? ???? ??????? ??? ??? ?? ????? ??? ????? ??????,M
What is the best way to keep my personal energy levels high each day?,?????? ??????? ?????? ????? ?? ??? ??? ?? ????? ?? ?? ???? ????,M
What do think of when you hear the word elect?,"??? ""Elect"" ?? ?? ??? ??? ?? ?? ???? ??? ???? ??? ???",M
"I have the iPhone 6 Plus, is it worth it to upgrade?",??? ??? 6 ??? ?? ??? ???? ?? ?????? ???? ????? ????? ???,M
Why does massaging one's temples soothe a migraine or headache?,????? ?? ???? ???? ?? ?? ??? ??? ???? ???? ????? ???? ???,M
How do I burn fat in the bellly?,??? ?? ???? ?????? ?? ?? ?? ??? ????? ????? ??? ???,M
Which document format supports DVD?,?? ?? ?? ?? ??? ??? ?? ???? ?????? ?? ?? ???? ?????? ????? ???,M
What's with the police departments putting up all these hidden surveillance cameras in town?,????? ???? ????? ????? ??? ??? ???? ?? ??? ???,M
"If an individual does not want to establish credit in the US, and does not want to have their credit tracked, how does he/she opt out of the system?",?????? ??? ????? ???? ?? ??? ?? ?????? ????? ???? ???,M
How to know whether your propety tax is paid in India?,????? ??? ??????? ???? ??? ???? ?? ????? ???? ?? ?? ???? ???,M
What is the main objective in Instagram Marketing optimization?,????????? ???????? ??? ??????????? ?? ?????? ???? ??? ???? ???,M
Who are some famous people whose identities are still unknown?,??? ?? ????? ?????? ?? ??? ????? ?? ???? ?? ???? ??? ???? ????,M
What are some of the best ways to lose 20 pounds in 3 weeks?,??? ????? ??? ??? ????? ?? ???? ?? ????? ????? ??? ????,M
How do you check your Google+ Followers?,???? ??? ?? ??????? ?? ????? ???? ????? ???? ????,M
Is it illegal to pass private emails (and their content) on to third parties without consent?,??? ??? ?? ????? ?? ???? ?? ?? ?? ???? ??? ?????? ?????? ??? ???,M
Where can I get safest construction cleaning services in Sydney?,???? ??? ???????? ????? ?? ????? ???? ???? ?????? ???,M
What are some of the best sports documentaries?,?????? ?? ???? ???? ?????? ???????? ????? ??? ?? ????,M
Why is oil the predominate way of heating homes in the northeast United States?,???? ????? ?????? ??? ????? ?? ??? ????? ?? ??? ??? ?? ??????? ????? ???? ???? ???,M
Why do I have lower back pain when I breathe? How can I treat this?,???? ???? ??? ??? ?? ???? ??? ??? ??? ?? ??? ??? ??? ???? ???,M
How do I apply kajal on a child's eyes?,???? ?? ?????? ??? ???? ????? ??? ?? ???????? ?? ???? ????? ??????,M
Do women like anal sex?,??? ????? ?? ?????? ???? ???? ?? ???? ???? ????,M
What is the best way to tour/experience the north east of India in seven days?,???? ????? ????? ?? ??? ?? ??? ?????? ?? ?????? ?????? ??? ?? ???? ???,M
What is the best infinity ring at Tiffany & Co.?,???? ???? ?? ?? ???? ???? ????? ??? ?? ?? ????? ???? ?? ???? ???? ??? ?? ???,M
What is the best weight loss guide?,??? ?? ???? ?? ??? ?? ?? ???? ????? ?? ???? ??? ?? ????? ???? ???,M
Why should I prepare for IES?,IES ?????? ???? ?? ??? ????? ????? ????,M
How do I start a saree business at home?,??? ?? ?????? ?? ??????? ???? ???? ?? ?????? ????? ??? ????,M
What is your favourite book on racism?,???? ?????? ?? ???? ??? ??? ?? ???? ?? ?? ?? ?? ????? ????? ???? ???,M
"In 2 days, how should I prepare for Mu Sigma?",?? ?? ??? Mu Sigma ??????? ?? ????? ????? ???? ?? ?????,M
What does a research business analyst profile in the gir division of Goldman Sachs do?,??????? ???? ?? GIR ????????? ??? ????? ??????? ?? ??? ????? ??? ???? ???,M
Is there a biological reason that people cry when they are emotional?,??? ?????? ???? ?? ???? ??? ???????? ??? ?? ??? ??? ???,M
"Should the US have a ""None of the above"" option for Presidential elections?","??? ?????? ???????? ??? ""???? ????"" ?? ???? ???? ???? ??????",M
Who was Ekalavya in his previous birth?,???????? ?? ????? ??? ??? ??? ?? ????? ????? ???? ???,M
How do I find a corporate firm in India which could be interested in discussing my business ideas?,????? ??? ???? ???????? ????? ???? ?? ???? ??? ?? ??? ???? ??????? ???? ??? ?????? ????? ????,M
What is the future for iOS Developers?,??? ???? ????? ??? iOS ??????? ?? ??? ????? ???? ??? ??? ????,M
How do I create a template for OpenStack heat auto-scaling and load balancing? What are some links regarding this?,???? ????? ??? ??? ??????? ??????? ????? ?? ??? ?? ????? ?? ????? ?? ???? ???,M
Will Hillary Clinton win this election?,??? ?? ?????? ??? ????? ????? ?? ????? ?? ??????? ????? ????,M
What is sociological?,"""???????????"" ??? ?? ???? ????? ????? ??? ??? ??? ???? ???",M
Which is the best laptop to buy under INR 40k-45k?,????? ?? ???????? ???? ?? ??? ??? ?? ?? ?????? ??? ??? ??? ?? ????? ???? ???,M
How can the Lewis Structure for chromium nitrite be determined?,?????? ???????? ?? ??? ???? ??????? ???? ????? ???? ???,M
Should I marry a 18 years old girl when I am 29 years old?,??? ??? ??? ????? ??? ?? ??? ?? ?? ???? ???? ????? ???,M
How much weight will I lose by not eating for a week?,??? ???? ???? ????? ???? ??? ???? ?? ?????? ??? ??? ???? ??? ?? ???? ???,M
What accessories are available for the iPad?,??? ??? ?? ??? ??? ??? ?? ??? ?? ???? ????????? ?????? ????,M
Which is the best power bank for smartphones to buy in India?,????? ??? ?????? ?? ??? ?? ?? ????? ????? ?????? ???? ???? ??? ?? ???,M
What universities does Limelight Networks recruit new grads from? What majors are they looking for?,???? ???? ??? ???? ?? ??????????? ?? ???????? ?? ????? ???? ???,M
Who are some lesser known important historical figures of Cyprus and what should people know about them?,?????? ?? ????? ?? ?? ??? ??? ?? ????? ?????? ??? ?? ??? ????? ????? ??????,M
How do you do a sponge wall texture?,????? ?? ????? ?????? ???? ???? ?? ???? ????? ??? ???,M
My H1B visa is expired. Which are the countries I can travel to India from USA?,H1B ???? ??? ???? ?? ????? ????? ?? ??? ?? ????? ?? ??? ???? ???,M
What is the economics of flying cars?,?????? ???? ?? ????? ??? ??? ?????? ?? ????? ?? ???? ????,M
Which are some commonly mispronounced words?,??????? ?? ?? ????? ??? ?? ??? ?? ?? ??????? ??? ???? ???? ???? ???,M
How do I have a successful career in animation industry with all distance mode of education (from schooling)?,??? ????? ?? ???? ?? ?? ???????? ??????? ??? ?????? ?????? ???? ????? ?? ???? ???,M
How do I upgrade my iPhone 5 to 6?,??? ??? 5 ?? 6 ?? ?????? ???? ??? ???? ????? ???? ?? ????? ????? ??? ???,M
How can I make my health website viral?,????? ??? ???? ?? ????? ????? ????? ?? ??? ??? ?? ???? ???? ???? ???,M
"My parents give me ""advice"" and they get really mad if I donít take itÖ What am I supposed to do?",??? ?????? ?? ???? ?? ????? ?? ????? ?? ????? ?? ??? ???? ?????? ???? ??????,M
"In the Percy Jackson Universe, is it possible for Titans to sire ""halfbloods"" as the gods do?",???? ????? ?? ???? ??? ??? ?????? ??? ???? ????? ???? ??? ???? ?? ???? ????,M
What is rank at 550 marks in NEET 2016?,NEET 2016 ??? 550 ???? ???? ???? ???? ?? ???? ???? ??? ??? ????,M
Which are the best job apps or sites for a mechanical engineer fresher?,??? ??????? ???????? ?? ??? ??? ?? ??? ???? ?? ?? ????? ???? ????,M
Can you suggest simple ways to catch up with the latest technology?,??? ????????? ?? ????? ???? ?? ???? ????? ??? ?? ????,M
"What is a good solar panel installation provider in Roseville, California CA?","??????? ?????????? ??? ?????? ???? ???? ????????? ????? ??? ?? ???",M
How can I get an internship at Goldman Sachs?,??????? ???? ??? ????? ?? ???? ???? ?? ??? ?? ????? ?? ????? ???? ???,M
Why is Timbaland famous?,??????? ?? ?????? ?? ???? ??? ??????? ?? ??? ?? ????,M
"What makes the play ""The Mousetrap"" by Agatha Christie so special?","?????? ????? ?? ????? ""The Mousetrap"" ?? ???????? ?? ??? ???",M
Did Hillary Clinton have Vince Foster murdered?,??? ??? ????? ?? ??? ?? ????? ????? ????? ?? ????? ?? ???? ????? ????,M
Who is more electable in a general Presidential election: Donald Trump or Ted Cruz?,??? ?????? ???????? ??? ???? ?? ??? ???? ??? ?? ?? ?? ????? ?? ??????? ????? ????,M
Why is Sandeep Maheshwari not on Quora?,????? ??????? ?? ????? ?? ?????? ???? ???? ??????,M
How do I find a good girlfriend?,???? ??? ????? ???? ?? ??? ?? ????? ?? ???? ????? ??????,M
Which is better GTA5 or Watch Dogs?,GTA 5 ??? ??? ???? ??? ?? ?????? ?? ???? ?? ??? ?? ???? ???,M
What did Ralph Waldo Emerson accomplish?,???? ????? ?????? ?? ?? ?? ?????? ???? ??????? ??? ????? ???? ???,M
What is object orientation?,?????? ??????? ????????? ?? ?????? ???? ??? ???,M
How do they remove cysts off your breast?,????? ?? ??? ?????? ?? ??? ??? ????? ??? ???? ???,M
How much money does YouTube make?,?????? ?? ?????? ????? ?? ???? ?????? ???? ????? ???? ???,M
How can I have a more defined jawline?,???? ?? ???? ?? ???? ?????? ???? ?? ??? ??? ?????? ?????? ????,M
Does Russia's KGB still exist?,??? ??? ??? KGB ?? ????? ??? ??? ??? ??? ?? ??? ????? ???,M
How strong was Hitler's bunker?,???? ?? ???? ???? ??? ?? ????? ?? ?????? ?? ???? ????,M
How can you calculate a derivative of volume of a cylinder?,????? ?? ??? ?? ???? ?????? ?? ??????? ??? ???,M
What is Quora's algorithm for sorting answers to a single question?,????? ??? ???? ?? ?????? ?? ?? ????? ?? ????? ???? ???,M
What Anna Hazare think about PM Modi?,??? ????? ?? ????????? ???? ?? ???????? ?? ??? ???? ???????,M
Which is the best shares to purchase and sale daily trading?,?????? ?????? ?? ??? ??? ?? ????? ?? ?? ????? ???? ???? ????,M
What are the benefits and drawbacks of basic income guarantee?,???? ???? ?????? ????? ?? ????? ????? ??? ??????? ??? ????,M
What are some famous failure and comeback stories?,?????? ?? ??? ????? ???? ???? ????? ??????? ??? ?? ????,M
How can I improve my skills?,???? ??????? ?? ???? ???? ?? ??? ?????? ??? ????? ?? ?? ???? ????,M
Will Google compete with a counter-offer from a candidateís current employer?,??? ???? ??????? ?? ?????? ??? ?? ?????? ??? ??? ??? ???? ?? ?????? ????? ???,M
Who invented tightrope walking and why?,??? ?? ???? ?? ???? ?? ?? ???? ?? ?? ????? ??? ??? ?? ?? ???? ??? ????,M
What is a transaction and ACID properties in DBMS?,???? ??? ??? ????????? ?? ACID ?????? ?? ???? ??? ???? ???,M
What is the best cell signal booster?,????? ??? ??? ?? ??? ??? ?? ?????? ???? ????? ?? ?? ???? ???,M
What are some good sources for learning NuGet?,NuGet ?????? ?? ??? ?????? ?? ???? ????? ??? ?? ????,M
Who really did frame Roger Rabbit?,"""???? ???? ????"" ??? ??? ??? ???? ??? ????",M
How can I make money through the Internet?,??????? ?? ????? ???? ???? ?? ???? ?????? ????? ??? ?? ????,M
What import duties and taxes are applicable on products imported into Norway?,????? ??? ?????? ???? ?? ???? ??? ???? ??? ?????? ??? ????,M
What is Instagram's new policy? Why can't I check who unfollowed me on Instagram?,????????? ?? ??? ?????? ??? ??????? ?????? ?? ?????? ???? ????? ??? ???,M
Have you ever experienced paranormal activities?,??? ?? ?? ???? ??? ?????? ?? ??????? ????? ??? ???,M
What is nodes?,"???????? ?? ??? ????? ??? ""???"" ?? ??? ???? ???",M
Could CAT exam and MAT exam take place on same day (4th December 2016)?,??? 2016 ??? CAT ??? MAT ?????? ??? ?? ?? ???? ??? ????,M
"What is the price and feature difference between UberGo, UberX and UberBlack in India?","????? ??? UberGo? UberX ??? UberBlack ?? ??? ??? ??????? ??? ??? ??? ???",M
Which is the best version of Linux?,????? ?? ??? ?? ???? ??????? ?? ???? ?? ????? ?????? ???,M
Which pizzas are the most popularly ordered pizzas on Domino's menu?,??????? ?? ???? ??? ?? ?? ????? ???? ???? ???? ???? ??? ?? ????,M
How much taxes do we pay?,??? ???? ???? ?? ?????? ?????? ??? ???? ??? ???? ???? ???,M
What are some cool things in C++?,C++ ??? ??? ?? ????? ????? ???? ??? ???????? ?? ???? ????,M
What happens if you get pulled over with expired registration in California?,?????????? ??? ???? ?? ???????? ??? ???? ?? ???? ???? ?? ??? ??? ???,M
"If I wanted to transfer over $1 million abroad (say, to purchase property), how much of a delay can I expect.?",??? ??? ???? ???? ????? ??? ????? ????? ?? ?????? ??? ???? ??? ?? ???? ???,M
How does one deal with break up?,???? ?? ????? ?? ??? ?????? ????? ???? ?????? ???? ?????,M
How many miles can a 1998 Toyota Corolla last?,1998 ?? ?????? ????? ??? ??? ?? ???? ??? ?? ?? ???? ???,M
"What does the Tagalog word ""salamat"" mean in English?",??????? ???? ?? ??? ì?????î ?? ??????? ????? ??? ???,M
Does resetting Windows 10 help in giving better performance?,??? ????? 10 ?? ??? ???? ?? ????? ??? ???? ????? ??? ???,M
"What is meant by ""the language of a story""?","""????? ?? ????"" ?? ???? ???? ?? ??? ???? ???? ???",M
"How safe is Papua New Guinea, and how does its crime rate compare to Australia's?",????? ??? ??? ??? ????? ?? ??? ???????? ?? ?????? ??? ???? ???,M
What is most important in life - money or values?,????? ??? ???? ????? ??? ?? ?? ?????,M
How many devices is Netflix available on?,??? ???? ???? ????? ?? ???? ?? ????? ?? ???? ???,M
What are the job prospects after completing masterís in engineering management from University of Southern California?,????????? ?? ???? ?????????? ?? ????????? ??????? ???? ?? ??? ?????? ?? ????? ???? ????,M
"Desserts: What's the best frutti di bosco recipe, and why?",????? ?? ????? ?? ?? ?? ??????? ????? ??? ?? ???,M
Cochin to London Etihad ó is the change over time of 1hr sufficient in Dubai?,????? ?? ???? ???? ???? ???? ??? ??? ????? ?? ?????? ??? ???? ???,M
Why have I been so angry lately?,??? ?? ??? ??? ????? ??? ?? ????? ?????? ??? ?? ???? ????,M
Why does boy/girl attracted by their opposite gender during teen age?,?????? ??? ????? ??? ?? ??? ??? ???? ??? ???? ???? ???,M
"Can someone access your WhatsApp messages on your old phone, even if they have a different number? Can they also see current WhatsApp messages being received or sent?",??? ????? ??? ?? ???? ??? ???? ?? ????? ???? ?? ??? ???? ??? ??? ???,M
What should I do when I don't feel like doing anything?,?? ??? ???? ?? ?? ?? ???? ?? ??? ?? ????? ????? ?? ????? ??? ?? ???? ???,M
What's the difference between big data and cloud computing?,?? ???? ??? ????? ???????? ?? ?????? ?????? ??? ??? ???,M
"What are some stories of droppers who cracked IIT, but had not even cleared the cutoff in their first attempt?","?? ???? ????? ?? ????? ???? ??? IIT ??? ??? ?? ?? ??????? ?? ??? ??? ???? ???",M
What is meant by 'Market Friction'?,?????? ?????? ?? ????? ??? ??? ???? ?? ???? ???,M
How has Quora improved your life?,????? ?? ??????? ?? ?? ?? ??? ?? ????? ??? ??? ?????? ????,M
Why are there so many more terrorist attacks in France than anywhere else in Europe?,???? ??? ???? ???? ?? ????? ?????? ????? ??? ?? ???? ???? ????,M
What is Queen Elizabeth II's preferred brand of tea?,???? ?????? ??? ?? ??? ?? ???? ?? ????? ???? ????,M
Which are the best Android games?,?? ??? ?? ?? ????? ????? ????????? ???? ??? ?? ????,M
How much is 30 kV in HP?,30 ??? ???? ?? ???? ???? ??? ???? ????? ??? ???? ???,M
My pen drive does not show up on my Mac. Is it corrupt? How can I solve this and get my data back?,??? ??? ??? ?? ??? ?? ??? ???? ? ??? ?? ??? ?? ???? ????? ?? ????? ???,M
What are the different cloud-based computational genomics startups?,?????????? ??????? ??? ????? ?? ???? ?????? ??? ??? ?? ????,M
"Why are black women not regarded as attractive as Asian or Latin women, even though they are more represented in the media?",????? ??? ????? ???????? ?? ?????? ???? ??? ?????? ?? ?? ????? ???? ????? ???? ???,M
What are all the best books to gift for newly married couples?,??? ???? ??? ????? ?? ??? ???? ??? ???? ?? ??? ?????? ?????? ??? ?? ????,M
"What is the song with the woman in a mermaid suit with a fish head and a man dances with her in scuba gear, itís a relatively new dance song?",?? ??? ?? ??? ???? ???? ?? ?? ??? ??? ???? ????? ???? ??? ?????? ??? ???,M
"What are the big, mega dance clubs in Greece?",????? ?? ?? ?? ????? ???? ???? ??? ?? ????,M
How do I learn Blender 3D fast?,?????? 3D ??? ?????? ?? ??? ??? ?? ???? ????? ?????? ??? ?? ???? ???,M
What are the simple ANDROID applications to develop for beginners?,??????? ????????? ?? ??? ???? ????????? ??? ??????? ??? ?? ????,M
What are some cool things in C++?,C++ ??? ??? ?? ????? ????? ???? ??? ???????? ?? ???? ????,M
Lose body fat?,??? ?????? ???? ?? ???? ?? ??? ????? ????? ????? ???? ?? ?? ?????,M
"How can I play safe in capital market with initial investment of Rupees 30,000 ? In which stocks should I invest?","30,000 ???? ?? ??? ?? ????? ?? ??? ??? ?? ?????? ???? ????? ???? ?????? ?? ?????",M
"What is it like teaching at universities in Abu Dhabi for Expats (Masdar, Khalifa, Petroleum inst)?",?????? ?? ??????????? ??? ??? ???? ?????? ?? ??? ??? ?? ????? ???? ???? ????,M
What are some things new employees should know going into their first day at Team?,??? ????? ?? ???? ?? ??? ??? ???? ???? ??? ?? ?????? ????? ?? ????? ????? ??????,M
What is the square root of 37?,37 ?? ???? ???? ?? ???? ???? ??????? ??? ??? ???? ???,M
Is it okay to run in the morning and then go to the gym in the evening?,??? ??? ?? ?? ??? ??? ??? ??? ?? ?? ???? ??? ?? ????? ???? ??? ???? ???,M
What it is like to be cheated upon in a relationship?,???? ??? ????? ???? ?? ??? ?????? ??????? ???? ???? ???? ???,M
How do I get a Fake ID in India?,??? ???? ?????? ???? ???? ??????? ??? ???? ????? ?????,M
How many moves in advance can you see in a chess game?,????? ??? ???? ?????? ???? ????? ??? ?? ?????? ??? ???? ???,M
Does WhatsApp allow conference calls?,???? ??? ?? ???? ????/????? ??? ?? ????? ?? ????? ?? ??? ???,M
Ever since the 9/11 attacks what special/unusual measures has the US taken to combat terrorism through air?,9/11 ?? ??? ????? ??? ??? ???????? ?? ?? ?? ?????? ????? ??????? ??? ?? ????,M
What are the best hollywood farewell songs?,???? ??? ?? ?????? ??????? ?? ?????? ???? ???? ???? ??? ?? ???? ???? ????,M
Can landlord downgrade appliances?,??? ????? ???? ????? ??? ?? ?????? ?? ???? ??? ?? ??????? ?? ?? ???? ???,M
How can I find job in Japan?,????? ??? ??? ???? ??????? ?? ??? ?????? ??????? ?? ???? ????? ??? ???,M
"How can you turn $2,000 into $10,000?",?? ???? ???? ?? ?????? ?? ??? ?? ??? ?????? ???? ?? ??? ????? ????,M
What are the advantages of wearing a watch's face on the inside side of your wrist?,???? ?? ??????? ????? ?? ????? ?? ????? ????? ??? ????? ???? ????,M
What will happen to social sites if advertisers realize that they have found a better way and abandon this?,??? ??????? ???? ???? ????? ???? ??? ?? ?? ???? ????? ?? ????? ?? ???? ???? ???? ???,M
Memorization: What is the best way to learn all the capitals in the world?,???? ?? ?????????? ??? ????? ?? ??? spaced repetition ????? ????? ???,M
How can I find the cheapest rent in New York City?,??? ???? ??? ?? ????? ???? ????????? ??????? ?? ??? ??? ?? ???? ????? ?????? ????,M
Why is it that every teen girl has a crush on her mathematics teacher? Is it the intelligence or their behavior?,??? ????? ?????? ?? ?????? ?? ??? ???? ???? ?????? ??? ????? ?? ???? ?? ??? ???? ???,M
What are some characteristics of involuntary muscle tissue?,??? ????? ????? ?? ?????? ??????? (????? ??? ???? ??????) ??? ?? ????,M
What are some of the worst careers for women?,??? ?? ???? ????? ????? ?? ????? ?? ???? ?? ?????? ?? ??? ???? ???? ???? ????,M
What is the best way to cook ham in a microwave?,?????????? ??? ??? ??? ???? ??? ??? ?????? ????? ?? ???? ????? ??? ???,M
Did Swami Vivekananda ever eat non-veg or egg during his journey around the world?,??? ????? ???????? ?? ???????? ??? ?? ?? ????? ??????? ?? ????? ?????? ???? ????,M
What are the best quotes/lessons of the Assassin's Creed series?,Assassinís Creed ????? ?? ?? ?? ?????? ???????? ?? ????? ??? ?? ????,M
How do I delete Whatsapp media from an iPhone?,??? ??? ??? ???? ??? ????? ????? ???? ???? ?? ??? ???? ????? ??? ???,M
How can you tell if someone loves you?,???? ?? ??????? ?????? ?? ????? ?????? ??????? ??? ????? ???? ????,M
Which is the best brand for air-conditioners and why?,???? ??????? ?????? ??? ????? ?? ?????? ??? ??? ?? ????? ????? ?? ???? ????,M
What is Reliance Industries' total employee strength?,??????? ???????? ?? ??????? ?? ????? ?? ???? ?????? ??? ????,M
Why do you want to be to president?,??? ???? ?? ????? ?? ????? ?? ?? ?????? ???? ??? ???,M
What routes are United's 787 Dreamliners flying?,???????? ????????? ?? 787 ????????? ?????? ?? ??? ???????? ???? ?? ???? ????,M
What are the best gifts to give a girlfriend in India?,????? ??? ??? ????? ?? ??? ???? ????? ?? ????? ????? ??? ?? ???? ????,M
What is your review of Birla Institute of Management Technology?,BIMTECH ?? ?????? ????? ??? ??????? ?? ???? ??? ??? ???? ??? ???,M
Could we shrink things by reducing the 'empty space' in subatomic particles?,???? ??? ??? ?? ì???î ?? ?? ?? ?? ????? ?????? ?? ???? ?????? ??? ?? ???? ???,M
"What is your review of Srinagar, Jammu & Kashmir, India?",??? ??? ??? ????? ?? ??? ?????? ???? ??? ?????? ??? ?? ????,M
"Sex life: as a couple in your 30's, how often do you have sex?",??? ?? ????? ??? ????? ?? ???? ???? ?? ????????? ??? ????? ???? ???,M
How forgetful are you?,?????? ?? ???? ????? ?? ??? ?????? ??? ??? ?? ???? ????? ??????? ??? ?? ???? ???,M
What are the best books to learn algorithms and data structures? Are there any good blogs/posts on these? Which books explain these concepts in a simpler way?,?????????/???? ???????? ?? ??? ?????? ???? ??? ??? ???? ???? ??? ?? ????? ??? ???? ???,M
Ancient Hindus sailed from India to Indonesia. Why didn't they sail further to discover Australia? Why didn't Dutch discover Australia from Indonesia?,???? ???? ?????? ?? ?????? ???????? ?? ?????? ????? ?? ???? ?????,M
Do I exist?,??? ???? ???? ?? ???? ?? ??? ??? ???? ???? ???? ???,M
Which is the best bakery in mangalore?,?????? ??? ????? ????? ?? ????? ?? ?? ????? ????? ??? ?? ???,M
"If I jump rope for five minutes, how many calories will I use?",???? ??? ???? ????? ?? ?????? ???? ??????? ??? ???? ????,M
What is the difference between Shia and Shiite?,"""????"" ??? ""?????"" ??? ???? ?? ?????? ???? ??? ???",M
How do I know if I'm blocked on WhatsApp?,???? ??? ?? ???? ???? ?? ????? ?????? ??????? ??? ?? ????,M
What are some bad habits we all have?,?? ??? ??? ?????? ??? ?? ??? ?? ?? ???? ??? ?? ??? ???? ????,M
How do I unblock myself on viber?,????? ??? ??? ?? ??? ???? ???? ???? ?? ?? ??? ????? ???? ?? ???? ???,M
Is there any free app to check your grammar in writing?,??? ?????? ??? ???? ???? ????? ???? ??? ?? ????,M
What is the gross salary if IDA mentioned is 16400?,??? IDA 16400 ?? ?? ?????? ?????? ?????? ?? ????? ??? ?????,M
Is there any background check for CA number of attempts?,CA ?????? ??? ?????? ?? ????? ?? ????????? ??? ???? ???? ????,M
What are the problems/solutions for organizing a concert?,????? ??????? ???? ??? ??? ????? ??? ?? ?? ???? ?? ??? ???? ????,M
What is the lifestyle of an UPSC aspirant?,??? UPSC ?? ????? ???? ????? ?? ?????? ????? ????? ?? ?????? ?? ???? ???? ?? ?? ???? ?????? ???,M
What is the DHP vaccine for dogs for? Is it necessary?,"???? ?? ??? DHP ?????? ?? ???????? ?? ????? ??? ??? ??? ?? ?????? ???? ????? ????? ???? ???",M
What is it like doing a PhD in a top university in Bangladesh?,????? ??? ?? ????? ????????? ??? ?? ??? ?? ???? ?? ?????? ????? ???? ????? ???? ???,M
"Drinking milk just before sleep, is good or bad if you want to reduce weight?",??? ?? ???? ??? ???? ?? ???? ???? ???? ???? ?? ?? ??????? ???? ???? ???,M
What are some ways to lose weight fast?,"??? ??? ??? ?? ????? ????? ??? ?? ???? ???? ???? ???? ????? ?? ??????",M
Where I can buy the best Household items online in India?,????? ??? ?????? ???? ?? ???? ???? ?? ??? ????? ???? ???? ??? ?? ????,M
What is your saddest moment?,?? ?? ????? ?? ?? ????? ???? ??? ?? ??? ?? ?? ??? ??? ???,M
I've read that movies like the Wizard of Oz and Alice in Wonderland are being used to program our brain. How do we get out?,??? ????? ???? ??? ????? ??? ?? ?? ?? ???? ?? ??? ??? ????? ?? ???? ????? ??? ?? ???? ????,M
"In India, what are the differences between ordinance, bill, law and act?","????? ??? ???????? ??? ??? ???? ??? ?????? ??? ??? ?? ???? ?? ?????? ??? ??? ???",M
Is Ayurveda a science?,??? ??????? ?? ?????? ????? ?? ????? ?? ?? ?? ??? ?? ????? ??? ???? ???,M
What are the best tools to create an interactive video?,????????? ????? ????? ?? ??? ??? ?? ???? ?? ?? ???? ??? ??? ???? ????,M
How can I stop giving a fuck about anything?,??? ????? ????? ?? ??? ?? ???? ?? ??? ???? ???? (boundaries) ???? ???????,M
"What are some good resources for learning C, C++, and C#?","C? C++ ??? C# ?????? ?? ??? ??? ???? ??? ??? ??? ?????? ???? ??? ????",M
Are there good MBA programs for digital marketing in Western Europe?,?????? ???? ??? ?????? ???????? ?? ???? ????? ???? ????? MBA ??????? ??? ?? ????,M
How do foreigners view your country?,??? ???? ?? ?? ??? ?? ???? ??? ???? ??? ??? ?? ?????? ??? ???? ???? ????,M
"For BITSAT & IIT JEE Mains 'theory', is NCERT sufficient?",BITSAT ??? JEE ??? ?? ???? ??? ?? ??? ??? ??? NCERT ???? ?? ?? ????? ?????? ??? ????? ????,M
How do you polish a wax sculpture?,??? ?? ????? ?? ??? ???? ?? ??? ??? ?? ??? ???? ????? ????? ????? ???? ???,M
Why is rhinovirus harmful? How can it be treated?,????? ????? ???? ???? ???? ?? ??? ?????? ???? ??? ?? ??? ?? ??? ???? ???,M
What if plants could feel pain?,??? ????? ??? ??? ?? ??????? ??? ?? ????? ????? ??? ?????? ??? ???? ??????,M
How do I solve (0.05246) ^(1/8) - 2.6055 by log?,????? ((0.05246)^{1/8}-2.6055) ?? ??? ?? ??? ?? ?? ???? ?? ?????? ????? ??? ?????,M
What are the best hill stations in North India?,????? ????? ??? ??? ?? ??? ?????? ????? ???? ?? ??? ????? ????? ???? ???? ????,M
What is the best way to compliment a girl about her looks?,????? ???? ??? ????? ??? ?? ????? ??? ?? ????? ????? ?????? ????? ???? ????,M
What are the top paid IT jobs?,??? ?? ??? ?? ??? ?? ?? ????? ?????? ?? ???? ??? ???? ???,M
How does body temperature rise when you have the flu?,??? ?? ????? ???? ???? ????? ??ó??????? ?????? ?? ??????? ?? ????,M
Why do lawyers have a preference to settle out of court instead of going to court?,"???? ????? ?? ???? ??????? ???? ????? ???? ???ó???? ???? ?? ?????",M
How do modern touchscreens work?,???? ?? ??????? ??? ??????? ????????? ??? ?? ???? ????? ???? ???,M
What is the chemical formula for sodium hydrogen sulfide? How is it determined?,????? ????????? ??????? ?? ??????? ???? ??? ??? ???? ?? ??? ?? ?? ????? ??? ???,M
What are they saying during the Israeli satellite launch?,???????? ??????? ???? ?? ????? ?????? ?????? ??? ??? ?? ??? ??? ???? ???? ???,M
How do I make friends as a teenager?,?????? ??? ???? ???? ????? ?? ??? ????? ?? ???? ?? ???????? ??? ???? ???? ???? ???,M
I have got band 6.0 in IELTS which colleges I will get there in Canada for MS in computer science?,IELTS 6.0 ?? ???? ?????? ??? ??? ??? ??????? ????? ?? ??? ?? ??????????? ?? ???? ???? ???? ????,M
Development Practice: Have you ever worked on a successful environment project in rural Latin America? What made it successful?,???? ?????? ?????? ??? ?????? ???????? ??????? ?? ??????? ?? ?? ????? ?? ????? ?? ???? ???,M
I am an Indian and want to marry a Pakistani girl. What should I do?,?????ñ??????? ???? ??? ???? ?? ??? ?????? ??? ???? ????? ??? ???? ????,M
Can an auto immune disease cause insomnia?,??? ??? ????? ???????? ??? ?? ????? ??? ??? ????? ????? ???? ???,M
What's the best adult toy for my Kegel muscles?,???? ????? ?? ?????? ?? ??? ??? ?? ?????? ???? ??? ????? ????? ????? ???? ???,M
What do girls talk about boys?,?????? ?????? ??? ????? ?? ???? ??? ?????? ?? ????? ?? ????? ???? ????,M
What is it like to study math at UCLA?,?? ?? ??? ?? ??? ????? ????? ?? ???? ??? ??? ?????? ????? ???? ???,M
Is it necessary to unlock bootloader before rooting Android phones?,??? ????????? ??? ????? ?? ???? ??? ???? ?? ??? ???? ????? ??? ???,M
What are some adjectives to describe flowers?,?????? ?? ????? ?? ??? ??? ?? ????? ????? ??? ??????? ???? ????,M
"Which is correct: ""my sister and I"" or ""me and my sister""?",??????? ??? ìmy sister and Iî ??? ìme and my sisterî ?? ???? ??????? ?? ?? ??? ???,M
Why I cannot use netsend commands?,??? ???? ????? ????? ??? ????? ?? ??? ??? ??? ?? ???? ??ó???? ??? ?? ???? ????,M
Was Michael Jackson bigger than Elvis?,??????? ??? ????? ?? ???? ?? ?????? ????? ?????? ?? ????? ?????? ???? ????? ???? ????,M
"SPOILER ALERT!!! In movie, ""The Departed"" why did Mark Wahlberg (Dignam) kill Matt Damon in the end?",??? The Departed ?? ?????? ?? ???? ?? ????? ?? ????? ??? ?????? ??? ??? ????? ???? ???,M
"What are the practical applications of fork(), vfork(), exec() and clone()?",????? ????? ??? fork/vfork/exec/clone ?? ??? ??????? ?? ????? ??? ????? ??? ???? ????,M
What are good questions for you to ask an interviewer?,??????? ?? ?????? ?? ??????? ?? ?? ?????? ?? ????? ?? ???? ??? ???? ????? ???? ???,M
How do I translate 'Á´üÁÑ∂' to English?,??? ë??í ?? ???? ??????? ????? ??? ???? ??ófearful awe ?? stunned?,M
Sleep Number: Can you use any bed frame with a Sleep Number bed?,??? ???? ???? ??? ??? ??? ????? ?? ????? ????? ????? ???? ???,M
Where can I buy best quality commercial innerspring sofa bed in Chatswood West?,???? ??? ???? ??? ????? ????????? ???? ??? ?????? ??? ?? ???? ?????? ???,M
You have given all statement as correct in UNCCD question in CSE prelim 2016. While many coachings have taken 2nd statement as wrong.?,CSE 2016 ?? UNCCD ???? ??? ????? ???? ?? ????? ?? ?????? ???? ????? ????,M
What's the fastest physical transformation an actor has undergone for a movie or TV role?,??? ?????? ?? ??? ???? ?????? ?????? ?? ?????? ???? ??? ?? ???? ???? ???,M
"Are there any Indian stores in Stony Brook, NY?","????? ????? ??????? ??? ?????? ?????? ?? ????? ?? ?????? ???? ???? ????",M
What is teabagging?,"""?? ?????"" ?????? ??? ??? ?? ?? ??? ?? ?????? ??????? ?? ??? ??????? ???? ???",M
Do people with anemia die younger?,??? ??? ?? ??? ???? ???? ??? ??? ?? ??? ?? ??? ????? ???,M
How do you get a micro SIM card out of an iPhone 4?,??? ??? 4 ?? ??????? ?? ?????? ?? ??? ??? ?? ??? ?? ??? ??????? ???? ???,M
What are the pros and cons of converting a pool to salt water?,????? ???? ?? ??? ??? ?????? ?? ????? ??? ????? ??? ????? ???? ????,M
"I want to start my clothes boutique in India, from where can I buy cheap wholesale clothes?",????? ??? ????? ?? ??? ??? ??????? ?? ???? ????? ???? ?? ???? ????,M
What is the best book ever written about the Detroit Pistons?,??????? ????? ?? ???? ??? ?? ?? ????? ?? ???? ???? ??? ?? ???,M
What is the greatest lie you've ever told to your parents?,??? ?? ?? ???? ?????? ?? ???? ???? ??? ?????? ?? ??? ??? ??? ???? ?????,M
Can I use Jio SIM in iPhone 5s?,??? ??? ?? ??? ??? 5s ?? VoLTE ?? ???? ???? ???,M
What is the entire process of becoming a certified ethical hacker?,??????? ???? ???? ?? ??? ??? ?? ??? ??? ?????? ????? ????? ????,M
Are government employees eligible to Sukanya Samrudi Yojana?,??? ?????? ??????? ??? ?????? ??????? ????? ??? ??? ?? ???? ????,M
Did they just make up that thing in 'Interstellar' that one has to look inside a black hole to combine general relativity with quantum mechanics?,??? ì?????????î ??? ???? ??? ?? ????? ????? ????? ?? ???? ??? ?? ??? ????? ?? ????,M
What is the best way to study 5 to 7 hours a day?,?????? 5 ?? 7 ????? ???? ?????? ?? ??? ??? ?? ????? ???? ???? ???,M
"I'm a big guy. When I get angry, people get scared and accuse me of threatening them. How do I stop this? I'm not actually a violent person.",??? ??? ???? ?? ???? ?? ?????? ???? ?? ???? ??? ????? ?? ???? ????? ??? ????,M
Human Physiology: What concentration of salt water will induce vomiting?,??? ?? ???? ?? ?? ????? ??? ?? ?? ?? ??? ???? ?? ????? ???? ???? ???,M
Which acoustic bass guitar is the best?,???? ????? ?????? ?? ???? ?? ?? ?? ??????? ??????? ??? ???? ??? ?? ???,M
How long did it take to rebuild Germany after WW2?,????? ???? ???? ?? ??? ????? ?? ????? ??? ??????? ???? ??? ????,M
How driver earns in ola cab services?,???? ??? ?? ??????? ?????? ?????? ???? ????? ???? ?? ???? ????,M
If the universe rewinds itself after it dies does that mean that I get to be reborn?,??? ?????? ?????? ???? ?? ?? ??? ??????? ??? ?? ????? ???? ??? ?????? ?? ???? ???,M
Where can someone buy a legit or fake social security card and SSN?,???? ???????? ???? ?? ???? ???? ??? ?????? ???? ???? ???? ???,M
Can shrimp consumption cause high blood pressure?,??? ?????? ????? ?? ??? ????? ????? ?? ???? ?????? ???? ???,M
Which is the best newspaper in India for quality news?,????? ??? ?????? ??????? ?? ???? ?? ?? ?? ????? ????? ??? ?? ????? ???? ???,M
What is it like being a lawyer?,???? ?? ??? ?? ??? ???? ?? ?? ?? ???? ???? ???? ??? ?? ???? ???,M
What is the difference between a turkey and a chicken?,???? ??? ???? ??? ?????? ??? ???? ?? ???? ?? ?????? ??? ??? ???,M
Why do people on death row get last meals?,????? ??? ???? ???? ?????? ?? ???? ????? ???? ?? ????? ???? ???? ???,M
How am I suppose to make a blog on Quora?,??? ????? ?? ???? ???? ????? ????? ?? ????? ???? ???,M
How can one earn money with a Facebook page?,??? ?? ??? ?? ????? ?? ????? ????? ??? ?? ????,M
"Why is my hamster shaking, itching, gagging, and sleeping a lot?",??? ?????? ??? ??? ?????? ??? ????? ??? ?? ?? ?? ?????? ?? ????? ?? ???? ???,M
What is the Best point and shoot camera under 7k INR?,7000 ???? ?? ?? ??? ?? ?? ???? ?????? ???? ??? ????? ??? ?? ???,M
How do I reset a Gmail password without a phone number?,??? ???? ?? ???? ?? ??? ??? ??? ???? ???? ?? ?????? ????? ??? ???,M
"I have just been given the title of salutatorian, and need to run a speech by my principals today. What is an original idea I can use?",?????? ???? ?? ??? ???? ????? ???? ????? ????? ???? ??? ?????,M
What is the fastest way of speaking with a German accent?,???? ???? ??? ????? ?? ??? ?? ??? ??? ?? ????? ??? ??? ???? ???,M
What kind of animal did this?,?? ?????? ?? ????? ?? ???? ?? ?????? ????? ????,M
How much money does UFC pay Joe Rogan as salary? Does he get any other non-monetary perks from the UFC?,?? ???? ?? UFC ?? ?????? ??? ?????? ?? ???? ??? ??? ?????? ????,M
What are some good songs to lyric prank your crush?,??? ?? ???? ?????? ì???? ?????î ?? ??? ??? ?? ???? ????? ???? ????,M
What is your review of Beyond the Hills (2012 movie)?,??? Beyond the Hills (2012) ?? ?????? ?? ?? ???? ?? ??????,M
What is the difference between tablets and pills?,??? ??? ????? ??? ?? ?? ????? ?? ??? ???? ?? ????? ??? ??? ??? ???? ???,M
Should I do a diploma in a community college of Canada or a masters from a university of Canada?,?????? ??? ?????? ?? ????? ?????? ???? ?? ????? ??? ??????? ??? ????,M
"If Trump is elected president, what are the chances of him becoming a de facto dictator?",???? ?? ?????? ????? ???? ?? ?????? ???? ????? ?? ???? ???? ????? ??????? ????,M
Can business class and economy class passengers temporarily swap seats during the flight?,??? ????? ?? ????? ???? ??? ??????? ???? ?? ????? ????? ??? ?? ?????? ??? ???? ????,M
Do other cars taunt you while you are driving in public?,??? ?? ???????? ?? ????? ????? ???????? ?? ?????? ?????? ?? ???? ???? ?????,M
What is the scope of public health in Germany?,????? ??? ???? ????? ???????? ?? ??? ?????? ?? ????? ???? ????,M
I own a personal website/blog. If I get decent traffic I want to make few bucks via ads. Does the law allow me to do this while being on H1B visa?,H1B ???? ?? ???? ?? ??????? ????? ???? ?????? ??? ?? ???? ???,M
"What are some examples of sentences using the word ""acceptance""?","??? ""Acceptance"" ?? ??? ???? ????? ??? ??????? ?? ?????? ??? ????",M
What is the significance of India's Green Train Corridor project?,????? ?? ???? ???? ??????? ?????? ?? ????????? ????? ??? ????? ????,M
What is tapioca pudding made of?,??????? ???? ??? ??? ??? ?? ???? ?? ???? ??? ???? ???,M
How can I have a body shape?,??? ?? ?????? ????? ?? ??? ??????? ?????? ??? ?? ???? ????,M
What are my chances for getting into an ivy league (or MIT)?,????? ??? ?? MIT ??? ????? ?? ??? GPA ?? ????? ??? ?? ????? ??? ???? ????,M
"Where does the water from the Great Lakes come from, and how does these lakes wildlife compare to Lake Prespa?",???? ???? ?? ???? ?? ?????? ???? ??? ?? ??? ?? ?? ??????? ??? ?????? ?? ?? ??? ????? ???,M
What are the best Bible verses to use in wedding ceremonies?,???? ?? ??????? ??? ??? ??? ?? ???? ???? ???? ????? ?? ???? ??? ?? ????,M
How are motion graphics made?,???? ?????? ?? ????? ??? ???????? ??? ????? ??????? ?? ????? ???? ???? ???? ???,M
What are the all-time best complete love story movies in Telugu (Tollywood)?,???? ??? ??????? ?? ??? ?? ???? ?? ???? ????? ????? ?????? ????,M
What are the most valuable tips you can give a new brand creating their Facebook profile that you wish someone would have told you?,??? ????? ??? ?? ??????? ????? ??? ?? ????? ?? ???? ???? ???? ??? ???? ???? ????,M
How do Toto toilets compare to Kohler toilets?,???? ??? ????? ??????? ??? ????? ?? ??????? ?? ?????? ??? ??? ???,M
What are the biggest culture shocks people face when coming to Taiwan?,??????? ?????? ?? ??? ?????? ?? ?? ?????? ????? ?? ?? ?? ????? ???? ???? ???,M
Where can I get the soundtrack of Steve Jobs movie?,??? Steve Jobs ?? ???? ????? ???? ???? ?????? ???,M
Why is lithostatic pressure gradient greater than fracture pressure gradient?,????? ?????? ????? ??????? ?????? ????? ?? ????? ???? ???? ???,M
"How did Man Bai, Jahangir's wife die?",??????? ?? ???? ??? ???? ?? ??? ?? ????? ??? ???? ????,M
How many police officers were fired in the USA in 2016?,2016 ??? ?????? ??? ???? ????? ???????? ?? ????? ??? ??? ????,M
Has an amazing coincidence ever happened to you?,??? ?? ?? ????? ??? ???? ???? ????? ??? ?? ?? ?? ?? ????? ?? ????,M
Should one address a Thai professor by his first name or his last name?,????? ???? ??? ??????? ?? ???? ??? ?? ?????? ????? ????? ???? ?? ?? ??????? ??? ???,M
Who are you a role model for?,?? ?? ???? ??? ?? ?? ????? ?? ????? ?? ??? ???? ?? ???? ???,M
What is the difference between sincerity and fairness?,????? ??? ????? ????? ??? ?????? ?????? ?? ??? ??? ???,M
What is a natural remedy for hair?,????? ?? ????? ????? ?? ??? ??? ?? ????? ???? ?? ?? ????? ???? ????,M
What does it mean to hike up your skirt?,"""????? ???? ????"" ?????? ?? ????? ?? ??????? ???? ???",M
What are some great side dishes for a minestrone soup?,???????? ??? ?? ???? ??? ???? ?? ??? ??? ?? ???? ????? ??? ????? ????,M
Is it possible to build an Android app using eclipse software?,??? ?? ??? Eclipse ??? ????????? ???? ???? ?? ?? ???? ????,M
"How can I earn 15,000 rupees per month?",?? ???? ?? ???? ???? ??? ?? 15 ???? ???? ?????? ????? ?? ??? ????? ????,M
Why are major Indian TV channels absent in northeast?,???? ????? ????? ??? ????? ?? ?? ????? ?? ????? ?? ???? ???,M
What's it like to snort dmt?,DMT ??????? ???? ?? ???? ?? ?????? ????? ???? ???? ??? ???? ????,M
I want to do a PMP. Which institute in Hyderabad is good for PMP training?,???????? ??? PMP ????????? ?? ??? ?? ?? ????? ????????? ??? ?? ???,M
How do I lose belly fat without doing exercise?,???? ???? ?? ??? ?? ???? ?? ???? ?? ???? ????? ??? ?? ???? ????,M
Can I replace the CPU in my laptop?,??? ??? ??? ??? CPU ?? ?????? ?? ????? ???? ???? ???,M
"If one set of identical twins each have a child with another set of identical twins, is it possible that both kids could be identical?",??? ????? ??? ????? ????? ????? ?? ???? ???? ?? ?? ?? ??? ??????? ??? ?? ???? ???? ???? ??? ???,M
Will a Prega News pregnancy test show accurate results 7 days after having sex?,??? ????? ???? ???? ??? ?? ??? ???? ????? ?????? ?? ?? ????? ?????? ????? ???,M
What are the best books for UGC NET commerce?,UGC NET (Commerce) ?? ????? ?? ??? ??? ?? ?????? ????? ???? ???? ???? ????,M
Which cellular carrier in the world has the shortest period of time for the user to keep their old phone number if they return for device refund?,???? ??? ??? ?? ??? ??? ?? ?? ??? ???? ?? ?????? ???? ???,M
What gimbal and camera combination is best for live streaming on my drone?,???? ?? ????? ?????? ?? ??? ??? ?? ???? ??? ????? ??? ?? ???? ???? ???,M
How is packaged coconut water made?,??? ??? ????? ???? ?? ????? ???? ?? ??? ??? ?? ???????? ??????? ???? ???,M
What do you need to produce tea?,???? ?? ????? ?? ??? ??? ?? ???? ??? ??? ????? ???? ????,M
What is pulsating magnetic fields?,"????? ???????? ????? ?? ""??????? ????"" ?? ??? ???? ???",M
How do I extend my WiFi signal to another building 400 feet away?,400 ?? ??? ????? ?? ???? ???? ???? ?????? ?? ?? ?? ???? ????? ??? ???,M
"What's the difference between a finance manager, a finance controller, an accounting manager, and a commercial finance manager?","??????? ??????? ??????? ??? ???????? ?????? ?? ????? ??? ??? ??? ???? ??? ???",M
Do Koreans regret abandoning Hanja?,??? ????? ?????? ???? ???? (Hanja) ?????? ?? ???? ????? ???? ???? ???,M
How do I register a porn production company legally?,???? ???? ?? ??????? ????? ????? ????? ?? ??? ?????? ????? ??? ????,M
Did you ever stay in the house for over a week? didnít go outside?,??? ?? ?? ???? ???? ??? ????? ?? ??? ???? ?? ??? ?? ???? ???? ?????,M
What is a company to invest in Vietnam?,?????? ??? ?????? ???? ?? ??? ??? ?? ??????? ?? ?????? ??? ?? ???? ???,M
Why does Arvind Kejriwal get so much hate?,????? ???????? ?? ????? ????? ?? ?? ?? ??? ?????? ??? ????,M
"In superstition, what is the meaning of an itchy nose?",???? ????? ??? ??? ??? ???? ?? ???? ??? ????? ???? ???,M
What does it mean to be average?,ì???? ???? ?? ????î ????? ???? ?? ?? ??? ?? ????? ???,M
Where can I buy meldonium in Canada?,?????? ??? ???????? ?????? ?? ??? ?? ???????? ?? ????? ???,M
Would you use a personal chef or a robot chef?,??? ???? ??? ?? ??? ?? ????? ??? ?? ????? ??? ?? ?? ???? ?????? ???,M
How do I have sex with girls?,?????? ???? ?? ???? ??????? ??? ???? ???? ???? ???? ????? ???,M
Why is contract law important?,???????? ????? ???????? ???? ?? ??? ?? ?? ?? ?????? ????? ????? ???,M
What are the best pay per install (PPI) services for app downloads?,??? ???? ??? ?? ??? ?????? PPI ???? ????? ??? ?? ???? ???? ????,M
Ejaculate in mouth?,??? ??? ?? ????? ??? ?? ????? ?? ??? ??? ???? ?? ????? ???? ???,M
Is senior residency at Hindu Rao Hospital teaching experience?,??? ???? ??? ?????? ??? ????? ???????? ?????? ????? ??? ???? ???? ???,M
"If there is a real gender pay gap, why do firms hire men at all?",??? ????? ???? ???? ??? ?? ?? ??????? ????? ?? ???? ????? ???? ????,M
What are natural numbers?,????? ????? ?? ???? ???? ???? ??? ???? ?? ???? ???? ???,M
How did the Utah Teapot get so popular in computer graphics literature?,???? ?? ??? ??????? ?????? ??? ????? ???? ???? ?? ????,M
What diet schedule should I follow to lose 10 kg weight in 2 months?,?? ??? ??? 10 ??? ??? ?? ???? ?? ??? ?????? ??? ?? ???? ???? ???? ??????,M
What are the best songs to lyric prank a girl friend?,"??? ????? ?? ???? ???? ????? ""???? ?????"" ?? ??? ??? ?? ???? ???? ???? ????",M
Indian Ethnicity and People: Why would anyone want to leave the comforts of Sydney and return to India?,???? ??? ???????? ???? ??????? ???? ?? ????? ???? ??? ?? ????? ???? ???? ???,M
"Which is the best mobile, Windows or Android?",????? ??? ????????? ?????? ??? ???????? ?? ???? ?? ??? ??? ???? ??? ???,M
How can I develop application using C++?,C++ ?? ???? ??? ?? ?????? ??? ????? ?? ??? ??? ?? ???? ??? ???? ???,M
Are ductile metals also malleable?,??? ???? ?????? ?????? ??? ????? ?? ???? ??? ???? ????,M
Is there any way to detect a surveillance camera/hidden camera without using any hi-tech devices?,???? ???? ???? ?? ???? ?????? ?? ????? ?? ???? ????? ??? ????,M
"Are there any over-the-counter bronchodilators? If so, which is the best?",???? ???? ?? ?????? ??????? ???????? ??? ?? ?? ????? ??? ?? ????? ???? ???,M
What is the best online test series for IAS exams?,IAS ???????? ?? ??? ?? ?? ????? ?? ???? ???? ????? ??? ?? ???? ???? ???,M
"If an Amazon Prime Air drone was shot down by a pistol, rifle, or shotgun and dropped my delivery, would Amazon replace it?",??? ??????? ???? ????? ??? ???? ?? ???? ?? ??? ????? ??? ????? ????? ???? ???,M
How to cancel all friend request pending on Facebook?,??? ?? ?? ???? ????? ???????? ??? ???? ??? ???? ?? ???? ??? ????? ???,M
How distinct is Android and iOS memory management?,????????? ??? ??? ?? ??? ??? ?????? ??????? ?? ???? ???? ????? ????,M
What keeps you up at night?,??? ?? ???? ????? ?? ????? ???? ?? ????? ???? ????,M
Which is a tougher entrance exam: the GATE or the IES?,GATE ??? IES ??? ???? ???? ???? ?? ???? ?? ??? ?? ?????? ????? ??????? ???,M
Are there any start up companies in Mysore?,????? ??? ?????? ???? ?????? ??? ?? ????? ??? ??? ?? ??? ????,M
Is it safe to lose 25 pounds in 1 month?,??? ??? ??? 25 ????? ??? ?? ???? ??? ?? ??? ?????? ?? ?????,M
Are book collectors possessive about their books? What would they generally do if someone asks to borrow one?,?????? ?? ????? ??? ???? ?????? ????? ???? ?? ???? ??????? ????,M
Why don't buffalo and the like evolve to band together against lions and cheetahs instead of run away?,??? ????? ??????? ?? ?????? ?? ????? ???? ??? ?? ???? ???? ???? ?????,M
Can I register a car that failed inspection?,????? ?????? ???? ???? ?? ???????? ?? ???? ??? ???? ???,M
"What are the differences between game development, game design and game programming?","??? ????????? ???????? ??? ????????? ??? ?????? ??? ???? ?? ??? ???",M
Why is my female friend suddenly ignoring me?,??? ???? ?? ????? ??? ????? ???? ?? ?????? ?? ????? ?? ???? ???,M
What is ìproduct strategyî?,ì?????? ????????î ?? ???? ????? ?? ?????? ???????? ?????? ???? ?? ?? ??? ???????,M
Is it possible to solve this mathematical problem?,??? ??? ??? ????? ???? ????? ??? ?? ?? ??? ?? ???? ?? ?? ???? ?? ???? ???,M
If I block someone on Snapchat will they still see the last message I sent?,??? ???? ???? ?? ??? ????? ????? ?? ??? ????? ?? ?????? ???? ???,M
Gillian Anderson: Why do you and David beat around the bush arenít u a little old for this shit?,????? ??????? ??? ???? ?? ?? ?????? ????? ?? ??? ???? ???? ????? ????,M
What is the best Call Of Duty?,Call of Duty ????? ??? ?? ?? ????? ???? ??? ???? ???? ??? ??? ?? ???,M
What is the effect of hypodensity of white matter in parietal lobe of brain?,???? ?? parietal lobe ??? white matter ?? hypodensity ?? ????? ?? ??????? ???? ???,M
Does the T.V. show Homeland feel Islamophobic?,??? ?? ?? ?? Homeland ??? ???? ??????? ?? ????? ??? ?????? ??? ???,M
I lost my original charger of the OnePlus One. Can I charge my phone with any charger without getting my phone's battery affected?,??? ??? ????? ?? ?? ??? ??? ???? ???? ?? ????? ?? ??? ???? ???,M
What are ways to deal with oversee produce security and assurance of android application?,????????? ???? ??? ???????? ??? ???? ???????? ???? ???? ?? ???? ????? ??? ????,M
A title for my continuation to The Gift of the Magi?,"""Gift of the Magi"" ?? ?????? ?? ??? ????? ????? ??? ?? ???? ???",M
How can you determine the Lewis structure for PCL5?,PCl? ?? ???? ??????? ????? ?? ?????? ???? ??? ????,M
Which is the best mutual fund SIP to invest for good returns?,???? ???? ??? ???? ????? ?? ??? ??? ?? SIP ?????? ??? ???? ???,M
Is knee pain in a 20 year old girl normal?,??? ??? ?? ??? ??? ????? ?? ??? ??? ?? ?? ??? ????? ?? ??????? ???? ???,M
Is it fraud if I become a beggar even though I am rich?,??? ???? ??? ???? ????? ?? ??? ?? ?????? ????? ??? ?????? ???,M
What will happen if I cancel TQWL tickets before the charting is done?,TQWL ??? ???? ???? ?? ???? ????? ???? ?? ??? ???? ???? ???? ???,M
Do you believe imperialism left a positive or negative legacy in the Indian subcontinent and in Africa?,???????? ?? ?????? ??? ?????? ?? ????? ???? ??? ????? ?? ???????,M
Why do male porn stars masturbate to ejaculate?,??? ?????? ????? ?? ??? ????? ???? ???? ????,M
Should I find a new piano teacher to replace my current one?,??? ????? ????? ?? ?????? ?????? ?? ????? ???? ?? ???? ???,M
How is the word 'anachronism' used in sentences?,??? ìanachronismî ?? ????? ??? ????? ??? ?? ??????? ???? ???,M
"If I have an app on my Android smartphone that works offline and I turn only the GPS on (mobile data being turned off), does it consume any data?",GPS ?? ????? ?? ??? ?? ???? ??? ???? ??????? ???? ???,M
Where can I get a list of Australian family offices?,???????? ??? ???? ????? ???? ?? ????? ???? ?????? ???? ???,M
Why did Infosys reject a mass number of candidates from the 2014 passed out batches?,2014 ?? ??? ??? Infosys ?? ???? ?? ??? ?????? ?? ?????? ?? ??? ??? ????,M
"If there's no sound in space, how was the sound of two black holes colliding recorded?",??? ??? ???? ?? ???? ?? ?????? ???? ???? ?? ????? ?? ????? ???? ????? ??????,M
Why can't I stop watching porn?,???? ?????? ?? ???? ?? ????? ???? ???? ???? ???? ???,M
Crying: When was the last time you had tears of joy?,?? ?? ???? ??? ???? ?? ???? ?? ????? ????,M
Is it fair that Pakistani players play in the IPL?,??? ???????? ?????? ?? IPL ??? ??? ???? ?????? ????? ???? ???,M
What causes so much pain with lung cancer?,???????? ?? ????? ??? ??? ?? ??? ?? ????? ?? ????? ???,M
What is it like to drive in New York City?,??????? ?? ????? ??? ???? ????? ?? ????? ???? ???? ???? ???,M
On what online platforms can I post ads for beer money opportunity?,???? ??? ?? ????? ????? ?? ???????? ???? ???? ?? ??? ??? ?? ????? ????? ????,M
How do I impress my boss as a contractor?,??????? ????? ???? ??? ?? ???? ???? ????? ?? ??? ??? ??????? ????,M
Where can I find the multiple-choice questions and answers for the past AP Biology tests from 2013 onwards?,2013 ?? ??? ?? AP ???????? ????? ?????? ??? ?????? ???? ?? ?? ???? ????,M
What is client?,ì??????î ??? ??????? ??? ????? ??? ??????? ?? ???? ?? ??? ???? ????? ???,M
What should I do if I don't know what to feel or think?,?? ????? ?? ?????? ???? ?? ???? ?? ??? ?? ?????? ????? ?? ???? ??? ??? ???? ??????,M
What does ^OG mean on Twitter?,????? ?? ì^OGî ?? ???? ??? ??? ?? ?? ??? ?? ????? ???? ???,M
Can you work in Canada if you have U.S. green card?,?????? ???? ???? ????? ???? ??? ?????? ??? ?????? ??? ?? ??? ?? ???? ???,M
What is the significance of the pink teddy bear in Breaking Bad?,Breaking Bad ??? ????? ???? ???? ?? ?????? ???? ??? ????,M
What is your review of No Such Thing (2001 movie)?,??? No Such Thing (2001) ?? ?????? ?? ?? ??? ??? ?? ?? ???? ??????,M
What is the main reason for all the problems in India?,????? ?? ????? ?? ????? ?? ?? ????? ?? ?? ??????,M
What are the sins of Modi?,???? ?? ???? ???? ??? ????? ?? ?????? ??????? ??? ?? ????,M
How is the life in Qatar for Indians?,??? ??? ?????? ?????? ?? ??? ?????? ??? ????? ?? ????? ???? ????,M
What is ethical dilemma?,ì??????? ???????î ?? ?????? ?? ?????? ????? ???? ??? ??? ???? ???,M
What color does mixing green and blue make?,??? ??? ???? ??? ????? ?? ??? ?? ??? ??? ???? ???? ???,M
What is the purpose of using ADC in electronics devices and gadgets?,?????????? ??? ADC ?? ??????? ?? ?????? (analog ?? digital) ?? ??? ???? ???,M
"If a Canadian gets a tattoo in America, do they have to declare the cost when returning to Canada?",??? ????? ??? ???? ?????? ?? ????? ?? ???? ???? ?? ?????????? ????? ???? ???,M
Which is the largest zone of Indian railway?,?????? ????? ?? ?? ?? ??? ??? ???? ?? ????? ?? ???? ?? ??? ?? ???,M
During musical concerts (orchestra)... Does he actually have any role or is just like a leader for representation purposes?,??????? ??? ???? ????? ???? ?????? ?? ??? ??? ????????? ?? ??? ??? ????? ???? ???,M
Why is the government taking defence steps as political propaganda?,????? ?? ????? ??????? ?? ????? ??? ?? ??? ???? ????? ???? ???,M
What's it like dating a gangster?,??? ??????? ?? ???? ????? ???? ??? ?? ???? ????? ???? ????? ???? ???,M
What's the typical daily schedule in the international space station?,????????? ????? ?????? ?? ???????? ?? ?????? ????? ?? ??? ????? ???? ???,M
How can I learn things in my sleep?,???? ?? ????? ?????? ?? ??? ????? ?? ????? ????? ???? ????,M
What happened to the Nazis after WWII ended?,????? ???? ???? ?? ??? ???? ??????? ?? ???? ??? ?????? ?????????? ??????,M
How is the magnifying power of the microscope calculated?,??????? ?? ?????? ?? ???? ?? ???? ?? ??????? ?? ????? ???? ???,M
How difficult is it get into RSI?,RSI ??????? ??? ????? ???? ???? ???? ??????? ???? ???,M
Who to download GTA San Andreas without net?,??? GTA San Andreas ?? ???? ?????? ???? ?? ???? ????? ????? ???,M
How can I grow taller at 17?,17 ??? ?? ??? ?? ??? ?????? ?????? ?? ????? ????? ???? ???? ????,M
What does unrooted mean?,ìUnrootedî ?? ???? ?????? ???? ??? ??? ??? ???? ???,M
What is your wildest honeymoon experience?,?? ?? ?? ?? ?????? ?? ?????? ??? ??? ????? ??? ????,M
What is the best computer chess program to help improve your chess abilities?,????? ?????? ?? ??? ?? ?? ???? ??????? ??????? ??? ?? ???,M
What are some good rap songs to dance to?,??? ?? ??? ???? ???? ?? ??? ??? ??? ??? ???? ???? ?? ???? ????,M
I have done MBA in marketing... Can I go for another MBA in HR?,??? ??? ?? ???????? ??? ??? ?? ?? ??? ?? ?? ??? HR ??? ????? MBA ????? ?? ???? ???,M
What will most likely cause World War III?,????? ????? ??? ?? ??????? ?? ????? ????? ?? ??? ????? ???? ????,M
What is the best music to listen to while writing academic papers or a thesis?,????? ????? ??? ?????? ?? ??? ??? ?? ?????? ?????? ???? ???? ???,M
"Why is Azula from ""Avatar: The Last Airbender"" so evil?",Avatar ??? ????? ?? ????? ?? ???? ?????? ?? ???????? ??? ??? ????,M
"If I ejaculate within a minute while masturbating, does this mean I will have a premature ejaculation during sex?",??? ??? ??? ??? ??? ????? ???? ????? ???? ??? ??? ?? ??? ????? ?? ????? ???,M
How does Ashton Kutcher feel about being called the sexiest man alive?,????? ???? ?? ì???????? ??? ??????î ?????? ???? ?? ??? ?????? ??? ????,M
I need a Biology IA topic... can I have a topic and not tips?,???????? IA ?? ??? ???? ????? ???? ????? ????? ????? ??? ?? ???? ???,M
"At 40 years old, am I too old to target government/municipal jobs that provide pension and would allow me to retire at age 62 or earlier?",40 ??? ?? ??? ??? ?????? ????? ?? ??? ?????? ???? ?? ??? ????? ??????? ???,M
Will it help CIBIL score if I pay off my written-off amount?,???? ????? ??? ?? ??????? ?? ??? CIBIL ????? ???? ???? ???,M
Is mercy killing right or wrong?,?????? ??? ?? ?????????? ?????? ??? ?? ???? ??? ?? ?? ?????,M
Are there any differences between East Asia's perception of beauty compared to Southeast Asia's?,????? ??? ???? ????? ????? ??? ???????? ?? ????? ?? ??? ????? ????,M
What is the logic of some expats moving to India if they don't like Indians?,??? ??? ?? ?????? ????? ???? ???? ?? ?? ????? ????? ???? ???? ???,M
"What is the responsibilities (works) of airplane pilot, co pilot, 1st officer and other cockpit crew members?","???? ?? ?????? ?? ????? ??? ???? ????? ?? ??? ??? ????? ??? ????",M
What are symptoms of autism in kids?,???? ??? ???? ?? ??????? ?????? ??? ?? ????? ???? ????,M
Have people actually found dates on Coffee Meets Bagel?,Coffee Meets Bagel ??? ?? ????? ???????? ???? ?????? ???? ???? ????,M
What should I do to reduce RAM usage in windows 7?,????? 7 ??? ??? ????? RAM ??????? ?? ???? ?? ??? ??? ?? ?????? ??? ???? ????,M
What is the Radha Vallabha Tradition of Harivamsa?,??? ??? ?? ????? ???? ????? ??? ????? ?? ???? ??? ?? ????? ???,M
What is your favorite sport to play and why?,?? ?? ?????? ?? ??? ?? ?? ??????? ???? ??? ?? ???? ?? ??? ?????,M
What are the concepts you learned from SICP?,SICP ?? ?? ?? ????????? ?? ??? ?? ?????? ?????? ??????,M
Which car services are available in Nashville? How good are they compared to taxis and relative to each other?,?????? ??? ????? ??? ????? ??????? ?? ?????? ??? ???? ????,M
Which Pakistani movies deserve to win an Oscar?,??? ?? ???????? ????? ????? ??????? ?? ????? ?? ???? ????? ????,M
What are the best sites to learn how to code for free?,??? ??? ????? ?????? ?? ??? ?? ?? ????? ??? ????? ??? ?? ????,M
"Who said ""man is a political animal""?","""????? ??? ????? ????? ??"" ?? ??? ?? ????? ?? ????? ???",M
What is the probability of an event certain to occur?,??? ????? ????? ?? ???? ?? ?????? ????? ??? ???? ???? ???? ???,M
What is it like to be a mentor to high school students?,???? ????? ???? ?? ??????? ???? ???? ????? ???? ???,M
Should India buy some lands from Nepal in order to widen Siliguri Corridor to get easy access to northeast India?,??? ??????? ??????? ???? ???? ?? ??? ????? ?? ????? ?? ???? ?????? ??????,M
My maths have become extremely weak and I am in class 12th. How can I improve my maths so that I can clear my JEE exams next year?,??????? ????? ??? ????? ????? ?? JEE ?????? ?? ???? ????? ?? ???? ????? ??? ????,M
Why does Steve Wozniak support Cadillac?,????? ??????? ?? ??????? ?????? ?? ??????? ?? ??? ??? ???,M
What are the best ways to learn French?,???????? ???? ?????? ?? ??? ??? ???? ????? ??? ?? ????,M
What revenue do I need to raise in order to sell my company for 1 million dollars?,??? ???? ???? ??? ????? ????? ???? ?? ??? ?????? ?????? ???? ???? ??????,M
Will I gain weight by eating chappathi (roti)? I am a 34 year old ectomorph.,"??? ???? ????? ?? ??? ??? ????? ???? ??? ??? ??? ?? ????? ??? ????? ????",M
Is the New York Times failing as per Trump?,??? ???? ?? ?????? ?? ????? ??????? ????? ?? ??????? ????? ?? ?? ??? ???,M
What are the best universities to pursue masters in finance in the UAE?,????? ??? ?????? ??? ????? ??? ?????? ?? ??? ?????? ??????????? ??? ?? ????,M
Irrespective of cost which parker fountain pen is the best in looks and writing?,???? ?? ??? ??? ?? ?? ?????? ??? ????? ????? ???? ????? ??? ??? ?? ???,M
Nothing excites me anymore. How do I regain that excitement?,????? ??? ?????? ???? ???? ?? ??? ??? ?? ???? ????? ??? ?? ???? ????,M
What does the symbol ¬• mean?,????? ì•î ?? ????? ?? ???????? ???? ???,M
I have small pimple inside right testicle on upper side... can I cure without any medical treatment urologist?,???? ?? ????? ???? ???? ?? ???? ??? ??? ?????? ???? ???? ?? ???? ???,M
Why does Erik Stolhanske have a prosthetic leg?,???? ??????????? ?? ?????? ???? ???? ???????,M
How much do Olympic gold medalists earn?,?????? ???? ?????? ???????? ?? ?????? ??? ???? ???? ???,M
"What are some video games that center, or have a heavy emphasis, on economics?",?? ????? ???? ??? ?? ??? ?? ??? ????? ?? ??????? ????? ????? ???? ???,M
What are some similes for death?,??? ?? ??? ??? ??? ??????? ???? ???? ????? ??????? ??? ????,M
Do Thai restaurants reuse their pineapple bowls (pineapple fried rice)?,??? ????? ????????? ?????? ?? ???? ?????? ??????? ???? ????,M
What are the best compilation videos on YouTube?,?????? ?? ?? ?? ????? ????????? ?????? ?? ????? ?? ???? ????,M
How do I see people I unfollow on Instagram?,????????? ?? ?? ???? ??? ??? ??????? ?? ????? ???? ????? ?? ???? ???,M
Will TCS terminate in training period?,??? TCS ??? ?????? ?? ????? ?????? ??? ???? ?? ??????? ???? ????,M
What does it feel like to be a janitor?,????? ?? ???? ??? ??? ???? ?? ???? ????? ???? ???? ???,M
How can I install OBB/data file on an Android?,????????? ???? ??? OBB ?? ???? ????? ???? ??? ?? ???? ????? ???? ????,M
When is Ballon d'or 2017?,???? ?? ??? 2017 ?????? ?? ????? ?? ????? ??? ????,M
Do air hostesses sleep with the cabin crew to gain favour?,??? ???? ?????? ?? ???? ??? ?? ??? ?? ??????? ????? ?? ???? ????,M
Who are some well-known Quora users who have become disillusioned with the platform?,??? ?? ????? ????? ?????? ??? ?? ???? ???? ???? ?? ???? ?????,M
How intelligent is the Night King?,Game of Thrones ??? ???? ??? ?? ????? ?? ??? ?? ?????? ??? ???,M
How do you install Plex on Apple TV 2?,???? ?? ?? 2 ?? ????? ?????? ???? ?? ????? ??? ????,M
How long does it take to renew an Indian passport in India?,????? ??? ??????? ?? ??? ????? ?? ???? ??? ???? ???? ???,M
Why do I always get depressed?,??? ??? ????? ?? ?????? ?? ?????? ??? ?? ???? ????,M
Which CRM do you prefer for your business?,??????? ??? ?? ?? ???? CRM ???? ?? ??? ?? ?? ?? ?? ????? ???? ????,M
What are the qualifications for being an FBI or CIA agent?,FBI ?? CIA ??? ???? ???? ?? ??? ?????? ??? ?????? ????? ??? ????? ???,M
What are some unnoticed or less-known facts about Harry Potter series?,???? ???? ????? ?? ?? ?? ????? ????? ??? ?? ??? ?? ?? ?????? ?? ?? ???? ???,M
How do you do SEO for Bing?,Bing ??? ???? ?? ??? SEO ?? ????? ???? ???? ?? ???? ????? ???,M
What is the maximum number of times you can fold a piece of paper?,???? ?? ????? ?? ????? ???? ??? ??? ??? ?? ???? ???,M
What are some of the funniest Android error messages you have ever seen?,????????? ?? ?? ?? ????? ?? ?????? ???? ????? ??? ?? ??? ?? ?? ?? ??????,M
How has the concepts of democracy or ideas of democracy changed over time?,??? ?? ???? ??????? ?? ????? ??? ?? ?? ??? ???? ?????? ??? ??? ???,M
"Trump supporters, how do you feel about the way he's walking back his promises?",???? ?? ???? ?? ?? ?? ????? ?? ????? ???? ?? ??? ??? ????? ????,M
What is the difference between special crime investigation and criminal investigation?,?????? ????? ??????? ???? ??? ??? ????? ??????? ???? ??? ??? ??? ???,M
I trust people very quickly and as a result always have been betrayed. What do I do not to trust people and still hold the relation simple?,??? ?????? ???? ?? ???? ?? ???? ?? ?? ?????? ?? ???? ????? ?? ???? ????? ??? ???,M
Why should I learn foreign languages?,??? ???? ???? ?????? ?? ???? ??? ???? ????? ????? ??? ????,M
Hooks concept in codeigniter with simple examples?,CodeIgniter ??? Hooks ?? ??????? ???? ???? ?? ???? ???? ????? ?? ???? ???,M
Can Congress stop Presidents from starting a major war?,?????? ??????? ??? ?? ???? ????? ?? ?? ?? ?? ??? ???? ???,M
Method to find separation of slits using Fresnel biprism?,Fresnel biprism ?? slit separation ????? ???? ?? ??????? ??? ???,M
When are the roads most slippery during rain?,???? ?? ????? ????? ?? ?? ????? ????? ?? ???? ???? ????,M
Will earth's crust ever cool down?,??? ???? ?? ?????? ??? ?????? ??? ???? ??? ?? ????? ?? ???? ???,M
Which is the best phone to buy under rupees 14000?,14000 ???? ?? ?? ??? ??? ?? ?? ???? ????? ???? ??? ??? ?? ???,M
What is the best way to learn Data structures and algorithms from scratch?,???? ??????? ??? ????????? ????? ????? ?? ?????? ?? ???? ????? ??? ???,M
How do you make chicken broth using bouillon cubes?,?????? ????? ?? ??? ???? ????? ?? ???? ????? ??? ???,M
Why am I afraid to be myself?,???? ??? ????? ?????? ?? ???? ?? ??????? ??? ??? ?? ???? ???,M
How does milaanj.com make money?,milaanj.com ???? ????? ?? ?????? ????? ?? ???? ?? ???? ???? ???,M
"How much cement, sand and coarse aggregate are required for 1 cubic meter of cement concrete work?","??? ???? ???? ?????? ?? ??? ?????? ??? ??? ???? ?? ????? ??? ???? ???",M
What are the best marketing strategies for small cafes or restaurants?,????? ???? ?? ???????? ???? ???????? ???? ????? ?? ??? ??? ????? ?????? ???? ???? ????,M
"How has Manish Sisodia performed as Delhi's Education Minister, till December 2016?",????? 2016 ?? ???? ?????? ?? ?????? ???????? ???? ??? ???? ????,M
What are the best career growth technologies for automation engineers apart from automation tools?,??????? ???????? ?? ??? ?? ??? ?????????? ??? ?????? ?????? ?? ????? ????? ????,M
Why don't they use a fluorescent shading on golf balls when they televise it so better track of the ball can be seen?,???? ?????? ?? ?? ?? ?? ?????? ?????? ?? ??? ????????? ??? ???? ???? ??????? ?????,M
What are some exothermic examples in everyday life?,?????? ????? ??? ????? ???? ???? ???? (exothermic) ??? ?? ?????? ??? ?? ????,M
How can I read/receive text message without network coverage?,??? ??? ?? ???? ?? ???? ??? SMS ?????? ?? ???? ???? ?? ???? ?????? ????? ???,M
What are some good factors about democracy?,??????? ?? ??? ???? ???? ?? ??????? ??? ?? ????,M
Why do Trump supporters believe that Donald Trump can get his platform through congress?,???? ?? ???? ?? ?? ???????? ?? ??????? ?? ????? ???? ?? ???? ????????? ???? ????,M
Where can one get the English audio tracks for movies?,????? ?? ??????? ???? ????? ?????? ???? ???? ?? ????? ???? ???? ????,M
Is SMS Marketing Helpful?,??? ??? ??? ??? ???????? ?? ??? ???? ?????? ????? ????? ???? ???,M
What is an April fool?,ì????? ???î ?? ???? ?? ??? ???? ?? ??? ????,M
"Who has more fans, Virat Kohli or M.S. Dhoni?",????? ????? ??? ??? ??? ????? ??? ?? ?? ??? ??????? ????? ???,M
How can I get a username from an account that has been deleted on Instagram?,????????? ?? ??? ??? ?????? ?? ??????? ?????? ???? ???? ?? ???? ????? ???,M
Which are the best YouTube channels for watching Indian short films?,?????? ???? ???? ?????? ?? ??? ??? ?? ?????? ????? ?? ?? ???? ???? ???? ????,M
Is it necessary to join the coaching academy to get selected in a government college for an MDS?,MDS ??? ????? ?? ??? ????? ????? ????? ???? ???? ????? ???,M
Why would parents abandon their children?,?????? ???? ???? ?? ?????? ?? ???? ????? ?? ???? ????,M
Is it OK to read two or three books at the same time? Or just read one book a time?,??? ??? ??? ??? ??? ?????? ????? ???? ?? ?? ???? ????? ?? ???? ???,M
How evil can we be?,????? ??? ?? ????? ?? ???? ?? ?? ???? ???,M
What is the best team in Pokemon Red?,Pokemon Red ??? ?????? ??? ?? ??? ?? ??? ?? ???? ???? ???? ???? ???,M
Is there any women organisation in Hyderabad which supports women against domestic violence?,???????? ??? ?????? ???? ?? ???? ??? ???? ???? ?????? ??????? ??? ?? ????,M
How can I make money off of $1000 in the stock market?,??? ???? ???? ?? ????? ?????? ??? ?????? ???? ???? ???? ?? ????? ????? ??? ???,M
Is space a hoax? Or not?,??? ??? ?? ???? ????? ?? ?? ??? ???????,M
What is the difference between constitutional and statutory bodies or powers in India?,????? ??? ????? ??? ?????? ?????? ?? ???????? ??? ??? ??? ???,M
Is genesis mining worth it for ether mining?,??? ?????? ?????? ???????? ?????? ?? ??? ????? ??? ???? ???? ???,M
What order do you have to watch and read Naruto?,Naruto ????? ?? ?????? ??? ????? ?? ???? ????? ??? ???? ??????,M
At what age should someone lose their virginity?,?? ????? ??? ???? ???? ???? ???? ?????? ?? ??????? ??? ?? ????? ????? ???? ???,M
How do I find girls to have a wonderful chat with on Skype?,?????? ?? ????? ????? ?? ??? ????? ?????? ?? ??? ???? ?? ????? ????? ??? ???,M
Why is oxalic acid soluble in water?,????? ???? ???? ??? ????? ?? ???? ??? ???? ???,M
"New to law of attraction, how do I attract a certain someone that I shared a brief connection with?","""??? ?? ???????"" ?? ??? ??? ????? ??? ?? ???? ??? ???? ???? ?? ????? ??? ???",M
How much money do female fashion bloggers in India make?,?????? ???? ????? ?????? ?? ???? ????? ???? ???? ???,M
What would Cersei do if Jon became king?,??? ??? ???? ?????? ?? ???? ?? ????? ?? ????? ??? ?? ???? ???,M
Would darts be a good topic for a math sl IA?,??? ì????? ???î ???? IA ?? ??? ???????? ????? ?? ???? ???,M
Why can't India have only two political parties like the US?,????? ??? ?? ??? ????? ??????? ?? ???? ???? ???? ???? ?? ????,M
Can I still send direct message to someone who block me in Instagram?,??? ???? ????????? ?? ???? ?? ?? ?? ??? ??? ???? ????? ?? ???? ???,M
What are some good Korean dramas about music?,?????? ?? ???? ????? ??????? ????? ??? ?? ????,M
Is it true that signing bond in IT companies in India is illegal?,??? ????? ??? ??? ?? ??????? ?? ???? ???? ???? ?????? ??? ?? ??? ???,M
What are the top-10 wallpapers programmers love?,????????? ?? ??????? ?? ??? ????? ?? ????? ??? ?? ????,M
Why is my deodorant not working?,???????? ???? ?? ???? ?? ????? ?????? ??? ?? ???? ????,M
"What is the ""Silicon Valley"" of Europe?","???? ??? ????????? ?? ???? ?? ??? ?? ?? ??? ?? ""??????? ????"" ??? ???? ???",M
Which is better car Honda Jazz or Volkswagen Polo?,????? ??? ??? ????? ???? ???? ??? ???????? ?? ???? ?? ??? ?? ???? ???? ???,M
How can I get rid of these pimples?,???? ?? ??? ????? ?? ??????? ???? ?? ??? ??? ????? ????? ??? ???,M
What are some good exercises to gain muscle?,???? ?????? ?? ??? ??? ?? ?????? ?? ?? ???? ???? ???? ????,M
How can I earn 10 dollars in a second?,??? ????? ??? ????? ??? ?? ???? ???? ????? ???? ???,M
What is your review of Wajah Tum Ho (2016 movie)?,??? ??? ?? ?? (2016) ?? ?????? ?? ????? ?????? ??? ????,M
Does CPA marketing really make money?,??? CPA ???????? ?? ??????? ???? ???? ????? ???? ?? ?? ???? ???,M
What happens if I eat 1200 calories and burn 300 calories for a month?,??? ??? ????? ?? ??? 1200 ??????? ??? ?? 300 ??????? ????? ????? ?? ??? ?? ??? ??? ??? ???,M
What are the advantages and disadvantages of being too nice to people?,????? ?? ????? ??? ?? ???? ?? ????? ??? ??????? ??? ?? ???? ????,M
Why won't Facebook pay users to post videos on their website just like YouTube does?,??? ?? ????? ???? ???? ?? ?????? ?? ?????? ?? ??? ??????? ???? ???? ?????,M
What is it like in a black hole?,???? ??? ?? ???? ????? ????? ?? ???? ???? ??? ?? ???? ???,M
Is it normal for your vagina to be moist or wet all the time?,??? ????? ????? ?? ????? ?? ???? ?????? ??? ?? ????? ?? ??? ???,M
Does using cows as mascots or shown committing crimes or used to advertise offensive to Hindus?,??? ???? ?? ???????? ?? ????? ?? ??? ?? ?????? ???? ???? ??? ????? ????? ???? ???,M
Why does my mother become elated when her children cry and people get hurt?,??? ?? ?????? ?? ??? ?? ??? ???? ??????? ???? ?? ??? ???? ???? ???,M
Is it true that only Muslims are allowed in Paradise?,??? ????? ??? ?????? ?? ??? ??? ???? ??? ???,M
Why are most British people so racist towards black people?,??????? ?????? ??? ???? ????? ?? ???? ???? ?? ?? ???? ?? ????,M
"In Star Wars... how does it not crash into space debris, planets, stars, etc.?",Star Wars ??? ????? ?? ????? ?? ???? ???? ????? ??????? ?? ???? ?? ???? ????,M
How is the syndrome for the hamming code interpreted?,?????? ??? ?????? ?? ?????? ?????????? ??? ???? ????? ???? ???,M
"In an operating room, when two surgeons of equal experience disagree on a surgical procedure, how is the tie broken?",??? ?? ???? ?????? ?? ????? ???? ?? ?????? ?? ????? ?? ?? ?? ??? ???? ???,M
Which are the places which accept Sodexo gift passes in Chennai?,???? ??? ?????? ??? ??? ???? ???? ???? ??? ???? ????,M
How can a severe crick in the neck be treated?,???? ?? ???? ?????? ?? ??? ??? ???? ?? ???? ?????? ????? ??? ????,M
What do you think about stem cells? Should I make it for my next baby?,??? ????? ???? ????? ????? ????? ?????? ??? ??? ????? ?? ???? ???,M
How do you know if your guinea pig is pregnant?,??? ?? ?? ????? ???? ?? ??????? ?????? ??? ???? ????,M
Which processor performs the best?,?? ??? ?????? ??? ?? ?? ??? ???????? ???? ??????? ??? ?? ???,M
What are some astonishing examples of human capabilities?,?????? ???????? ?? ?? ???? ????? ?????? ??? ?? ??? ?? ??? ??? ?? ???? ????,M
What are the applications of physics in real life and how it is used?,???? ?? ???? ?????? ????? ??? ?? ????? ??? ???? ???? ????,M
Is Barack Obama a better President than George W. Bush?,?????? ??? ?? ??? ????? ?? ???? ?? ??? ????? ?????? ??? ???? ????,M
What is the history behind the creation of the NBA logo?,??? ?? ?? ?? ???? ?? ????? ?? ????? ??? ?????? ?? ???? ???,M
What will be the impact of recent power shift in BCCI?,BCCI ??? ???? ?? ?????? ?? ?????? ???? ?? ??? ????? ????? ????,M
Would you trade 5 IQ points for a life of guaranteed financial security where you never would have to work?,??? ????? ??? ??? ?? ???? ???? ???? ?? ???? ?? ??? ?? ???? ????? ???,M
Should Mahendra Singh Dhoni resign as captain?,??? ????? ???? ????? ?? ?????? ???? ???? ??????,M
What is MVW (Model-View-Whatever)? How is it different from MVC?,MVW ???? ??? MVC ?? ????? ??? ?? ???? ????? ???,M
What's the function of cell membrane?,??? ?????? ?? ?????? ???????? ????? ??? ???? ???,M
I am a 9th standard student... Is it essential for me to choose commerce maths in my 11th and 12th classes?,?????? ????????? ?? ??? ??? ???????? ??? ??????? ??? ????? ???? ????? ????? ???,M
I search for someone who is definitely on Snapchat... but they couldn't be found. Why?,??? ???? ????? ??? ?? ????? ?? ??? ??? ??? ???? ??? ?? ??? ?? ?? ?? ??? ??? ?? ???? ???,M
How would you destroy the world?,??? ???? ?? ??? ???? ?? ?? ?? ?? ???? ????? ?? ????? ??? ?? ???? ???,M
How much would it cost to hire Jerry Seinfeld for 1ñ2 hours?,???? ???????? ???? ?????? ????? ?? ??? ????? ?? ??? ????? ?? ???? ???? ???? ???,M
What are some dumb things that pets do?,????? ??????? ?? ??? ?? ?? ????? ??? ???? ??? ?? ????,M
What are the personality traits of Norwegian women?,????? ?? ?????? ?? ?????? ???? ????? ??? ????? ???? ????,M
Does hydrochloric acid (HCl) react with copper (Cu)?,??? ???????????? ???? ????? ?? ???? ??? ??????? ????? ??? ???? ???? ???,M
"What do you think about my short film, ""ColorShift""?",?? ?? ???? ??? ???? ??? ColorShift ?? ????? ???? ???? ????,M
What is the difference between cocaine and meth?,????? ??? ???? ?? ????? ??? ???? ??? ?????? ??? ??? ???,M
What does a wet vagina feel like for a man?,???? ??? ?? ????? ???? ????? ????? ?? ????? ??? ?? ??? ???? ???? ???,M
Why do Slavs squat?,???? ??? ?? ??? ??? ?? ?????? ?? ???? ???? ????? ????,M
What is the best operating system for the PC in 2014?,2014 ??? ?? ?? ?? ??? ?? ?? ??????? ??????? ???? ??? ?? ????,M
"Can someone build a product based on an idea he pitched to his ex-company, if the company never cared to productize it?",??? ????? ?? ??? ????? ?? ????? ?? ??? ?? ?? ??? ????? ??? ?????? ??? ??????? ?? ???? ???,M
How long does the USPS first class shipping take from Phoenix to Los Angeles?,????? ?? ??? ?????? ?? USPS ???? ???? ???? ??? ?????? ???? ??? ???? ???,M
Which is the best laptop below Rs. 60000?,???? ???? ???? ?? ?? ??? ??? ?? ?? ???? ????? ???? ??? ??? ??? ?? ???,M
What is a legacy product?,ì?????? ??????î ?? ???? ????? ???? ??? ???? ???? ??????? ???? ?? ???? ????,M
How do I stop from getting aroused by every girl I meet on the streets?,?? ???? ?? ???? ?? ???? ??? ????? ???? ?? ??? ?? ???? ??? ???? ???? ?? ???? ???,M
How I believe in God?,??? ?? ???? ????? ???? ?? ???? ?? ???? ????? ??? ????,M
Any software development or algorithms books recommended for a computer science undergraduate?,??????? ????? ?? ???? ?? ??? ???? ???? ???????? ?? ???????? ?? ??? ?? ?????? ???? ????,M
What qualification is required for becoming an SEO Specialist/Professional?,SEO ???? ???? ?? ??? ?? ?? ?? ??? ?? ?????? ?????? ????? ???,M
How do I make friends at 27 when you have virtually no friends and people seem to forget about you easily or won't include you in their social circle?,???? ??? ??? ??? ???? ????? ???? ???? ???? ?? ??? ?? ?? ??? ??? ???? ??????? ??? ?? ???? ????,M
Who do you think is the greatest president in US history and why?,?????? ????? ??? ?? ?? ???? ??? ??? ???? ???? ?? ??? ?????,M
How much a doctor earn in internship?,?????? ????? ?? ?? ????? ?????? ????? ?? ???? ?????? ???? ???,M
Can people with an IQ higher than 140 calculate (456◊765) in their head in seconds?,??? ??? ????? IQ ????? ???? ??? ??? ???? ???? ??? ??? ????? ?? ???? ????,M
"I have 1.5 years of experience in quality control, I want to change my profile because of late working hours and no holiday what should I do?",?????? ?????? ??? ???? ??? ?? ????? ?? ??? ???? ?????? ??? ???? ?????? ???? ???? ?? ?? ???? ???,M
How do you get an Internet browser on Roku?,??? Roku ?? ????? ???? ??? ?????? ?????? ??? ?? ???? ???,M
What is frugal marketing?,ìFrugal Marketingî ?? ???? ?? ????? ??? ????? ???? ?? ?? ???? ??? ???? ???,M
"Hollywood overwhelmingly supports Democrats, why can't it be the other way around?",???? ?? ?? ????? ?????? ????????? ?? ?? ???? ????? ???? ????,M
How do you run away from home without getting caught?,??? ?????? ?? ?????? ???? ???? ???? ???????? ?? ??? ?? ?? ??? ???? ??? ???? ???,M
What are the most interesting products and innovations that McDonald's is coming out with in 2016?,2016 ??? ????????? ?? ??? ?? ??? ??????? ?? ?????? ?????? ??????,M
Is our universe finite or infinite?,??? ?????? ?? ???? ?? ?? ?? ?? ??????? ????? ???? ???,M
What is the most complex screen unlock pattern for Android?,????????? ??? ?? ?? ?? ???? ????? ????? ?? ???? ?????? ???? ???,M
How do I fix a Werfault.exe error in Windows 10?,????? 10 ??? Werfault.exe ???? ?? ?? ?? ???? ??????? ??? ????,M
"I'm a self-employed, debt free and I want a mortgage. Is getting credit via credit cards a good way to build credit?",????? ????? ????? ?? ??? ???? ????????? ????? ?? ??? ????? ???? ??????? ???? ???? ???,M
What are some of the best places to visit?,?????? ????? ?? ??? ???? ?? ?? ?? ????? ?????? ??? ?? ????,M
Why do some girls like to stick their tongues out when taking pictures?,??? ?????? ?????? ???? ??? ???? ???? ???? ?? ???? ??? ???? ????,M
What are the trending technologies in IT Industry?,??? ?? ??????? ??? ?? ??? ??? ?? ??? ?????????? ?? ?? ????? ????? ????,M
Do girls approach guys in India?,??? ????? ??? ?????? ??? ????? ?? ????? ?? ??? ??? ?? ???? ???? ????,M
Which Marvel movies have not included Stan Lee cameos?,??? ?? ????? ????? ???? ??? ?? ??? ????? ?? ????? ???? ?????? ????,M
How do most people die?,????? ?? ????? ?? ????? ?? ?????? ?? ???? ????,M
What does it feel like to be murdered?,??? ?? ???? ??? ????? ?? ?????? ??? ???? ??? ?? ??? ????? ???? ???,M
Should the Hobbit be considered a canonical Tolkien work?,??? The Hobbit ?? ?????? ?? ??? ????? ?? ??? ????? ???? ??????,M
What is the appropriate time to show up for a dinner party?,??? ????? ??? ?????? ?? ????? ??? ???? ???? ?? ???? ?? ??? ???? ???,M
Are agreements made on normal papers (not stamp paper) valid?,???? ?????? ???? ?? ??? ??? ?????? ?????? ??? ?? ???? ????? ???? ????,M
What is the best place to learn Mandarin Chinese in Singapore?,??????? ??? ??????? ???? ???? ?????? ?? ?????? ????? ??? ?? ????,M
Can a person fall in love twice?,??? ??? ??? ????? ??? ?? ??? ??? ???? ?? ???? ???,M
Is epilating your underarms painful?,????? ?? ??? ???? ???? ?? ??? ???? ???? ????? ?? ???? ???,M
How do I write programs in C?,C ????????? ???? ??? ???? ???? ??????? ???? ???? ???? ???,M
How can I buy from Amazon.com in India instead of amazon.in as they are offering discounts?,????? ?? Amazon.com ?? ???? ?????? ?? ???? ????? ??? ???,M
Which are some good marketing practices for restaurants?,?????????? ?? ??? ???? ??? ???? ???????? ?? ????? ??? ?? ????,M
Why can't I connect games for Windows Live?,Games for Windows Live ?? ??? ??? ????? ?? ??? ?? ????? ???? ?????,M
Does the Sony Xperia Z5 white sides scratch easily?,??? ???? ????????? Z5 ?? ???? ????? ??? ???? ??? ???? ????,M
What motivates you the most in your work?,??? ??? ?? ?? ??? ????? ?? ????? ?????? ?? ????? ?? ?? ??? ??? ???,M
Is being naturally nocturnal a disorder for humans?,??? ??? ?? ????? ?? ???? ?? ??? ??? ?? ????? ????? ???? ???,M
"What are the laws to change your status from a student visa to a green card in the US, how do they compare to the immigration laws in Canada?",?????? ??? ??????? ???? ?? ???? ???? ??? ?????? ?? ??? ?????? ?? ?? ??? ????? ???,M
"Is the owner of Garam Dharam, a restaurant in Connaught Place, Delhi really Dharmendra Deol?",??? ???? ?? ??? ????? ???????? ????? ???????? ???? ?? ????? ???,M
Why did Japanese soldiers commit such atrocities as the Nanjing Massacre?,?????? ?????? ?? ?????? ???? ??? ???? ????? ???? ????,M
How can I get divorced if I have no money?,??? ???? ????? ?? ??? ?? ?????? ??? ?? ???? ???? ?? ???? ????? ??? ???,M
How do I successfully open a shop in the creative market?,?? ???? ?? ?????? ?????? ??? ??? ???? ?????? ?? ??????? ????? ??? ????,M
How can the mass of the earth be calculated?,???? ?? ??? ??? ?? ???? ????? ???? ?? ??? ??? ?? ????? ??????? ???? ???,M
How do I break up with my unstable boyfriend?,?????? ??? ?? ??? ?????? ????? ????? ?? ???? ??? ???? ?? ????? ????? ??? ???,M
What are some of the best ways to learn programming?,????????? ?????? ?? ???? ??? ????? ????? ??? ?? ????,M
Mild disc bulge L4L5S1 is curable its true or false?,??? L4L5S1 ??? ??? ?? ???? ???? ????? ???? ???,M
How do I retrieve credit card from Google wallet?,???? ????? ?? ????? ???? ??????? ???? ???? ???? ?? ??? ??? ???,M
Is Alex Jones a satirical show?,??? ?????? ???? ?? ??????? ????? ?? ???? ?? ?? ??????,M
Will I spoil my smartphone if I keep it charging overnight regularly?,??? ?????? ??? ?? ???? ??? ?????? ?? ????? ????? ?? ???,M
I have 2 days left for my GRE exam. Any last minute tips about the test centre and exam?,GRE ?????? ?? ?? ?? ??? ?? ???? ????? ?? ???? ????? ??????,M
How do I turn off screen overlay in Android?,????????? ??? ?????? ?????? ??? ???? ?? ??? ??? ?? ?????? ????? ???? ????,M
Why did you prepare for IIT JEE?,?? ?? IIT JEE ?? ????? ???? ?? ????? ???? ??? ????,M
"In a turbine, why is the final enthalpy in an actual process greater than that of an isentropic process?",?????? ??? ????? ??? ?? ???? ?? ?????? ??????? ??? ?? ????? ???? ???? ???,M
Which is correct - 'Looking forward to speak with you' or 'Look forward to speak with you'?,??????? ??? ???? ???? ìLooking forward to speaking with youî ?? ?? ???? ????,M
What are some comfort food?,?? ????? ??? ?? ??? ?? ??? ??? ?? ???? ?? ??????? ???? ????,M
"If people supporting JNU incident are concerned about freedom of expression, why didn't they stand up for Kamlesh Tiwari?",?????? ???? ?? ???? ????? ?? ????? ?????? ?? ?????? ?? ?????? ???? ?????? ???,M
How do rivers wash off the pollution in its water?,???? ???? ???? ??? ???? ?????? ?? ????? ??? ?? ???? ??? ???? ????,M
How can water end up in the lungs if a person stands outside unprotected in a heavy rainstorm?,???? ???? ??? ?????? ?? ???? ???????? ?? ???? ???? ???? ???,M
Which Indian politician do you admire the most? Why?,?? ?? ????? ?? ?? ????? ?? ?????? ???????? ??? ?? ??? ?????,M
What's a good place to buy laptop bags in Bangalore?,?????? ??? ?????? ??? ??? ???? ?????? ?? ??? ?????? ???? ??? ?? ???,M
Do most electric guitarists understand how to use the tone control knobs on their guitars?,??? ????? ?? ??????? ?????? ???? ???? ?? ??? ???? ???? ??????? ???? ????? ????,M
What is the advantage of demonetization of Indian currency?,?????? ??? ???? ?? ??? ?? ??? ????? ????? ???? ?????,M
What is the official language of the United States?,?????? ?? ?????? ???? ????? ??? ?? ???? ???? ???,M
Why won't my Instagram suggestions (search history) go away even after I deleted them?,????????? ?? ??? ????? ??? ???? ?? ??? ??? ????? ??? ????? ???? ??? ??? ????,M
How do I start writing again?,???? ???? ?? ??? ?????? ????? ?? ???? ???? ???? ?? ?? ???? ???,M
Why does Hollywood always depict Middle Eastern Muslims as terrorists?,???? ??? ????? ??? ????? ????? ?? ???????? ?? ??????? ?? ??? ?? ???? ?????? ???? ???,M
How do I integrate v≥(a≤?v≤)π/≤ by substitution?,[math]v^3(a^2-v^2)^{1/2}[/math] ?? substitution ?? ????? ?? ???? ?? ????? ??? ???,M
"Is ""Friends"" (TV series) worth watching?",??? ?????? ????? ?? ??? ?????? ?? ???? ???,M
How do I transfer WhatsApp messages from Android to iOS?,????????? ?? ??? ??? ??? ???? ??? ???? ????? ???? ?? ????? ????? ??? ???,M
Why does my tongue feel dry and thirsty even after I drink a lot of water?,????? ???? ???? ?? ?????? ???? ??? ????? ???? ?? ??? ??? ???,M
How is Apple iPhone service?,???? ??? ??? ?? ????? ???? ?? ????? ?? ????? ???? ???,M
What are the 3 main components of a CPU?,?? ?? ?? ?? ??? ?????? ??? ??? ?? ???? ??? ??? ?? ?? ??? ??? ???,M
What are the best travel books of all time?,??? ?? ???? ?? ?? ?? ?? ?? ????? ??? ????? ?? ?????? ??? ?? ????,M
"The company I interned with is giving me a full-time offer, should I inform them early on that I shall be able to accept after a month?",??? ????? ?? ?? ???? ??? ?? ?? ?? ????? ?? ????? ???? ?? ????? ????? ???? ???? ???,M
What would be the ideal Bruce Springsteen set list? Assume it has 20 songs including the encore.,??? ???? ??????????? 20 ????? ?? ????? ???? ?? ????? ??? ??? ??? ?? ???? ???,M
"Crime Patrol, Gumrah, Savdhaan India: What is their impact on common man of India?",????? ????? ??? ????? ????? ???? ??? ??? ?????? ?????? ?? ??? ??? ????? ????,M
How do I maintain my blood pressure?,??? ????? ?? ????? ????? ?? ???? ????? ????? ??? ????,M
How can the landforms of the Canadian shield be described?,??????? ???? ?? ????? ?????? ????????? ???? ?? ???? ???? ??? ?? ???? ????,M
Who is the most academically qualified Bollywood celebrity?,???? ?? ??? ?? ?? ????? ?????? ?????? ????? ???? ?????? ??? ???,M
Who is Israel friend?,??????? ?? ?? ?? ????? ?????? ????? ??? ?? ????,M
How many sponsored candidates are shortlisted for CMC Vellore?,CMC ????? ??? ???????? ????????? ?? ????? ????? ???? ???? ???,M
How I joined Indian Cost Accounts Service (ICoAS)?,????? ???? ??????? ???? (ICoAS) ??? ?????? ?? ????? ??? ??? ??? ???,M
What solvent should I use for liq.-liq. extraction to get volatile compounds from water for analysis on GC-MS & how much ml for 100 ml of the sample?,GC-MS ????? ?? ??? ???? ?? volatile ?????? ?????? ?? ??? ??? ?? ?????? ????? ???,M
What does my ex-girlfriend want from me?,????? ??? ????? ?? ???? ?? ?? ?? ????? ???? ????? ?? ???? ????,M
What is simple harmonic oscillation?,???? ??????? ?????? ?? ????? ??? ?? ?? ?????? ??? ????,M
"What is the best time to visit Kerala, India?",?????? ???? ?? ?? ?? ??????? ???? ?? ????? ??? ?? ????? ???? ???,M
How can I earn money by uploading my music on the Internet?,???? ?????? ?? ???? ?? ??? ?? ?? ????? ???? ???? ?? ???? ???? ????? ??? ?? ????,M
What and where are the sweet red wine stores available in Hyderabad?,???????? ??? ????? ??? ???? ????? ???? ????? ?????? ??? ?? ????,M
How do I approach people in my classes if I didnít introduce myself in the first month of university when everyone else already has friends?,??? ????????? ??? ???? ??? ????? ?? ?? ???? ?? ?? ??? ???? ????? ?? ???? ????? ??? ???,M
What are the features of good piano texture?,"???? ????? ???????? ?? ???? ?? ""??????"" ?? ?????? ??????? ??? ????",M
What's causing someone to be jealous?,??? ???? ???? ?? ??????? ?? ????? ?????? ??? ????,M
What is compound?,ì???????î ??? ?? ??????? ???? ??? ???,M
Does covering your head while sleeping cause brain damage?,??? ???? ??? ?? ??????? ?? ????? ????? ?? ???? ???? ???,M
How can I treat a severe foot sprain?,???? ?? ???? ??? ??? ?? ???? ???? ??? ???? ??????,M
Why do Indians like Kajol?,????? ?? ?????? ?????? ??? ??? ??? ?? ???? ??? ???? ?? ??? ???? ???,M
Which country is more technologically advanced; Germany or Japan?,????? ??? ????? ??? ?????? ???? ?? ???? ?? ??? ??? ???,M
Which income is considered (taxable income or gross income) while submitting the application for an OBC non-creamy layer?,OBC ??? ????? ???? ???? ??? ?????? ????? ?? ????? ???? ????? ???? ?? ???? ???,M
What are some similarities and differences between the Republican Party and the Conservative Party (UK)?,?????? ??????? ??? ??????? ???????? ????? ??? ?????? ??? ??? ??? ????,M
When the Samsung J5 will get the Marshmallow (Android M 6.0) update?,??? ??? J5 ?? ????????? ???? ???? ????? ?? ?????? ????,M
I have very hairy arms. I am 16 and a female. Should I shave them?,???? ???? ???? ?? ??? ?????? ?? ??? ??? ???? ???? ?? ?? ???? ???? ??????,M
What is it like to be a private banker?,??? ????? ?? ?????? ?? ?????? ????? ???? ???? ???,M
How are the boiling points of compounds determined?,?????? ?? ????? ?? ???? ?? ?????? ?? ?????? ?? ?? ???? ???,M
Why is the poverty rate of African-Americans so much greater than the overall rate in the US?,?????? ??? ?????? ???? ????? ??? ???? ?? ??? ????? ???? ???,M
"Eve wandered around Paradise without hijab, even fully naked. Wasn't she then even more debauched than a bikini wearer?",??? ???? ??? ??? ??? ?? ???? ???? ?? ??? ?? ?? ????? ?? ?????? ????? ?? ???? ???,M
Would a woman in the Catholic Church be shunned or ostracized for having a sexual relationship with a priest?,??? ??????? ??? ??? ??? ????? ?? ???? ????? ???? ???? ?? ????? ??? ?? ???? ??? ???? ???,M
"How can I lock my PC browser (by pin) a specific webpage like Facebook, YouTube?",??? ??? ??? ???? ?? ?? ?? ?? PIN ??? ?? ??? ???? ?? ???? ???? ????? ???,M
Are there any natural ways to reduce melanin production in the body?,??? ??? ?????? ?? ????? ?? ???? ?? ????? ????? ??? ????,M
How can water end up in the lungs if a person stands outside unprotected in a heavy rainstorm?,???? ???? ??? ?????? ?? ???? ???????? ?? ???? ???? ???? ???,M
Which Indian politician do you admire the most? Why?,?? ?? ????? ?? ?? ????? ?? ?????? ???????? ??? ?? ??? ?????,M
What's a good place to buy laptop bags in Bangalore?,?????? ??? ?????? ??? ??? ???? ?????? ?? ??? ?????? ???? ??? ?? ???,M
Do most electric guitarists understand how to use the tone control knobs on their guitars?,??? ????? ?? ??????? ?????? ???? ???? ?? ??? ???? ???? ??????? ???? ????? ????,M
What is the advantage of demonetization of Indian currency?,?????? ??? ???? ?? ??? ?? ??? ????? ????? ???? ?????,M
What is the official language of the United States?,?????? ?? ?????? ???? ????? ??? ?? ???? ???? ???,M
Why won't my Instagram suggestions (search history) go away even after I deleted them?,????????? ?? ??? ????? ??? ???? ?? ??? ??? ????? ??? ????? ???? ??? ??? ????,M
How do I start writing again?,???? ???? ?? ??? ?????? ????? ?? ???? ???? ???? ?? ?? ???? ???,M
Why does Hollywood always depict Middle Eastern Muslims as terrorists?,???? ??? ????? ??? ????? ????? ?? ???????? ?? ??????? ?? ??? ?? ???? ?????? ???? ???,M
How do I integrate v≥(a≤?v≤)π/≤ by substitution?,[math]v^3(a^2-v^2)^{1/2}[/math] ?? substitution ?? ????? ?? ???? ?? ????? ??? ???,M
"Is ""Friends"" (TV series) worth watching?",??? ?????? ????? ?? ??? ?????? ?? ???? ???,M
How do I transfer WhatsApp messages from Android to iOS?,????????? ?? ??? ??? ??? ???? ??? ???? ????? ???? ?? ????? ????? ??? ???,M
Why does my tongue feel dry and thirsty even after I drink a lot of water?,????? ???? ???? ?? ?????? ???? ??? ????? ???? ?? ??? ??? ???,M
How is Apple iPhone service?,???? ??? ??? ?? ????? ???? ?? ????? ?? ????? ???? ???,M
What are the 3 main components of a CPU?,?? ?? ?? ?? ??? ?????? ??? ??? ?? ???? ??? ??? ?? ?? ??? ??? ???,M
What are the best travel books of all time?,??? ?? ???? ?? ?? ?? ?? ?? ????? ??? ????? ?? ?????? ??? ?? ????,M
"The company I interned with is giving me a full-time offer, should I inform them early on that I shall be able to accept after a month?",??? ????? ?? ?? ???? ??? ?? ?? ?? ????? ?? ????? ???? ?? ????? ????? ???? ???? ???,M
What would be the ideal Bruce Springsteen set list? Assume it has 20 songs including the encore.,??? ???? ??????????? 20 ????? ?? ????? ???? ?? ????? ??? ??? ??? ?? ???? ???,M
"Crime Patrol, Gumrah, Savdhaan India: What is their impact on common man of India?",????? ????? ??? ????? ????? ???? ??? ??? ?????? ?????? ?? ??? ??? ????? ????,M
How do I maintain my blood pressure?,??? ????? ?? ????? ????? ?? ???? ????? ????? ??? ????,M
How can the landforms of the Canadian shield be described?,??????? ???? ?? ????? ?????? ????????? ???? ?? ???? ???? ??? ?? ???? ????,M
Who is the most academically qualified Bollywood celebrity?,???? ?? ??? ?? ?? ????? ?????? ?????? ????? ???? ?????? ??? ???,M
Who is Israel friend?,??????? ?? ?? ?? ????? ?????? ????? ??? ?? ????,M
How many sponsored candidates are shortlisted for CMC Vellore?,CMC ????? ??? ???????? ????????? ?? ????? ????? ???? ???? ???,M
How I joined Indian Cost Accounts Service (ICoAS)?,????? ???? ??????? ???? (ICoAS) ??? ?????? ?? ????? ??? ??? ??? ???,M
What solvent should I use for liq.-liq. extraction to get volatile compounds from water for analysis on GC-MS & how much ml for 100 ml of the sample?,GC-MS ????? ?? ??? ???? ?? volatile ?????? ?????? ?? ??? ??? ?? ?????? ????? ???,M
What does my ex-girlfriend want from me?,????? ??? ????? ?? ???? ?? ?? ?? ????? ???? ????? ?? ???? ????,M
What is simple harmonic oscillation?,???? ??????? ?????? ?? ????? ??? ?? ?? ?????? ??? ????,M
"What is the best time to visit Kerala, India?",?????? ???? ?? ?? ?? ??????? ???? ?? ????? ??? ?? ????? ???? ???,M
How can I earn money by uploading my music on the Internet?,???? ?????? ?? ???? ?? ??? ?? ?? ????? ???? ???? ?? ???? ???? ????? ??? ?? ????,M
What and where are the sweet red wine stores available in Hyderabad?,???????? ??? ????? ??? ???? ????? ???? ????? ?????? ??? ?? ????,M
How do I approach people in my classes if I didnít introduce myself in the first month of university when everyone else already has friends?,??? ????????? ??? ???? ??? ????? ?? ?? ???? ?? ?? ??? ???? ????? ?? ???? ????? ??? ???,M
What are the features of good piano texture?,"???? ????? ???????? ?? ???? ?? ""??????"" ?? ?????? ??????? ??? ????",M
What's causing someone to be jealous?,??? ???? ???? ?? ??????? ?? ????? ?????? ??? ????,M
What is compound?,ì???????î ??? ?? ??????? ???? ??? ???,M
Does covering your head while sleeping cause brain damage?,??? ???? ??? ?? ??????? ?? ????? ????? ?? ???? ???? ???,M
How can I treat a severe foot sprain?,???? ?? ???? ??? ??? ?? ???? ???? ??? ???? ??????,M
Why do Indians like Kajol?,????? ?? ?????? ?????? ??? ??? ??? ?? ???? ??? ???? ?? ??? ???? ???,M
Which country is more technologically advanced; Germany or Japan?,????? ??? ????? ??? ?????? ???? ?? ???? ?? ??? ??? ???,M
Which income is considered (taxable income or gross income) while submitting the application for an OBC non-creamy layer?,OBC ??? ????? ???? ???? ??? ?????? ????? ?? ????? ???? ????? ???? ?? ???? ???,M
What are some similarities and differences between the Republican Party and the Conservative Party (UK)?,?????? ??????? ??? ??????? ???????? ????? ??? ?????? ??? ??? ??? ????,M
When the Samsung J5 will get the Marshmallow (Android M 6.0) update?,??? ??? J5 ?? ????????? ???? ???? ????? ?? ?????? ????,M
I have very hairy arms. I am 16 and a female. Should I shave them?,???? ???? ???? ?? ??? ?????? ?? ??? ??? ???? ???? ?? ?? ???? ???? ??????,M
What is it like to be a private banker?,??? ????? ?? ?????? ?? ?????? ????? ???? ???? ???,M
How are the boiling points of compounds determined?,?????? ?? ????? ?? ???? ?? ?????? ?? ?????? ?? ?? ???? ???,M
Why is the poverty rate of African-Americans so much greater than the overall rate in the US?,?????? ??? ?????? ???? ????? ??? ???? ?? ??? ????? ???? ???,M
"Eve wandered around Paradise without hijab, even fully naked. Wasn't she then even more debauched than a bikini wearer?",??? ???? ??? ??? ??? ?? ???? ???? ?? ??? ?? ?? ????? ?? ?????? ????? ?? ???? ???,M
Would a woman in the Catholic Church be shunned or ostracized for having a sexual relationship with a priest?,??? ??????? ??? ??? ??? ????? ?? ???? ????? ???? ???? ?? ????? ??? ?? ???? ??? ???? ???,M
"How can I lock my PC browser (by pin) a specific webpage like Facebook, YouTube?",??? ??? ??? ???? ?? ?? ?? ?? PIN ??? ?? ??? ???? ?? ???? ???? ????? ???,M
Are there any natural ways to reduce melanin production in the body?,??? ??? ?????? ?? ????? ?? ???? ?? ????? ????? ??? ????,M
How is it to be in true love?,??? ???? ?? ????? ????? ?? ????? ?? ?? ??? ??? ???? ???,M
What is life without dreams?,??? ???? ?? ??? ?? ????? ?? ????? ??? ?? ???? ???,M
Is it easy to get a job in European countries like Sweden or Denmark for an Indian engineer on a working visa?,??? ????? ?? ?????? ???? ????? ????? ??? ?????? ??????? ?? ??? ??? ???? ?? ?????? ???? ???? ???? ???,M
Is it possible to turn off indicator light on a Dahua camera?,??? ???? ?????? ?? ???????? ???? ??? ?? ?? ???? ???,M
Which is better as a career: physiotherapy or pharmacy?,?????????? ??? ??????? ??? ?? ???? ???? ??? ?? ????? ???? ???,M
"Why do some old computer games run very fast on new, powerful computers?",????? ??????? ???? ??? ????? ?? ??? ?????? ???? ?? ???? ???? ???? ????,M
How do you change your Google account name?,???? ?????? ?? ??? ????? ???? ?? ????? ??? ????,M
How are the provisions of the First Amendment of the United States Constitution different from the ones in the Seventh Amendment?,?????? ???? ?? ???? ??? ?????? ????? ?? ?????? ????? ??? ??? ??? ???,M
"Which car services are available in Normal, IL? How good are they compared to taxis and relative to each other?","?????? ???????? ??? ?????? ??? ????? ????? ?? ?????? ??? ?? ????? ?? ????",M
What is svchost.exe?,svchost.exe ???? ????? ??? ?? ??? ?? ??? ??????? ???? ???,M
Do porn stars watch porn?,??? ??? ????? ??? ??? ???? ???? ?????? ??? ??? ???? ????? ?????? ????,M
How many pullups can an average person do?,???? ?????? ???? ????? ???? ??? ???? ?? ??? ?? ???? ???,M
What should I do if Amazon delivers a package to my door and then the package disappears (presumably because a passer-by might have taken it)?,??? ??????? ?? ????? ?????? ?? ???? ?? ???? ?? ?? ?? ????? ??? ?????,M
What are the best facial masks for oily skin?,???? ??? ?? ??? ??? ?? ??? ???? ???? ???? ???? ????,M
Are vocalics and body language needed in an ordinary conversation?,??? ????? ??? ???? ?? ???? ????? ??? ???? ??????? ???? ????? ????? ????,M
What does it mean to have 20/180 vision?,20/180 ??? ?? ???? ??? ?? ?????? ?? ???? ?? ??? ???,M
What should I learn to become a computer engineer?,??????? ??????? ???? ?? ??? ?? ?????? ?????? ?? ???? ???? ????? ???,M
Why do bruises appear randomly for no reason on my arms and legs?,???? ?? ?????? ?? ???? ??? ??? ??? ???? ?? ?????? ??? ?? ???? ????,M
How do I create an XML Android app layout?,????????? ??? ?? XML ?? ??? ????? ?? ?????? ????? ??? ????,M
I'm working in a power plant as an electrical maintenance engineer for 2.5 years and now I want to become a design engineer. What are the options that I have?,????????? ???????? ?? ?????? ????????? ??? ???? ?? ??? ?? ????? ?? ????? ?? ????? ???,M
How do I find true love?,??? ?? ???? ????? ???? ???? ?? ????? ???? ?? ?? ???? ???,M
How much should I score in Maharashtra CET MBA to get in JBIMS?,?? ?? ??? ??? ??? ??? ????? ?? ??? ????????? ?? ?? ?? ??? ?? ?? ?? ???? ???? ????? ????,M
What are the best ways to properly finger yourself?,?????? ?? ??? ????? ???? ??????? ?? ???? ??? ??? ??????? ???? ????,M
Where can I get a large corpus of news articles with pictures?,??????? ???? ????? ?? ??? ??????? ???? ?? ???? ??? ?? ???? ????,M
What is the derivative of [math]\sec x[/math]?,[math]\sec x[/math] ?? ???? ?? ???? ???? ????? ???? ???,M
Can you buy an Apple Watch without a watch band?,??? ???? ??? ???? ?? ???? ??? ????? ?? ???? ???,M
I'm planning to travel around Taiwan. How many days should I allocate?,??????? ?????? ?? ??? ?? ?? ?? ???? ?? ????? ??? ???,M
How can you calculate ionic and ionic net equations?,???? ??? ??? ???? ?????? ?????? ?? ?????? ????? ??? ???,M
"Vedas: What are agnihotra, darsa, paurnamasa and caturmasa sacrifices prescribed for vanaprastha ashrama life?","???? ?????? ??? ???? ?????? ???? ??? ??????? ???? ???? ?? ???? ??? ????? ??? ???",M
What is one thing you caught your child doing that you wish you had never seen?,??? ?? ?? ???? ???? ??? ?? ??? ???? ???? ????? ?? ?? ?????? ????? ????,M
Why aren't there more apps like Word Lens?,Word Lens ???? ???? ????????? ???? ????? ???? ???? ?? ?????,M
What is hot fermentation?,??? ???????? ?? ??? ??? ???? ????? ?? ????? ??? ???? ???,M
How I improve my logical thinking and problem solving skills day by day as a developer?,???? ?????? ????? ??? ??? ????? ?? ???? ?? ?????? ???? ???? ????? ?? ???? ???,M
What's a data structure server?,???? ??????? ???? ?? ???? ??? ?? ?????? ???? ???,M
Which party has chances of victory in the 2017 Elections in Punjab?,2017 ?? ????? ???????? ??? ??? ?? ?? ?? ????? ??????? ?? ????? ?? ????,M
How much does it cost for Bruce Springfield to go on tour?,???? ?????? ???? ?? ??? ??? ?? ???? ???? ???? ??? ???,M
Where can I get real active Instagram followers?,???? ??? ???? ????????? ??????? ???? ???? ?? ????? ?????? ????? ??? ?? ????,M
"Which is a suitable solar panel installation provider in Orosi, California CA?","?? ????? ?????????? ??? ?????? ???? ???? ????????? ????? ??? ?? ???",M
How can I integrate a website developed in Webflow with a PHP/Python/Ruby backend?,Webflow ???? ?? PHP ?? Python ??? ???? ?? ???? ????? ?? ??? ??? ???,M
What are some good logistics firms for delivering food items in India?,????? ??? ????? ?? ????? ?? ????? ?? ??? ???? ??????? ??????? ??? ?? ????,M
What is your untold story?,??? ?? ?? ??? ???? ???? ????? ?? ?? ?? ?? ???? ??? ?? ???? ?? ?? ???,M
Who is Ashwatthama in Mahabharata?,???????? ??? ???????? ?? ????? ?? ????? ?? ??? ??? ??? ???,M
"What is the difference between an UberX, Uber Black and Uber Taxi?","???? ????? ???? ???? ??? ???? ????? ??? ??? ??? ???? ???",M
How is the height of a place from sea level calculated? What method is used by scientists?,????? ?? ??? ?? ????? ????? ???? ?? ??? ???????? ??? ?? ??????? ????? ??????? ???? ????,M
Which Bollywood movies you like very much that flopped at the box office?,?? ??? ?? ???? ?? ????? ??? ?? ???? ???? ??? ???? ??? ?? ????? ?????,M
Why until now I am unmarried?,??? ??? ?? ???? ?? ???? ?? ?????? ????? ???? ?? ??? ???? ????,M
What is the scientific method?,?????? ????? ??? ?? ?????? ????? ??? ?? ???? ????,M
What is abstract reasoning? What are some examples?,?????? ??????? (Abstract Reasoning) ?? ?????? ??? ????? ??? ???,M
What do you think of the decision by the Indian Government to demonetize 500 and 1000 rupee notes?,500 ??? 1000 ?? ??? ??? ???? ?? ?????? ????? ?? ???? ??? ?? ?? ???? ??? ???,M
How can I lose weight in 25 days?,???? ?? ??? ??? ?? ???? ?? ????? ????? ??? ?? ????,M
Should there be a war between India and Pakistan for Kashmir?,??? ????? ?? ????? ?? ?? ?? ??? ????? ??? ??????? ??? ??? ?? ???? ????? ???,M
On the quick offer form what exactly do I need to do I don't want to buy anything?,??? ??? ??? ?????? ???? ????? ?? ????? ??? ???? ??? ??? ???? ?????,M
Is Bihar really developing under Mahagathbandhan sarkar?,??? ?????? ????? ????? ??? ???? ?? ???? ????? ??? ???? ???,M
How do I score above 600 in the NEET 2017?,NEET ?????? ??? 600 ?? ????? ???? ???? ???? ?? ??? ??? ???? ???? ?????? ?????,M
What does it feel like to be beautiful?,??????? ????? ???? ?? ????? ???? ???? ???,M
What is an overcharge protector for batteries?,?????? ??? ???????? ???????? ??? ??? ???? ???,M
Why are my best friend still ignoring me?,"???? ?????? ???? ??? ?? ??? ???? ???? ?? ???? ??? ??? ?? ???? ???? ?? ???",M
What are the needs and importance of the bad effects of festivals on the environment?,??????? ?? ????? ?? ???? ????? ?? ?????? ???? ????? ???,M
Why is Hotel California still popular? Is there any further meaning that the band want to express in this song?,"???? ?????????? ?? ??? ????? ???? ??? ??? ?? ???? ??? ???? ?????? ????? ???? ???",M
I have to give a small 1-minute speech on any topic. What are suggestions for a topic to choose?,??? ??? ?? ????? ?? ??? ??? ?? ????? ??????? ????? ??? ?? ???? ????,M
Do girls love blowjobs?,??? ?????? ?? ??? ????? ???? ??? ???? ??? ?? ??????? ???? ???,M
How did evil originate?,????? ?? ??????? ?? ???? ?? ??? ???? ????,M
Do Uber and UberX drivers have to take you where you want to go?,??? ???? ?? ???? ???? ??????? ????? ?? ?????? ???? ?? ???? ?? ????? ???? ????,M
How do I know if my WhatsApp account has been hacked?,???? ??? ?????? ??? ???? ?? ?????? ???? ?????? ?? ???? ????,M
How can I setup a small scale corrugated boxes factory in India with little or no capital of my own?,???? ??? ?????? ???? ?? ????? ??? ????? ?????? ?? ????? ???? ????? ???? ???? ??? ?? ???? ???,M
Why do people bet on sports?,??? ?????? ?? ??? ?????? ??? ???? ?????? ???? ???? ????,M
How predictive are exit polls?,????? ???? ??????? ????? ?? ???? ???? ??? ???? ???? ????,M
Where could I find a cheap permanent residency for a 54-year-old man?,54 ???? ??? ?? ??? ?? ??? ????? ????? ???? ???? ?? ?? ???? ???,M
Which country has the largest population of Chinese outside of China?,??? ?? ????? ?? ?? ????? ???? ????? ?? ??? ??? ???? ???,M
Should capital gains be taxed?,??? ?????? ????? ?? ???? ???? ???? ????? ??? ?? ???? ??? ???,M
What are some good Android app project ideas?,????????? ??? ???????? ?? ??? ??? ????? ??????? ??????? ??? ?? ???? ????,M
"How do I add a Facebook, Google+ and Twitter link to my YouTube channel art page?",?????? ???? ?? ???? ????? ???? ???? ???? ?? ???? ????? ??? ???,M
How do I seduce girls?,??? ???? ?? ????? ???? ??? ??? ?? ???? ???? ???? ????,M
"What musical key signature is David Bowie's ""Ziggy Stardust"" in?",????? ???? ?? ???? ì???? ????????î ?? ??????? ?? ??? ?? ???,M
Why are INFJs so likely to need or benefit from therapy?,INFJ ?????? ?? ??????? ?? ????? ????? ???? ???? ???,M
What universities does Ligand Pharmaceuticals recruit new grads from? What majors are they looking for?,Ligand Pharmaceuticals ?? ??????????? ?? ???????? ????? ???? ?? ??? ?? ?????? ????,M
How's life at BroadSoft Chennai?,"???? ????? ???? ??? ??? ?? ????? ???? ???",M
Was Michael Jackson a child molester?,??? ?????? ????? ?? ???? ?? ?????? ?? ??????? ??? ???? ????? ????,M
What would Ned have done if Jon looked like Rhaegar?,??? ??? ???? ?????? ???? ????? ?? ??? ?????? ?? ????? ??? ?????,M
Why does Islam allow and encourage cousins to marry? Is this still in practice?,????? ??? ??? ??? ?? ??? ???? ?? ????? ???? ?? ??? ??? ??? ?? ???? ?? ??? ??? ???,M
How do I make Quora feed interesting?,????? ??? ?? ???? ????? ??? ????? ????? ?? ??? ??? ?????? ????? ?? ?? ???? ????,M
How many cloves of garlic should a person eat per day?,?????? ???? ???? ?? ??????? ????? ??? ?? ??? ????? ???,M
"What does ""this is so fetch"" mean?","???? ""This is so fetch"" ?? ???? ??? ???",M
Can the US be invaded?,??? ?????? ?? ???? ???? ?? ?? ?? ??? ??????? ??? ???,M
What is your interpretation of the last episode of Ashita no Joe?,?????? ????? ?? ?? ?? ???? ??? ?? ?? ?? ??? ?????? ????,M
Can someone help me with some acro dance info?,???? ???? ?? ???? ??? ?????? ??????? ???? ?? ???? ?? ?? ???? ????,M
How do I install Redux mod for GTA V directly into the game folder?,GTA V ??? Redux ??? ????? ???? ?????? ???? ?? ????? ??? ???,M
Did you meet your soulmate during a travel? What was your experience?,??? ?? ?? ???? ??? ?? ????? ???? ????? ?? ?????? ?? ??? ???? ????? ????,M
Does society place too much importance on sports?,??? ????? ?????? ?????? ?? ??? ?????? ????? ???? ???,M
How reliable is the Proscan 7-Inch Android Internet Tablet?,??? ????? 7 ??? ????????? ????? ???????? ?? ???? ?? ???? ????? ?????? ???,M
"What would happen if you cover one of your eyes with an eye patch for one year, then take the patch off?",??? ??? ???? ?? ??? ??? ????? ?? ???? ???? ?? ??? ?? ?????? ????? ?? ???,M
How can one start a business for $100?,??? ?? ???? ?? ????? ??????? ???? ???? ?? ???? ????? ??? ????,M
What are some things new employees should know going into their first day at Approach Resources?,????? ??????? ????? ??? ???? ?? ??? ??????? ?? ?? ????? ?? ???? ????? ??????,M
Where can I find children story books in Australia?,???????? ??? ???? ?? ??????? ?? ?????? ???? ?????? ????,M
What individuals and events in history are a source of pride for S„o TomÈ and PrÌncipe?,??? ???? ??? ?????? ?? ????? ??? ??? ?? ????? ?? ?????? ???? ??? ?? ???? ????,M
What is the function of nucleoplasm in a plant cell?,????? ?? ???? ??? ???????????? ?? ????? ??? ???? ???,M
What is the best way to spend my New Year eve?,??? ??? ?? ??? ??????? ????? ??? ?????? ?? ????? ????? ??? ????,M
What causes so much pain with lung cancer?,???????? ?? ????? ??? ???? ??? ?? ?????? ??? ??? ???? ???,M
Why are there no good Indian based laptop companies?,????? ??? ????? ??? ??? ?????? ????? ????? ?? ???? ???? ???? ?????,M
How do payroll companies make money?,?? ??? ???? ????? ???? ???? ??????? ???? ????? ???? ???? ???? ????,M
What are the questions should not ask on Quora?,????? ?? ??? ?? ?????? ?????? ?? ????? ???? ??????,M
What will happen if a fridge door is open for a long time?,??? ???? ?? ?????? ??? ?? ???? ?? ???? ?? ??? ????? ???? ???? ????,M
Why do we kiss?,????? ?? ???? ???? ?? ??? ?? ????? ???????? ?? ?????? ??? ??? ???,M
What does this Arabic text mean in English?,?? ???? ????? ?? ??????? ??? ???? ???? ??? ???? ???,M
What is unusual or different about the food and cuisine in Laos?,???? ?? ????? ??? ???? ??? ?? ??? ??? ?? ?? ??? ????? ????? ???,M
Are there any examples of a person looking good with a really terrible haircut?,??? ???? ??? ??? ???? ?? ???? ?? ?????? ??? ???? ?? ???? ???,M
Why is it said that the American woman is the proverbial sex goddess?,?????? ?????? ?? ???? ???? ???? ?? ?????? ???? ?? ????,M
How do you know what careers are not right for you?,???? ?????? ???? ?? ??? ?? ???? ?? ?? ??? ????? ???? ???,M
How do I verify my Twitter account?,????? ?????? ?? ?????????? ?? ??? ?? ????? ?? ????? ???? ???,M
What is the hardest thing(s) about raising children in Ukraine?,?????? ??? ???? ?? ????? ?? ????? ?????? ?? ?? ?? ??? ?????? ??? ??? ??? ????,M
What is the scope of the XHQ application?,XHQ ????????? ?? ????? ??? ??? ??????? ?? ?????? ??? ???? ???,M
Where can I buy belly dance belts in Mumbai?,????? ??? ???? ???? ?? ????? ???? ?? ????? ?? ???? ????,M
Who is capable of ending Google's monopoly in search?,??? ????? ??? ???? ?? ????? ???? ??? ???? ?? ?????? ?? ????? ??? ?? ???? ???,M
How many years Britain ruled India?,??????? ?? ???? ??? ?? ???????? ?? ????? ???,M
Can Stripe be used to deposit money into a user's bank account?,??? Stripe ???? ???? ???? ?? ???? ?????? ??? ????? ???? ??? ?????? ?? ??? ??????? ?? ???? ???,M
I got suspended from Upwork. Do I have the legal right to create another account?,??? ?? ??? ?????? ???? ?? ???? ?? ??? ??? ?????? ????? ?????? ??? ?? ???? ???,M
How can I make money online in India?,????? ??? ??????? ?? ????? ????? ???? ???? ?? ????? ????? ??? ?? ????,M
How can one improve a credit score by 100 points?,????? ????? ??? 100 ??????? ?? ????? ???? ?? ???? ????? ??? ????,M
What is the limit of 1/x - 1/x (sqrt(x+1)) as it approaches 0?,?? x ??? ?? ???? ???? ?? ?? ????? ?? ?? ?? ???? ???? ????? ?????,M
What are some ways to get rid of pimples in the ear?,??? ?? ???? ???? ?? ????? ??? ???? ?? ?????? ????? ??? ????,M
What are some benefits of being close friends with a lawyer?,??? ???? ?? ???? ????? ?? ????? ????? ??? ?? ???? ????,M
"Apart from Benghazi and deleted emails from Hillary Clinton saver, what else can America blame Hillary for?",?? ???? ??? ?? ??? ??????? ?? ????? ????? ????? ?? ??? ?? ??????? ??? ????? ?? ??? ???,M
Why I chose pearl academy?,??? ?????? ??? ????? ???? ?? ?????? ??? ?? ???? ????,M
Why are there so many haters online?,???? ????? ?? ???? ??????? ???? ??? ???? ????? ???? ????,M
"Should I, as a mentally healthy young man with acquaintances but few friends, be more social to avoid being mistaken for a possible suicide pilot?",??? ?? ???? ????? ???? ??? ??? ?? ?????? ?? ????? ?? ??? ????? ??? ??? ?????? ????,M
How harmful is a 2.5 GPA in college?,???? ??? 2.5 ?? ?? ?? ????? ?? ?????? ?? ???? ????? ????? ????? ???? ????,M
Where does the word 'jitterbug' come from?,"??? ""??? ??"" ?? ???? ?? ?????? ?? ???? ??? ???",M
What are the non-invasive blood glucose monitoring systems abroad?,??? ??????? ??? ?????? ???????? ????? ??? ?? ????? ??? ?????? ????,M
What is the luckiest thing that has ever happened to you in an exam?,?????? ?? ????? ?? ?? ???? ??? ??? ???? ?? ?? ??? ???? ????? ??? ????,M
The old people disrespect the young?,??? ????? ????? ???????? ?? ??? ???? ???? ?? ?? ??? ???? ???,M
Why do Trump supporters believe that Donald Trump can get his platform through congress?,???? ?? ?????? ?? ???? ???? ?? ?? ?? ???? ???????? ?? ??????? ?? ????? ???? ??? ???,M
Why some Jews hate Mark Zuckerberg?,??? ????? ???? ?????? ?? ?????????? ???? ????? ????,M
"When should one use median, as opposed to average?",???? ?? ????? ????? ?? ??????? ???? ????? ????? ???? ???,M
What is Elon Musk's IQ?,????? ??? ?? ????????? ???? ?? IQ ???? ????? ???? ???,M
How do you sign out of the Yahoo Mail app in an Android?,????????? ??? ???? ??? ??? ?? ??? ??? ???? ?? ????? ??? ???,M
What can I do if the resident engineer of the site is corrupt?,??? ???? ?? ??????? ??????? ??????? ?? ?? ?? ?? ???? ??? ???????? ?? ?? ???? ???,M
"Is Kantian ethics a ""consequentialist"" or ""non-consequentialist"" moral theory? Why?",???? ?? ?????? ????? ?? ????? ?? ???? ????? ????? ???? ?? ???? ?? ?????,M
"I'm in love with my bisexual best friend who is also a guy and has a girlfriend, and I want to tell him. How do I move on?",??? ?? ?? ?????? ???? ???? ??????? ?? ??? ?? ?? ?? ???? ???? ??? ?? ?? ????? ?? ???? ???? ???? ?????,M
How can I view deleted Instagram DMs?,????????? ?? ??? ??? ????? ???? ?????? ?? ???? ????? ???,M
"Can the dishes from the program ""A Bite of China"" be made?",ì?? ???? ?? ?????î ??????? ??? ?????? ??? ????? ?????? ??? ?? ????? ?? ???? ????,M
How can I get Reliance Jio SIM Card?,??????? ??? ?? ???? ???? ???? ?? ?????? ????? ??? ???,M
How we make all types of mobile communication?,?????? ?????????? ???? ?? ?????? ????? ??? ????? ??? ????,M
Should the toothbrush be wet or dry before applying the toothpaste?,???? ???? ????? ?? ???? ??? ???? ???? ????? ?? ??? ????? ???? ???,M
In which order should one watch all the Marvel movies (and TV shows) in order to understand the timeline well?,????? ?? ????? ?? ????? ?? ????? ?? ???? ?? ?? ????? ??? ????? ???? ??????,M
What is the scope of criminology?,????????? ?? ????? ??? ?????? ?? ??? ????? ?????? ????,M
"National Institute of Technology, Kurukshetra: How is the social life at NITK, Surathkal?",??? ??? ?? ???????? ??? ???? ?? ????? ????? ???? ????? ???? ???,M
What will happen if state government goes against supreme court's verdict in India?,??? ???? ?????? ????? ????? ???? ?? ????? ?? ????? ?? ????? ?? ?? ?? ??? ???????? ???? ???,M
Can I sell an abandoned car with no title?,???? ????? ??????? ?? ????? ??? ???? ????? ???? ?????? ???,M
What diet can I eat to grow fast?,??? ??????? ?? ??? ?? ??? ?? ????? ????? ???? ???? ???,M
How many paid users does Zoho have?,???? ???? ???? ?? ?? ???? ??????? ???? ???? ?????? ???? ????,M
"In India, if I'm generating solar energy, is it profitable to sell the electricity to the government or to private enterprises?",????? ??? ??? ??? ???? ???? ???? ???? ?? ??? ??? ??????? ?? ????? ????? ????? ??? ?? ?? ????? ???,M
My Samsung J7 doesn't have screen mirroring feature how can I add it?,??? ?????? J7 ??? ?????? ?????? ???? ?? ?? ??? ???? ??? ?? ????? ?? ???? ???? ??? ?? ???? ???,M
What were the war strategies of the Union and the Confederates during the Civil War?,?????? ???? ???? ?? ????? ????? ??? ???????? ????? ?? ??? ?? ???? ????? ?????? ????????,M
What can I do to stop worrying what others think?,?????? ?? ???? ?? ??? ??? ???? ?? ??? ???? ????? ???? ?? ?? ???? ???,M
What are some unique questions to ask when trying to get to know someone?,??? ??? ??? ?? ????? ?? ??? ????? ??? ????? ?????? ??? ?? ?? ???? ????,M
Why hasn't President Obama appointed a Supreme Court justice to replace Scalia?,??? ?????? ?? ???? ??????? ?? ??? ??? ????? ??? ????? ???? ?? ????,M
Why are you not making money from YouTube?,??? ?????? ????? ?? ??? ??? ?? ??? ?????? ?? ????? ???? ???? ?? ????,M
What is the best way to add crunchy texture to a dish?,????? ??? ????? ???? ???? ???? ?? ???? ????? ??? ????,M
Is it better to wear a suit or put it in a suitcase when travelling?,??? ?? ????? ??? ??? ?? ???? ???? ?? ?? ??? ??? ??? ???? ??????,M
Which city in India has the best weather?,????? ?? ?? ??? ?? ??? ?? ???? ???? ??? ??? ??????? ???? ???,M
Which is the best programming language to learn in 2017?,2017 ??? ?????? ?? ??? ??? ?? ????????? ??????? ?? ?? ???? ????,M
How often does Elon Musk work 168 hours a week?,??? ????? ??? ????? ???? ??? 168 ????? ??? ???? ??? ?? ?? ?????? ???,M
Can I take NyQuil and Sudafed at the same time?,??? ??????? ??? ????? ??? ?? ??? ???? ???? ????? ???,M
What music genre is this?,?? ???? ?? ????? ??? ?? ???? ????? ???,M
Why is the number for Skype at 1-855-425-3768 always busy?,"?????? ?? ???? ????? ????? ???? ???? ??? ??? ?? ????? ???? ???",M
Why do siblings fight?,??? ??????? ?? ?????? ??? ??? ????? ???? ?? ??? ??? ??? ???? ???,M
"What's the meaning of ""I gotta take a shit!""?","???? ""I gotta take a shit"" ?? ??? ???? ???? ??? ???",M
What is triloca.com?,triloca.com ??? ???? ?? ???? ?? ??????? ??? ???,M
How is Perl used in the aerospace industry?,???????? ??????? ??? ??? ????????? ??????? ?? ????? ??? ??????? ???? ???,M
What is the (true) nature of reality?,????? ?? ??? ???? ?? ???? ??? ???????? ?????? ??? ???? ????,M
"What is cached data? Will it cause any problems, if we clear cached data?",??? ???? ??? ???? ?? ??? ??? ??? ???? ?? ?????? ?? ??? ?? ??? ??? ???? ???,M
What type of government does Turkey have? How does it compare to the one in Wales?,???? ?? ?????? ???? ???? ?? ???? ?? ?? ?????? ??? ????? ???,M
What will the iPhone 7 look like?,??? ??? 7 ?? ?????? ??? ????? ?? ???? ??? ??????? ???? ??? ????,M
Why do some hackers use Mac over Linux?,??? ????? ????? ?? ????? ??? ???? ???? ????? ???? ????,M
What's the strangest or most memorable moment you've had working as an immigration officer?,???????? ???? ?? ??? ?? ??? ???? ???? ?? ?? ?? ?? ?????? ????? ??? ????,M
How do I connect my laptop as headset for my Android Smart Phone?,??? ??? ??? ?? ????????? ??? ?? ?????? ?? ??? ?? ??????? ??? ?? ???? ???,M
"I'm an atheist in the US, raising my child with no religion. What should I tell her to answer when asked: what is your religion?",??? ?????? ???? ??? ?? ??? ?? ???? ?? ???? ??? ??? ??????? ?????,M
What should do to reduce hair fall?,????? ?? ????? ?? ?? ???? ?? ????? ????? ??? ?? ????,M
Do people always get answers to their questions on Quora?,??? ????? ?? ??? ??? ???? ?????? ?? ?????? ???? ?? ???? ????,M
"What is a good solar panel installation provider near Mentone, California CA?","??????? ?????????? ?? ???? ???? ???? ????????? ????? ??? ?? ???",M
What is the most revealing question a person can ask?,?? ??? ?? ???? ?? ?? ??? ?? ????? ?? ?? ????? ???? ???? ???,M
What are the pros and cons of San Francisco Ballot Measure G (2014)?,??? ???????? ?? ???? ???? G (2014) ?? ????? ??? ??????? ??? ????,M
What do people with borderline PD think of Reddit?,????? ???? ???????? ?? ???? ???? ??? ???? ???? ???? ???? ?? ???? ??? ??? ???? ????? ????,M
Do Russians actually like vodka?,??? ????? ???? ??? ????? ?? ???? ????? ?????? ????,M
What are some of the best classes at UPenn?,????? ??? ?? ?? ????? ?? ???? ????? ??? ?? ????,M
What are the most popular IDEs on Linux best suited to PHP development?,????? ?? ?? ??? ?? ???????? ?? ??? ??? ?? IDE ?? ?? ????? ??????? ???? ???,M
How do I get my company's website on the first page of Google?,???? ??? ????? ?? ???? ???? ?? ??? ???? ???? ?? ???? SEO ????? ??? ????,M
"I am very concerned about my future. I couldnít clear my JEE exam, I worked hard, I feel demotivated, how do I believe in myself?",?????? ??? ?????? ?? ??? ??? ??????? ???? ???? ???? ?? ?????? ????? ??? ?? ???? ???,M
Which elective I should choose in 3rd year at IIITD CSE branch?,??? ??? ??? ?? ???? ??? ??????? ????? ?? ????? ??? ?? ??? ??? ?? ??????? ????? ???? ??? ???,M
How is simple harmonic motion linked to circular motion?,???? ??????? ???? ??? ????? ?? ???? ?? ?????? ???????? ???? ??? ???,M
Why the month February has only 29 days?,"????? ??? ?? ?? ???? ???? ???? ?? ?????? ???? ?? ????? ??? ???",M
Is the US trade embargo against Cuba illegal under international law?,??? ????? ?? ?????? ?????? ?????? ??? ???????? ?????? ?? ???? ???? ???,M
Where can I stream the movie Black Mass for free?,??? ???? ??? ?? ???? ??? ?????? ?? ??? ??? ?? ??? ????? ????? ????,M
Why do I want to lose weight?,??? ??? ?? ???? ?? ????? ??? ???? ????? ???? ?? ???? ????,M
How we can travel faster than light?,??? ????? ?? ????? ?? ????? ??? ??? ?????? ??? ?? ???? ???,M
"What is a ""quasi-contract""? What are some examples?",????? ??????? ?? ???? ??? ?? ??? ?? ?? ?????? ???? ?????? ?? ???? ????,M
How can I apply for my car to be on Overhaulin'?,?? ì???? ?????î ??? ???? ???? ???? ????? ?? ??? ??? ???,M
Why wasn't Dumbledore or any Hogwarts headmaster aware of the fact that the Grey Lady is actually Helena Ravenclaw?,???? ???? ????? ??? ??? ?????? ?? ??? ???? ?? ??? ????? ?? ??? ???? ???? ????,M
Will there be a sequel to Interstellar?,??? ????????? ??? ?? ????? ??? ???? ?? ???? ????? ???,M
Which programming language do Linux Mint 18 Sarah built on?,????? ??? 18 ???? ?? ?????? ????????? ???????? ?? ???? ??? ???? ??? ????,M
What is the difference between a woman and a wife?,???? ??? ???? ?? ????? ??? ?????? ??? ??? ????? ???? ???,M
Who was philosophical guru of Shivaji Maharaj?,??????? ?????? ?????? ?? ???? ?? ?????? ????? ??? ????,M
Can a high court set on matters relating to sting operation?,??? ???? ???? ????? ?????? ?? ????? ??????? ?? ????? ?? ???? ???,M
"What is an alternative for the word ""is""?","??? ""is"" ?? ?????? ????? ??????? ??? ??? ?? ????",M
How do I develop an application using C++ and Python?,??++ ??? ??????? ????? ?????? ??? ??? ?? ??? ???? ???? ?? ?? ???? ???,M
What are the steps to get the UAN number for my PF account?,?? ??? ?????? ?? ??? ?? ?? ??? ???? ???? ???? ?? ???? ????? ??? ??? ???,M
How do I convert (hard copy) a file into a soft copy if after this I want to make changes in that PDF?,???? ???? ?? ?? ?? ??? ??? ????? ?? ?? ?? ??? ??????? ???? ?? ???? ????? ??? ???,M
What is the difference between an MP3 and an MP4 file?,MP3 ??? MP4 ?????? ??? ?????? ??? ??? ???? ???,M
Have cavemen been scientifically tested?,"??? ???? ??????? ?? ""??? ???"" ?? ?????? ????? ?? ??????? ???? ?? ??? ???",M
Are barbiturates OTC drugs?,??? ???????????? ?????? ???? ???? ?? ?????? ???? ????,M
Can I make a daisy chain with 2 monitors using an HDMI?,??? ?? ??????? ?? HDMI ?? ????? ???? ??? ????? ??? ???? ?? ???? ???,M
How much will you sell your soul for?,??? ???? ??? ?? ?? ???? ??? ???? ??? ????? ???,M
Kellyanne Conway was the first woman to lead a candidate to victory. Why don't liberals care about this?,???? ??? ??? ?? ?? ??????? ?? ????? ?? ????? ???? ???? ???,M
What are the 6 best/most useful German phrases to know?,???? ???? ?? ?? ???? ???? ??? ?? ??? ?? ?? ?? ????? ?????? ????,M
Are there different length deadlift bars?,??? ?????? ???? ????? ???????? ??? ?????? ???? ????,M
Have you ever heard of travel hacking?,????? ????? ?? ???? ?????? ???? ???? ?? ????? ?? ???? ??? ?? ????? ????,M
Can I make 700 dollars a day playing poker?,??? ???? ???? ?? ?????? ??? ?? ???? ????? ????? ??? ???? ???,M
How do I find the correct Wells Fargo routing number for my bank account?,???? ????? ???? ?????? ?? ??? ???? ????? ???? ???? ?? ???? ??? ?? ???? ???,M
What species of caterpillar is this?,?? ??? ?? ???? ?? ???? ?? ????? ??? ???,M
How many types of fruit?,????? ?? ???? ?????? ????? ???? ???? ????,M
Why is veganism so controversial but eating meat and dairy not?,???? ???? ????? ?? ????? ????? ???? ?? ???? ???? ??? ???? ??? ??? ?? ???? ????,M
How do you get a book published?,???? ???? ???? ???? ???? ?????? ?? ???? ????? ??? ???,M
Were you surprised that Trump won and why?,"??? ???? ?? ??? ?? ?? ?? ????? ???? ??? ??? ?? ?????",M
Which is the best IDE for Java servlets?,???? ??????? ?? ??? ?? ?? ???? IDE ??? ?? ????? ???? ???,M
What are the biggest lies that society tells us?,?? ??? ?? ??? ??? ?????? ??? ?? ?????? ???? ?? ?? ??? ?? ?????? ???,M
What is manspreading and why is it such a big problem?,"""??? ????????"" ??? ?? ??? ??? ????? ????? ???? ????? ???? ???",M
Where can I get very affordable printing services for luxury paper bags?,????? ???? ???? ?? ???? ?????? ?? ??? ???? ??? ???? ?? ???? ???,M
How do I score good marks in ACCA?,?? ?? ?? ?? ???????? ??? ???? ???? ???? ???? ?? ??? ??? ?? ????? ???? ???? ???,M
How can I improve my English grammar?,??????? ????? ???? ????? ?? ??? ??? ?? ?????? ????? ?????? ????,M
What age is appropriate to wear bold lipstick?,???? ?? ???? ????? ?? ??? ??? ?? ??? ????? ????? ???? ???,M
Where do I get a job as an IATA trainer or a travel trainer in India?,????? ??? IATA ?? ????? ????? ?? ??????? ???? ?????? ????,M
Where can I read the reviews of Brain Plus IQ brain booster?,???? ??? ??? ??? ??????? ?? ????? ?????? ???? ?? ???? ????,M
How much CGPA I require to get an admission for MTech CSE at IIT Madras?,??? ??? ?? ????? ??? ??? ??? (?? ??? ??) ??? ????? ?? ??? ?? ?? ?? CGPA ???? ??????,M
What is the quickest way to increase Instagram followers?,????????? ??????? ???? ?? ?????? ?? ????? ????? ??? ???,M
Where can I get the jacket that Ranbir Kapoor is wearing in song 'Matargashti'?,???? ???? ???? ??? ????? ???? ?? ???? ???? ?? ????? ?? ???? ???,M
Do I need to fail to succeed in business?,??? ??????? ??? ??????? ?? ??? ?????? ??? ????? ????? ???,M
Which has better apps: iOS or Android?,???? ?? ????? ??? ????? ??? iOS ???? ?? ?? ??????????,M
What was the coolest military unit of all time?,????? ?? ?? ?? ?????? ??? ????? ???? ???? ??? ?? ????? ???? ???,M
How do I recover permanently deleted files from Ubuntu?,?????? ??? ????? ??? ?? ??? ??? ?????? ???? ???? ???? ?? ???? ????? ???,M
What is the difference between È´òÈìÅ (gaotie) and Âä®ËΩ¶ (dong che)?,"???? ???????? ""gaotie"" ??? ""dong che"" ??? ??? ??? ???",M
How do I write text over image in HTML?,HTML ??? ??? ????? ?? ??? ???? ???? ?? ???? ???,M
"My dear Quorans, do we still need sales or marketing managers? I see a global trend that consumers know their products well. What's the future of it?",?? ?????? ??? ???????? ?? ??? ??? ?? ??? ???? ?? ???????? ??????? ?? ????? ???? ???,M
What would be the estimated cost of repairing the cracked screen of iPhone 6?,??? ??? 6 ?? ???? ?????? ?? ???? ?? ?????? ???? ??? ??? ???,M
What is compensation like at the non-profit OpenAI?,??? ????? ????? OpenAI ???? ??????? ?? ?? ????? ?? ?????? ???? ???,M
What is the steering wheel on a ship called?,???? ?? ???????? ???? ?? ???? ?????? ??? ??? ??? ???? ???,M
Will people really scratch or damage an exotic car parked on the street?,??? ??? ????? ??? ?? ???? ????? ?????? ?? ????? ??????? ????,M
What is the cut off of PSUs for Chemist?,?? ??? ?? ??????? ??? ????? ???? ?? ??? ?? ?? ?? ?? ?? ????? ??? ???? ????,M
How do you restore a deleted OkCupid profile?,???? ????? ?? ??? ??? ??????? ?????? ???? ???? ?? ????? ??? ???,M
How much money does 500 Startups put for how much stake at Seed level?,500 Startups ????? ??? ?????? ???? ?? ???? ??? ???? ???? ??? ???? ???,M
What's the street value of A332?,??? A332 ?? ??? ?????? ?????? ??? ???? ???? ??? ???,M
Is Pakistan the worst democracy in the world?,??? ??????? ???? ?? ?? ?? ????? ????????? ??? ???? ???? ???,M
How many keywords are there in Assembly programming language in the latest version?,???? ?????? ??????? ??? ?? ???? ?????? ?? ???? ???? ????,M
What are some of the best interview questions asked for a electronics engineering student?,?????????? ????????? ?? ???? ?? ??????? ??? ??? ??? ?? ??? ?? ??? ?????? ????? ???? ????,M
"Do babies pee inside the womb? If so, where does it go?","??? ??? ??? ?? ??? ??? ????? ???? ???? ??? ??? ??? ?? ?? ???? ???? ???",M
What universities does Powell Industries recruit new grads from? What majors are they looking for?,????? ???????? ?? ??????????? ?? ??? ???????? ?? ????? ???? ?? ??? ??? ?? ?????? ?????? ????,M
Is it worth it to get a degree in accounting?,??? ???????? ??? ???? ???? ???? ?????? ?? ???? ?? ????? ??? ???,M
Why do gums get black?,??????? ?? ???? ???? ?? ?????? ??? ???? ????,M
How can I find a movie script?,??? ??? ?? ???? ?????? ?? ???? ???? ?? ???? ??? ?? ???? ???,M
As a startup what is the most important thing to keep in mind when developing an edtech platform?,?????? ?????? ?? ????? ??? ?? ?????? ???? ?? ???? ???? ????? ???,M
Is hypnosis possible?,??? ??????? ????? ???? ??? ?????? ??? ?? ???? ??? ??? ???,M
How do I find a hacker?,??? ????? ???? ?? ????? ???? ?? ????? ???? ??? ?? ???? ???,M
Autism: Will my 5-year-old non-verbal autistic daughter ever speak?,??? ??? ????? ???? ???? ?? ???? ??? ??? ??? ????? ???? ???? ???,M
What is your review of Love in Thoughts (2004 movie)?,??? Love in Thoughts (2004) ?? ???? ??? ?? ?? ???? ??? ???,M
What are some examples of social justice issues in education?,????? ?? ???? ??? ????? ????? ?? ?????? ????? ??? ?? ????,M
"On Facebook, how can I add mutual friends?",??? ?? ?? ?????? ?????? ?? ??? ???? ?? ????? ??? ???,M
How is phonetics useful?,?????? ?? ??? ???? ?????? ??? ?? ??? ?????? ???? ???? ???,M
"I am frightened of Arvind kejriwal, he may kill me, What shall I do?",??? ??? ????? ??? ?? ??? ?? ???? ?? ?? ?????? ???? ???? ???? ?? ??? ??? ??? ?? ???? ???,M
What is the responsibility of SAP ERP key user?,"??? ?? ?? ?? ?? ?? ?? ""?? ????"" ?? ?????? ??? ?????? ??? ???? ????",M
Which are some best books of paper sets for Maharashtra Board class 12th?,???????? ???? ??????? ????? ?? ??? ?? ?? ???? ?????? ???? ???? ??? ?? ?????? ??? ???? ????,M
What is spectrum in?,???????? ?? ???? ????? ??? ??? ??? ???? ???,M
What are the best places to visit near kolhapur?,????? ??? ?? ???? ??? ? ????? ?? ?????? ?????? ??? ?? ????,M
How do you treat acne scars?,???? ?? ??? ????? ?? ????? ?? ?????? ?? ??? ???? ?? ???? ????? ??? ????,M
How long does a human need to die after drinking rat poison?,???? ??? ??? ???? ?? ??? ????? ???? ??? ??? ????? ???? ???,M
What do Turks think about Albanians?,??? ???? ??????? ?? ????? ?? ???? ??? ??? ????? ???? ????? ????,M
Should I learn Meteor?,??? ?????? ???? ??? ?????? ?????? ??? ??? ???? ???,M
Should I grow my hair?,??? ?????? ?? ????? ??? ??????? ??? ????,M
How a good programming language is helpful to develop a new programming language?,??? ????? ????????? ??????? ??? ??????? ?? ????? ??? ???? ????? ???? ?? ???? ???,M
What individuals and events in history are a source of pride for Kazakhstan?,???????? ?? ????? ??? ?? ?????? ??? ?????? ?? ??? ?? ??? ?? ????? ???? ???,M
How do I reduce hysteresis loss in transformer?,?????????? ??? ??????? ??? ?? ???? ?? ??? ??? ?? ??????? ??? ???? ????,M
What are the differences between Hindustani classical music and Carnatic music?,???????? ??? ?????? ??????? ?????? ??? ?????? ??? ??? ???,M
Why does the Indian President/Prime Minister not appear on Indian television shows like the US President?,?????? ??? ?? ????????? ????? ?? ?? ??? ??? ???? ???? ???? ???? ???? ?????? ??? ???? ????,M
Who were the Aztec?,????? ??? ??? ??? ??? ?? ?? ????? ?? ??? ??? ????? ?????,M
What is the right etiquette for wishing a Jehovah Witness happy birthday?,??? ?????? ????? ???? ?? ????? ????? ?? ?????? ?? ????? ???? ????? ???,M
Some question whether life exists on other planets. What do you think about it?,??? ???? ?? ????? ???? ?????? ?? ????? ?? ???? ????? ????? ????,M
"Mobile Applications: How can I login to my WhatsApp account on my new phone, with the same number?",??? ??? ??? ??? ???? ??? ???? ?????? ???? ???????? ??? ?? ???? ???,M
How can I learn 2 languages at the same time?,??? ???? ?? ?????? ?????? ?? ???? ????? ??? ????,M
"If I want to study hotel management after 12th, which branch should I take for 11th and 12th?",???? ??????? ??? ????? ?? ??? 11??? ??? 12??? ????? ??? ??? ?? ????? ???? ???? ???,M
"I got job offer @ Chelmsford-Essex, London with £3764 PM pay-after tax deduction. Pls advice tentative monthly expenses for couple? & saving possible?",???? ??? £3764 ?????? ?????? ?? ??? ???? ?? ??? ???? ??? ??? ????? ??? ???? ?? ???? ???,M
How can I check wifi history and access it through android phones?,????????? ??? ?? ???? ???? ????? ?? ????? ??? ?????? ?? ???? ????? ???,M
Will India abrogate the Indus treaty?,??? ????? ???? ??? ?????? ??? ???? ?? ????? ????? ???,M
Who are GoldenSource's top competitors?,????? ???? ????? ?? ??? ???? ?? ??????? ????? ??? ?? ????,M
Is Bashar Al Assad a psychopath?,??? ????????? ?? ????? ?? ?????? ?????? ?????????? ?????? ????,M
How do I find hidden sms apps on a android?,????????? ??? ???? ??? ??? ??? ???? ???? ???? ?? ????? ??? ???,M
How do I burn a dvd movie using windows 10?,????? 10 ??? ?? ?? ?? ?? ???? ???? ???? ?? ???? ????? ??? ???,M
How do geologists classify crystal structures?,?????? ?????? ????? ?? ???? ?? ?? ??????? ?? ???? ??? ???? ????,M
What are some cheap spiced rum brands?,?? ???? ??? ????? ??? ?? ?????? ??? ?? ????,M
"What's the next number in the series 1,1,1,2,2,2,6,6,6?","?? ???? ????? 1,1,1,2,2,2,6,6,6 ?? ??? ???? ???? ??? ???? ??????",M
Was K. Balachander a poor director of Tamil cinema?,??? ??? ???? ???? ?? ??? ????? ?? ????? ?????????? ??? ???? ??? ?? ???? ???,M
How do I measure RTT and throughput in Java for some packets I need to send?,???? ??? ????? ?? RTT ??? ?????? ?? ?????? ?? ????? ?? ?? ?? ???? ???,M
What are the king and queen of fruits and vegetables (I'm sure that exists)?,"??? ?? ??? ??? ?????? ""??????"" ??? ""????"" ?????? ??? ??? ?????",M
What are the common thoughts across every religion?,???? ?? ???? ????? ??? ??? ?? ?????? ????? ?? ?????? ????? ???? ???? ????,M
What is cutoff of gate civil?,??? ??? ????????? ?????? ?? ???? ?? ?? ????? ???? ???? ???,M
How do I introduce myself for an interview?,??????? ?? ????? ???? ????? ??? ???? ????? ???? ??? ??? ?????,M
What is the best software for an auto repair shop?,??? ????? ???? ?? ??? ?? ?? ?????? ???? ???? ??? ?? ???,M
Is it foolish to get two undergraduate degrees? Does anybody actually do it?,??? ??? ???? ?? ??????????? ?????? ???? ???????? ?? ?? ??? ?? ?????,M
What team of people (staff) is needed to run a growing website business?,??? ???? ???? ??? ???? ?? ????? ?? ??? ?? ?????? ?? ??? ????? ???? ???,M
"What's the best on-line calendar/scheduling/booking system? Something that allows me to show my availability & customers can 'request' to meet me. When I 'accept' their request, the appointment pops into our calendars & reminders are automated.",???? ??? ?? ?? ???? ???? ???? ?? ?? ?????? ??? ?? ?????? ?? ??? ?? ??? ??? ????? ???? ???,M
Which state in Iran speaks pure Hindi?,??? ????? ?? ???? ????? ????? ???? ???? ????? ?? ?? ?? ??? ????? ???,M
Where is Travancore state in India?,????? ??? ???????? ????? ?????? ??? ??? ?? ???? ?? ??? ???,M
How much does an Ola Mini cab earn on average per month from an investor's point of view in Mumbai?,????? ??? ??? ???? ??? ??? ?? ?????? ???? ????? ?????? ??? ?? ???? ?? ???? ???? ???,M
How many parvas are there in the Mahabharat?,???????? ??? ?? ???? ?????? ?? ????? ???? ????,M
Can we switch roles at Amazon?,??? ??????? ??? ????? ???? ???????? ?? ??? ??? ???? ???,M
Does your dog get excited when you play The Weeknd's music?,"??? ?? ?? ??? ?????? ?????? ""The Weeknd"" ?? ???? ?? ?????? ???? ???",M
What do you mean by financial statement analysis?,?????? ???????? ???????? ?? ???? ??? ?? ??? ?? ?? ???? ??? ???? ???,M
Which comment do girls like the most?,?????? ?? ???? ????? ?? ?? ????? ?? ????? ???? ??? ????,M
Do pigeons have feelings?,??? ??????? ??? ??????? ?? ????? ???? ???? ????,M
Why are foreigners reviewing Indian movie trailers on YouTube?,??? ???? ?????? ?? ?????? ????? ?? ?????? ??? ???? ?????? ???? ?? ??? ????,M
"If I have to ask my first question on Quora, what should that be?",????? ?? ???? ???? ?????? ?? ??? ??? ?? ????? ???? ?????? ?????,M
Can somebody explain to me how to do this problem with steps?,??? ???? ?? ???? ?? ?? ?? ???? ????? ????? ??? ????? ???? ???,M
What is the meaning of the Hindi word 'Gathbandhan' and the Urdu word 'Ittehad' respectively?,???? ??? í??? ?????ë ??? ???? ??? í?????ë ??? ????? ??? ??? ???,M
What are the advantages of linked lists over arrays?,???? ?? ?????? ??? ???? ??? ?? ????? ??? ????,M
What universities does Rexnord recruit new grads from? What majors are they looking for?,???????? ????? ?? ??????????? ?? ????? ???? ?? ??? ?? ?????? ?? ????? ???? ???,M
Why isn't there a 32GB model of the iPhone 6?,???? ?? ??? ??? 6 ?? 32 ?? ?? ???? ???? ?????? ???? ??????,M
What is the science behind jallikattu?,?????? ???? ?? ????? ?????? ???? ??? ?????? ???? ??? ????,M
Which country is best for higher education and work?,????? ????? ??? ?????? ?? ???? ?? ??? ?? ??? ?? ?? ???? ????? ???? ???,M
How do I get internship in the UK?,??????? ??? ????? ?? ???? ???? ?? ???? ???? ????? ??? ???,M
What is the strongest structure or strongest shape under compression?,???? ?????? ???? ?? ???? ?? ?? ?? ????? ???????? ??? ??? ?? ???,M
What permission is required to make the school bags?,????? ???? ???? ???? ?? ??? ??? ?? ????? ?? ?????? ?????? ????? ???? ????,M
Whether the life is depended on hard work or by luck?,??? ????? ??? ??????? ???? ?? ???? ?? ?? ???? ???,M
What are some of the best photos?,?? ?? ?? ??? ?????? ??? ?????? ??????? ??? ?? ????? ???? ????,M
Who are the worst actors in Hindi movies?,???? ??? ??????? ?? ?? ?? ????? ?????? ??? ????? ???? ????,M
What is love?,???? ?? ??? ????? ??? ???,M
Who is the worst actor and actress to win an Oscar?,???? ?????? ????? ???? ????? ?????? ?? ??????? ??? ??? ????,M
How can we imagine the 4th dimension?,"????? ???? ?? ""????? ????????"" ?? ???? ??? ??? ???? ???? ?? ???? ???",M
Who are some lesser known important historical figures of Tunisia and what should people know about them?,????? ?? ????? ?? ?? ?? ????? ?????? ??? ?? ??? ?? ?? ???? ??? ????? ????? ???,M
Where can I get best fire protection solutions in Sydney?,???? ??? ?????? ???? ????? ????? ???? ?????? ????,M
How is the BBA course at St. Xavier's Kolkata?,"???? ??????? ??????? ??? ?? ?? ?? ??????? ?? ????? ???? ???",M
How do I download full versions of Korean dramas with English subtitles for free?,????? ????? ??????? ?? ?????? ?? ???? ??? ???? ??? ???? ?? ?????? ????? ??? ???,M
How good are the placements of chemical engineering in Thapar University?,????? ????????? ??? ?????? ????????? ?? ???? ?? ??? ???????? ???? ????? ????,M
Does my mobile phone have a fixed IP address or does it change frequently?,??? ?????? ??? ?? IP ?????? ????? ???? ?? ?? ?? ????? ?? ??? ???? ???,M
I have been with my partner for 8 years. Last year we broke up for a bit and I got with someone else and ended up marrying them. Now I want my ex back?,??? ???? ?? ??? ???? ????? ?? ??? ????? ???? ? ????? ?? ??? ??? ???? ??????,M
"My hair smells when I don't wash it for a day, how do I cure it?",??? ??? ??? ?? ????? ?? ???? ??? ?? ?? ?? ???? ???? ??? ???,M
What are good gifts for a foreign visitor to bring when they're invited to someone's home in Martinique for the first time?,???????? ?? ??? ??? ??? ???? ??? ???? ???? ??? ???? ????? ?? ??? ????? ???? ??? ?? ???? ???,M
What is the difference between probability and expectation?,?????? (Probability) ??? ???? (Expectation) ??? ?????? ??? ??? ???,M
How do I make my curly hair straight and permanent?,????????? ????? ?? ????? ??? ????? ????? ?? ????? ??? ???,M
What's the easiest program to learn how to create a website?,??? ???? ????? ?? ??? ?? ?? ???? ???? ???? ?? ???? ???? ??? ?? ???,M
What is the best way to resize images without Photoshop?,??????? ?? ???? ?????? ?? ???? ???? ???? ?? ???? ????? ??? ???,M
How can I prepare for the IES exam?,??? ?? ??? ?????? ?? ???? ????? ?? ??? ?? ???? ?? ???? ?? ?????,M
Why did the Umayyad Caliphate fall? What could have been done to avoid his fall?,???? ????? ?? ???? ?? ??? ?????? ??? ???? ??? ??? ???? ???? ?? ???? ????,M
Is Jennifer Aniston Indian?,??? ?????? ?????? ?? ???? ????? ?? ???,M
How are the placements at St. Xavier's Kolkata for the BBA course?,???? ?????? ??????? ??? ?? ?? ?? ?? ???? ?? ??????? ?? ?????? ???? ???,M
My car's brakes/wheels make a screeching/squeaking sound every time I brake. What is wrong and how do I get it fixed?,???? ????? ??? ??????? ??? ?? ??? ?????? ??? ??? ??? ?? ?? ?? ??? ???,M
Where is Dakota Fred from Gold rush now?,???? ?? ?? ????? ???? ?? ??? ???? ??? ??? ?? ??? ????,M
How do I enter a new email ID which I can access to recover my Facebook ID?,??? ?? ?????? ?? ??? ??? ????? ????? ?? ??? ???? ???? ??? ???? ???,M
How can I change my snapdeal account's mobile number?,????? ??? ?????? ??? ?????? ?????? ???? ????? ???? ?? ????? ??? ???,M
How did Criminal get greenlit? What's the backstory of how the movie got made?,??? Criminal ?? ?????? ??? ????? ?? ??? ???? ????? ??? ????,M
What are the important details about buy car insurance online?,?? ???? ??? ??????? ?????? ??? ?? ????? ?? ??? ????? ???? ??????,M
What is garbage value? And Why do we get garbage value in c?,?? ??????? ??? ì?????? ?????î ?? ??? ???? ?? ??? ?? ???? ??? ???,M
Can somebody explain to me how to do with steps this five little problems?,??? ???? ?? ???? ????? ?????? ?? ?? ????? ??? ????? ???? ???,M
When can I expect my Cognizant confirmation mail?,??????? ?? ???????? ?? ??? ?????? ???? ?? ??? ??? ???,M
How do you determine the Lewis dot structure for sulfate?,????? ??? ?? ???? ??? ??????? ????? ?? ????? ??? ???,M
"What do guys mean when they ask ""How can I make it up to you?"" after they've done something wrong?",???? ì?????? ????? ???? ?????î ??? ?? ??? ??? ?? ??? ???? ???? ????,M
I am a high school sophomoreÖ What should I choose for extracurriculars?,???? ????? ??? ????? ??? ??? ?????? ??? ?? ???? ?????? ?? ??? ?? ??? ?????,M
Where can I get very reasonable price for men's shoes in Sydney?,???? ??? ?????? ???? ????? ???? ?? ???? ???? ????,M
What are the working netcut defender android applications without root?,??? ??? ???? ??? ?? ??????? ???? ???? ????????? ???? ??? ?? ????,M
What is the price of liquors in military canteen?,????? ?????? ??? ???? ?? ??? ?????? ???? ???? ????,M
"Which city is the best among Chennai, Coimbatore, Madurai and Trichy?","????? ????????? ??????? ??? ????? ??? ????? ?? ???? ?? ??? ?? ??? ???? ???",M
Which government psu Exam (non gate) is very easy to crack for engineers?,???????? ?? ??? ??? ?? ???-GATE ?? ??? ?? ???????? ?????? ???? ???? ???? ????,M
"Is there any sense to have registered company (LLC or Inc) before going to VC, if you have no clients?",??????? ?? ???? ?? ?? ?? ???? ????? ????? ???? (LLC/Inc) ???? ???? ???,M
"What are the key differences between living in Moscow and St Petersburg, Russia?",????? ??? ???? ???????? ??? ???? ?? ????? ??? ?????? ??? ??? ????,M
I am planning to buy Le 1s EcoÖ heating issue resolved?,Le 1s Eco ?? ????? ????? ?????? ?? ??? ?? ?? ?? ?? ???? ????,M
When will the BJP government strip all the Muslims and the ChristiansÖ?,??? ????? ??? ????? ??????? ?? ????? ?????? ???? ??????? ??? ???? ????? ???,M
What are some of the best thriller novels? What makes them the best?,?????? ????? ???? ??? ?? ????? ???? ??? ??? ????? ????? ??? ????? ???,M
Ösecond year of engineering. Should I start preparing for CAT now?,????????? ?? ????? ??? ?? CAT ?? ????? ???? ???? ????? ??? ??? ???,M
What is the rudest thing that a customer told you while you were serving them?,???? ?? ???? ?? ????? ??? ??? ?? ?? ???????? ???? ??? ????,M
How much money I can withdraw from an SBI ATM with an SBI card?,??? ?? ??? ???? ?? ?? ?? ??? ?? ????? ????? ?? ?? ???? ???,M
How can I make my MacBook suitable for heavy games?,??? ?? ?? ???? ????? ?? ??? ???????? ???? ???? ????? ?? ???? ???,M
What is correct format of Transcript for third year engineering student? And how it differs from resume?,????? ??? ?? ????????? ??????? ?? ????????? ?? ???? ?????? ??? ?? ??? ?? ?????? ?? ???? ????? ???,M
How windy must it be to delay a plane takeoff on an average airliner flight?,??? ????? ??? ??? ?? ?? ????? ?? ??? ??? ?? ????? ???? ???? ?? ?????? ???? ???,M
What pay packages does a graduate in Pakistan get? How are the job prospects over there?,??????? ??? ???????? ?? ???? ???????? ??? ?????? ?? ??????? ???? ????,M
What are the best wallpaper apps for iPhones?,??? ??? ?? ??? ?????? ??? ???? ???? ??? ?? ????,M
How do I enjoy sex with my newly married wife?,??? ???? ??? ???? ?? ??? ??? ??? ??????? ???? ?? ???? ????? ?? ????? ??? ????,M
"Which Hindi news channel shows the genuine, correct news without being biased?",??? ?? ???? ???? ???? ??? ??????? ??? ????? ???? ???? ???,M
Is USA the most powerful country of the world?,??? ?????? ?? ??? ????? ???? ??? ??????? ???,M
Would you say a tall Asian maleÖ same privileges as a tall White male?,??? ????? ??????? ??? ?? ?????? ?????? ??? ???? ??? ??? ???? ?????? ???? ????,M
Why do people say female gamers are hot?,?????? ????? ?? ì???î ???? ?? ????? ???? ???? ????,M
How many minutes does it take to soft boil an egg?,???? ???? ????? ???? ??? ??? ??? ?? ???? ??? ???? ????,M
Ölearn playing acoustic guitar. How do I decide which kind of guitar to buy?,??? ??? ???? ?????? ?? ??? ??? ?? ???? ??? ?????? ????? ?? ??? ????? ???,M
What will you do if you find out that your girlfriend is not over her ex?,??? ????? ?? ?? ????? ???? ???? ???? ?? ???? ???? ?? ??? ??? ?????? ?????,M
How can I open a WhatsApp database (crypt8) without using a rooted phone?,??? ??? ???? ???? ??? ?? crypt8 ??? ?? ???? ?????? ?? ????? ????? ???,M
"While doing Sudarshan Kriya, do we have to focus on breathing?",?????? ???? ?? ????? ???? ?? ???? ???? ????? ???,M
How Google helps in spam ranking adjustment of the search results?,???? ??? ??? ????? ?????? ?? ???? ?? ??? ??? ?? ??????? ??????? ???? ????,M
What are the average and maximum packages out of IIM A/B/C?,??? ??? ??? ??/??/?? ?? ???? ??? ????? ?? ????? ????? ???? ???? ???,M
How many attempts are permitted for OBC candidates? Ö creamy layer?,?? ?? ?? ????????? ?? ??? ???? ?????? ???? ??? ??? ????? ???? ?? ????? ??? ?? ??????? ?? ???? ??? ???? ???,M
What is the best way to constantly improve self-confidence in a relationship?,???? ??? ??? ??????? ?????? ????? ??? ?????? ?? ???? ????? ??? ????,M
What exercise equipment burns the most belly fat?,??? ?? ???? ?? ???? ?? ??? ??? ?? ???? ??? ????? ??? ???? ???,M
I will spend around 7 days in Bali soon. What should be my travel plan?,??? ?? ?? ??? ???? ?? ????? ??? ?????? ???? ????? ??? ?? ???? ???,M
Which are famous colleges accepting XAT score?,XAT ????? ???? ???? ???? ????? ?????/????? ????? ??? ?? ????,M
How will I get over this girl?,??? ?? ?????? ??????? ??? ?? ?? ??? ????? ?? ???? ????? ??? ???,M
"What is a boy/girl called when he/she is 1ñ6, 6ñ11, 11ñ14, 14ñ18 years old?","1ñ6? 6ñ11? 11ñ14 ??? 14ñ18 ??? ?? ??? ??? ???? ?? ??? ??? ???????? ??? ????",M
Why don't Americans eat more back bacon?,?????? ????? ??? ??? ???? ?? ???? ??? ??? ???,M
Is it possible to use the internet on a phone without Wi-Fi or mobile data?,??? ???? ???? ???? ??? ?????? ???? ?? ??? ?? ??????? ??????? ?? ???? ???,M
What is the future for Turkey geopolitics in the Middle East?,????? ????? ??? ???? ?? ?????????? ?? ????? ???????? ??? ???? ?????? ???? ???,M
Can anyone predict my birth chart?,??? ????? ?? ???? ??????? ?? ??? ??? ??? ?? ??? ??????? ????? ???? ????,M
What does it mean when you press on someone's name on Instagram and it says user is not found?,????????? ?? ìUser not foundî ?? ????? ???? ??? ???,M
What is the best route from Bangalore to Goa by car?,??????? ?? ??? ?? ??? ?? ????? ?? ?? ????? ??? ????? ????? ??? ?? ???,M
What's creative about playing a musical instrument if you don't compose your own music?,???? ???????? ?? ???? ?? ?????? ??? ????? ??? ??????? ???? ????? ???,M
What is your review of Srilanka?,??? ???? ???? ?????? ???? ???? ????? ????? ???? ???,M
What is the greatest symphony orchestra today?,?? ?? ??? ?? ?? ?? ????? ????? ??????? ?? ?? ???? ???? ???,M
My laptop is not starting and is showing a blinking cursor only. What should I do?,??? ??? ?? ??? ?????? ???? ??? ?? ???? ???? ??? ?? ?????,M
How should I answer if an interviewer asks me to sell a penÖ?,??????? ??? ì?? ??? ??? ?? ???????î ???? ?? ???? ???? ???? ????,M
How do I make my girlfriend shave her hairy arms?,??? ????? ?????? ?? ??? ?? ????? ???? ?? ?? ?????? ?? ???? ????? ??? ??? ???? ?? ?????,M
How much does a YouTuber with 1 million subscribers earn in a year?,?? ???? ?????????? ???? ??????? ?? ????? ?????? ????? ???? ?? ???? ???,M
What is the price of Yamaha FZ16 chain sprocket?,?????? FZ16 ?? ??? ?????? ?? ??? ?????? ???? ??? ?? ??? ???,M
What's the best strategy for a foreigner to get an internship in SF?,??? ???????? ??? ??? ???? ???? ?? ??? ????? ?? ???? ???? ?? ???? ????? ???? ??? ???,M
How can I become atheist?,????? ????? ???? ?? ????? ?????? ?? ???? ??????? ??? ???? ????? ????,M
Did Jesus like bananas?,??? ?????? ???? ??? ???? ?? ????? ???? ?????? ?? ???? ??? ???? ???,M
How do we improve reading skills of children?,???? ?? ????? ???? ???? ????? ?? ???? ????? ??? ?? ????,M
What are the best songs for low voices?,?? ??/???? ???? ?? ??? ????? ???? ??? ?? ????,M
Is there a state ranking for NEET 2?,??? ??? 2 ?? ??? ?????? ??? ?? ??? ???? ???? ???? ???? ???,M
What if I shift my job from e-commerce to cloud computing?,?? ????? ?? ????? ???????? ??? ?????? ??? ???? ?? ??? ????? ??? ??? ????,M
Which countries are considered as Western?,?? ????? ?? ?????? ì??????î ?? ???? ??? ???? ???? ???,M
What is plate earthing?,???? ?????? ??? ?? ??? ???? ??????? ???? ???,M
What is todays lucky numbers?,ì?? ?? ??? ?????î ???? ????? ?? ????? ??? ???? ???,M
Any good neuroscience books for beginners?,????? ????? ???? ???? ????? ?? ??? ??? ?? ?????? ????? ????,M
Why should women be treated equally to men?,?????? ??? ????? ?? ?????? ?? ?????? ??? ??????? ????? ??? ????,M
What are the best sad songs?,???? ???? ?? ??? ????? ???? ??? ?? ???? ???? ????,M
Can I upgrade Windows 32 bit to 64 bit Windows 8.1?,??? 32-??? ????? ?? ????? ???? 64-??? 8.1 ?? ?????? ??? ?? ???? ???,M
What is the average package in IIT?,??? ??? ?? ???????? ?? ???? ??????? ????? ???? ???? ???,M
Who is currently the best Hollywood movie director?,?????? ??? ??? ???? ?? ?? ???????? ???????? ?? ??? ?? ??? ????? ???? ???,M
What is the process of cell division?,?????? ????? ?? ?????? ????? ??? ?? ????,M
What is the best recipe for chicken pizza?,??? ???? ????? ?? ?????? ??? ???? ????? ??? ???,M
How do Eisenhower and Kennedy differ?,???? ???? ??? ?????? ?? ????? ??? ???????? ??? ?????? ??? ??? ????,M
What are some mind blowing unseen images of Burj Khalifa?,??? ????? ?? ?? ????? ??? ???? ??????? ???? ?????? ?? ???? ????,M
Is there any stronger force than gravity in the cosmos in a planetary fashion?,??? ??????? ?????? ?? ???? ??? ?? ????? ???? ????? ??? ????? ????,M
What are the advantages if a country is a member of the UN or disadvantages if it is not?,?????? ????? ?? ????? ?? ????? ??? ??? ????? ?? ??????? ??? ?? ???? ????,M
How many characters are in Xchrisone Animation joke episode 5?,Xchrisone ??????? ?? ??? ??????? 5 ??? ?? ???? ????? ?????? ???? ????,M
When will jailbreak for 9.3.4 be released?,iOS 9.3.4 ?? ??? ????? ??? ???? ?? ?????? ???? ?? ?? ???? ???,M
What is the best Christmas gift for you?,?? ?? ????? ????? ?? ?? ?? ???? ??? ???? ??? ?? ???? ???,M
Is fried food unhealthy?,??? ???? ????? ??? ?? ??? ?? ?? ?? ????? ?? ????? ???? ???,M
Is graph theory counted as a prerequisite for machine learning?,??? ???? ????? ?????? ?? ???? ???? ?????? ????? ????? ???,M
Which players have scored the most goals direct from free-kicks in the premiership?,??????? ??? ??? ????? ???? ??? ?? ?? ?? ?? ????? ??? ?? ?? ??? ????,M
What are most underrated date activities?,??? ?? ???? ?? ?? ?? ??????? ??? ???????? ??? ?? ??? ?? ??????? ?????? ???? ???? ????,M
How do you obtain an instant ulcer pain relief?,???? ?? ???? ?? ????? ??? ??? ???? ???? ?? ??? ??? ??????? ??? ???? ???,M
Öcomparisons between Bush and ObamaÖ how many of those can be attributed to Obama?,??? ??????? ?????? ?? ????? ????? ??? ????? ?? ???? ??? ?????? ?? ???????? ?? ??? ?? ???? ???,M
What are some examples of direct and indirect taxes?,????? ???? ??? ???????? ???? ?? ?????? ?????? ??? ????,M
How do I get bottle caps in PokÈmon Sun and Moon?,PokÈmon Sun/Moon ??? ???? ???? ???? ???? ?? ???? ????? ??? ????,M
What is molar heat capacity? How do you determine its formula?,???? ??? ??????? ??? ?? ??? ?? ?? ??????? ???? ??? ??? ???? ???,M
I haven't seen Arvind Kejriwal in real life. Have you?,??? ?? ?? ????? ???????? ?? ???? ???????? ????? ???,M
What should I know before joining the National Guard?,????? ???? ??? ???? ???? ?? ???? ?? ????? ?? ???? ????? ????? ???,M
How long does WhatsApp keep the delivered data like images or etc. in the server?,???? ??? ???? ?? ????? ??? ?????? ?? ?????? ???? ???? ?? ????? ???? ????,M
What does physiological mean?,ì??????????î ??? ?? ???? ???? ?????? ??? ?? ????? ?? ??? ???? ???,M
What makes you proud to be Canadian?,??? ??????? ???? ?? ??? ????? ???? ?? ?? ?? ??? ??? ?? ?? ????? ??? ???,M
How much money do people make from YouTube videos with 1 million views?,?????? ?? ?? ???? ???? ?? ?????? ??? ?? ???? ????? ?? ???? ???,M
Why surgical masks have a blue and white side?,?????? ???? ?? ???? ??? ???? ??? ?? ??? ??? ???? ??? ???? ???,M
How many times we can we masturbate in a week?,???? ??? ??? ??? ?? ????? ?? ????? ?? ???? ????? ???? ???,M
What is the eligibility for SNAP 2016?,SNAP 2016 ?????? ?? ??? ????? ?? ?????? ???? ??? ????,M
What's the difference between freemason and Illuminati?,??? ???? ??? ?????????? ??????? ??? ??? ??? ?? ??????? ?? ???,M
How can I learn node.js in a week?,??? ??? ?? ??? ??? ??? ???? ??? ???? ??? ?? ?????? ???? ???,M
What is the log of 0.35874?,0.35874 ?? ??? ?????? ?? ????? ??? ????? ??? ?????,M
What are the best iPhone/iPad emulators for PC?,?? ?? ?? ??? ??? ?? ??? ??? ????? ?? ??? ?????? ???????? ??? ?? ????,M
How can you obtain the pedigree for a Spitz/Poodle mix?,????? ??? ???? ??? ??? ?? ??? ?? ??? ???? (???????) ???? ?? ???? ?? ?? ???? ???,M
Is Qatar Airlines lenient on the excess baggage fine?,??? ????????? ??? ????? ????? ?? ?????? ???? ??? ?? ??? ???? ???,M
How can I get a job at Google as a janitor?,???? ??? ????? ?? ???? ?? ??? ?? ?????? ???? ???? ?? ????? ??? ????,M
How do I participate in The Kapil Sharma Show as audience member?,??? ???? ?? ?? ????? ??? ???? ???? ?? ??? ???????? ???? ?? ???? ???,M
How can I retain downvoted question in Quora?,?????? ?? ???? ??? ???? ?? ??? ???? ???? ?? ????? ?? ???? ????? ???,M
Which are the prospering towns in Kerala?,?????? ?? ?? ??? ?? ??? ??? ?? ???? ?? ???? ?? ??? ????,M
"If my reservation status is RAC, does it mean the seat has been confirmed?",?? ?? ?? ?????? ???? ?? ??? ???? ???? ??? ?? ????? ????? ???? ???,M
How is it to be an income tax inspector?,???? ???? ??????? ?? ??? ?? ??? ???? ?? ????? ???? ???? ???,M
I applied to a lot of jobsÖ company with bad ratings. Should I take the job?,???? ????? ???? ????? ?? ??? ???? ???? ?????? ?? ??? ?????? ???? ?? ???? ???,M
Which is the best real estate agency in Pune?,???? ??? ?????? ??? ????? ???? ????? ?????? ??? ?? ???,M
What is the weirdest gift you received on your birthday from your sibling?,????? ??? ?? ???? ?? ??? ?? ?? ?????? ???? ?? ??? ??? ????,M
Which Indian movies deserve to win an Oscar?,?? ?????? ????? ?? ?? ???? ?????? ?? ???? ?????? ????,M
Who discovered or invented math?,????? ?? ???? ?? ????? ?? ???? ?? ????? ?? ??? ???? ???,M
How can I make a teddy bear at home?,??? ?? ??? ???? ????? ?? ??? ?????? ????? ??? ????? ??? ????,M
How does purell kills bacteria?,?????? ???? ????????? ???????? ?? ????? ?? ??????? ??? ??? ???? ???,M
What is a localized infection?,???????? ??????? ?? ???? ??? ?? ??? ?? ?????? ???? ???,M
"How do you say ""good morning"" in Hindi?",???? ??? ì?? ??????î ?? ??? ??? ?? ??? ???? ???? ???? ???,M
Why should Indians pay Income Tax?,????? ??? ???? ???? ??? ???? ?? ?????? ??? ?????? ?????? ??? ????,M
I have a chance to learn either kickboxing or karate. Which one should I go for?,?? ?????? ??? ????? ??? ?? ??????? ?????? ????? ?? ??? ??? ???? ???,M
"What does ""engineer"" mean?","??? ""???????"" ?? ??? ????? ?? ???? ??? ???",M
What are the environmental impacts of the tourism industry and how does it negatively impacted Dubai?,???? ??? ????? ?? ????? ?? ???? ????? ?? ?????? ?? ????? ?? ???? ????,M
Why is America more powerful than Russia?,?????? ?? ??? ?? ????? ?????? ?????? ?? ?????? ?????? ??? ????,M
Want to make more money per month?,?????? ????? ?????? ?? ??? ???? ??? ???? ????? ??? ?? ???? ????,M
What is the effect of cooling rate on grain size?,???? ?? ????? ?? ????? ????? ?? ???? ?? ???? ????? ???? ???,M
What is binary option trading?,?????? ???? ?????? ????? ?? ???? ?? ??? ???? ???,M
How safe is it to use your real name on the internet?,??????? ?? ???? ???? ??? ??????? ???? ???? ????? ???,M
Where can I find a European family office database?,????? ????? ???? ?? ????? ?????? ???? ??? ???? ?????? ???,M
Why is Saudi Arabia lowering the price of crude oil?,????? ??? ?? ??? ??? ?? ?????? ?? ???? ?? ?????? ???? ???????,M
Can SketchUp Pro really do as much as Autodesk products?,"??? SketchUp Pro? Autodesk ???? ???? ?? ????? ??? ????? ?? ???? ???",M
"Since East and West Germany united in 1990, are there any differences left between them?",????? ??? ????? ????? ?? ?????? ?? ??? ??? ???? ?????? ??? ???? ????,M
Couldn't someone buy a huge number of Virgin America headphones and resell them for a profit?,??? ???? ?????? ?? ??????? ???? ?? ?????? ????? ???? ????? ??? ?? ???? ???,M
What is the best horror movie you have seen?,?? ?? ??? ??? ?? ?? ?? ?? ?? ?????? ???? ??? ??? ?? ???,M
Is government liaisoning legal in India?,??? ????? ??? ?????? ??????? (????? ????) ?????? ????? ??? ??? ???,M
What color is inside an A-008 10mg?,A-008 10mg ???? ?? ??????? ??? ??? ???? ???,M
What do Japanese think about Malaysian?,?????? ???? ?? ????????? ?? ???? ??? ????? ???? ??? ???,M
How do you smooth a wax sculpture?,??? ?? ????? ?? ????? ???? ?? ???? ????? ??? ?? ????,M
Is 16 GB enough for me on iPhone 6?,??? ??? 6 ?? ??? 16 ?? ?? ??????? ?? ?? ??????? ?? ???? ?? ???? ???,M
How do you spend your time in summer?,?????? ?? ???? ??? ?? ???? ???? ??? ???? ?????? ????,M
Why is economic a social science?,????? ?? ????? ????? ?? ??? ???? ????? ???? ???,M
What are some good ways to memorize things for a test?,?????? ?? ??? ??????? ???? ????? ?? ???? ????? ??? ?? ????,M
What is the process for a Leave Request from the US Army?,?????? ??? ??? ???? ?? ??????? ??? ????? ?? ??????? ????? ??? ???,M
Do Mexican girls like black guys?,??? ??????? ?????? ??? ???? ??? ????? ?? ??? ??? ??? ???,M
"In India, what are the differences between ordinance, bill, law and act?","????? ??? ???????? ??? ????? ??? ???? ??? ???? ??? ??? ???? ???",M
How do I start a data analysis project?,???? ??????? ??????? ?? ???? ????? ??? ???? ??? ???? ???,M
How do Germans treat their WWII vets?,????? ??? ????? ???? ???? ?? ???? ?????? ?? ???? ???? ????? ??? ???? ???,M
Who's the most popular supermodel of all time?,?? ?? ?? ?? ?? ????? ??? ???? ?? ??? ?? ?? ?? ??? ??? ???? ???,M
Which public sector pays the highest salary in India?,????? ??? ??? ?? ?????? ???? ?? ?? ????? ???????? ???? ???,M
What are good interview questions?,??????? ?? ????? ????? ???? ???? ?????? ??? ??? ?????? ??? ?? ????,M
Who was the first U.S. President?,?????? ?? ???? ??? ?? ??? ??? ??? ??? ?? ????? ?????,M
When is the chart preparation time?,???? ?? ????? ?? ??? ????? ?? ??? ?? ?? ???? ???,M
"What is the most common letter found in the English, Spanish, and French?","???????? ??????? ??? ???????? ??? ?? ?? ????? ??????? ???? ???? ??? ??? ?? ???",M
What's the reason behind excessive population in Bangladesh?,????? ??? ??? ????? ?? ?? ???? ????? ?? ?????? ?????? ??? ????,M
Which is the one movie scene you watch again and again?,?? ??? ?? ???? ???? ?? ??? ?? ??? ??? ?????? ???? ???? ????,M
How can I start learning security/ ethical hacking?,?? ????? ????? ?????? ?? ??? ??????? ??? ??? ??? ???? ??????,M
How might Stephen Wolfram had solved multiplication problems without having memorized the times tablesÖ?,??? ??? ?? ??? ?? ???? ??? ?? ??? ?? ?? ??? ?? ????? ?? ?????? ???? ?? ?? ???? ???,M
If I unfriend someone on Snapchat can they still see saved messages that they saved?,????? ??? ?? ??? ?? ??????? ???? ?? ??? ??? ?? ????? ??? ????? ???? ???? ???,M
How does the brain create consciousness?,?????? ???? ??? ???? ???? ???? ?? ?????? ??? ??? ????? ???? ???,M
Is Chennai a well planned city?,??? ???? ?? ???? ???? ?????? ???? ???? ??? ??? ?? ???? ???,M
How easy is it to obtain a fake SC/ST certificate in India?,????? ??? ???? ??? ??/??? ?? ???????? ???? ???? ???? ??? ?? ???? ???,M
What goes through a guy's mind when he touches his girlfriend's ass?,??? ???? ?? ??? ??? ?? ???? ??? ???? ?? ?? ?? ???? ??? ????? ?? ????? ???,M
What are some of the best TV series to watch on Netflix?,??? ???? ?? ?????? ?? ??? ?? ?? ????? ??????? ?? ?? ????? ??? ?? ????,M
What are the questions I can ask people as a part of the survey I am about to conduct for starting a business in catering?,?????? ???? ?? ??? ???? ??? ????? ?? ?????? ?? ????? ?????? ??? ?? ?? ???? ????,M
Where is the RAW filter in Photoshop CS6?,??????? CS6 ??? ?? ????? ???? ???? ????? ???,M
What is chilled milk?,???? ??? ???? ?? ???? ??? ????? ???? ?? ?? ???? ??? ???????,M
Which are the Private detective reveals the tech tips to help men catch their cheating love rat wife?,??? ??????? ?? ?? ??? ??? ??? ?? ?? ???? ???? ?? ?? ????? ????? ?? ???? ???? ????,M
Will manned drones be the flying cars of the future?,??? ????? ????? ???? ?????? ?? ì???? ???? ?????î ?? ???? ????,M
How should I prepare to ensure my selection in KVPY in class 10?,????? ????? ??? KVPY ???????? ?? ??? ???? ????? ???? ?? ?????,M
How does it feel like to be in IIM-A?,??? ??? ??? ???? ???? ??? ????? ?? ????? ???? ???? ???,M
Are you brutally honest with your fears?,??? ?? ???? ??? ?? ???? ??? ??? ?? ???? ????? ????? ????,M
What is the function of cilia in a plant cell?,????? ?? ????? ??? ????? ?? ???????? ????? ??? ???,M
Has anyone done a course from AcadGild?,??? ??? ?? AcadGild ?? ???? ???? ??? ??? ?? ?? ????? ???? ????,M
What is the greatest mystery in the universe?,?????? ?? ?? ?? ??? ?????? ?? ???????? ??? ??? ????? ???? ???,M
What are the essentials to apply for PAN Card?,??? ???? ?? ??? ??????? ???? ?? ????? ????????? ??? ????,M
How much English is spoken in India?,????? ??? ??????? ????? ????? ?? ??? ???? ???,M
Can I access any website by its IP address?,??? ??? IP ?????? ?? ????? ??? ???? ?? ????? ???? ?? ?? ???? ???,M
Which is more required for completing a PhD: patience or brilliance?,?? ??? ?? ???? ???? ?? ??? ????? ????? ??? ??: ??? ?? ??????,M
Why did Kaley Cuoco cut her hair? Is it for the BBT show or did she just want to?,???? ????? ?? ??? ????? ???? ?? ??? ?? ?? ????? ??? ?? ???? ???????,M
How can I treat a corn snake bite?,???? ???? ?? ????? ?? ???? ??? ????? ??? ???? ??????,M
When will MIUI 8 for Xiaomi Redmi Note 3 release in India?,????? ????? ??? 3 ?? ??? MIUI 8 ????? ????? ??? ?? ????? ?????,M
Do I need to get a tetanus shot again?,??? ????? ?????? ?? ??? ??? ??? ?????? ?????? ??????,M
What purpose does music serve in films?,????? ??? ?????? ?? ?????? ????? ?? ???? ??? ???? ???,M
What exercises do you recommend to be able to sing in harmony?,?? ????? ?? ???? ?? ??? ??? ?? ???? ?? ????? ?????? ????,M
How do I move forward with my art?,???? ?????? ??? ?? ??? ?????? ?? ??? ???? ??????? ??? ?? ???? ????,M
What are the sensors available in Acer Liquid Z630S Android Smart phone by using CPU-Z App?,Acer Liquid Z630S ??? ??? CPU-Z ??? ?? ????? ??? ?? ?????? ????? ????,M
How do I became a perfect web developer?,??? ???? ??? ?????? ???? ?? ??? ??? ?? ???????? ????? ????,M
What does it feel like to fall in love with someone in a short amount of time?,??? ?? ??? ??? ??? ?? ???? ?? ???? ???? ????? ???? ???,M
How many keywords are there in AutoHotkey Scripting Programming Language in the latest version?,??? ??? ?? ?? ???? ???? ???? ??? ???? ?? ???? ???? ????,M
"What does ""My people are destroyed for lack of knowledge..."" mean?",??? ì???? ??? ??? ?? ??? ?? ???? ????î ?? ????? ??? ???? ??? ???,M
"Considering your position as Secretary of State gave you insight into the US's drone program, what will you do to reform the targeting process?",??? ????? ????? ?? ???? ??????? ?? ??????? ??????? ??? ?? ??? ???? ?? ??? ??? ??? ??????? ?? ?? ???? ????,M
Can I score 8.5 CGPA if have 7.4 CGPA in first sem?,???? ????? ??? 7.4 CGPA ?? ??? ??? ?? ?????? ?? 8.5 ?? ?????? ???? ???,M
What are the best pictures of female models taken globally?,???? ??? ?? ????? ?? ??? ?????? ??? ?????? ????????? ??? ?? ???? ???? ????,M
What companies are similar to IDEO in the UK?,??????? ??? IDEO ???? ??????/??????? ???? ??? ?? ????,M
Sitecore: What are the licences fees associated with sitecore?,???? ??? ?? ?????? ??? ??? ??????? ??? ?????? ??? ??? ???,M
Do you think the Indian economy will beat the Chinese economy in years to come? Why?,????? ????? ??? ????? ?? ????? ??? ??? ?? ????? ???? ???? ??? ??? ??? ?? ?????,M
How can I avoid over thinking?,?? ?? ????? ????? ?? ???? ?? ???? ?? ???? ????? ??? ????,M
What are some of the criticisms of cultural relativism?,?????? ????? ?? ??? ??????? ?? ???? ?? ???? ????,M
"Is there a ""blind trust"" provision for American Presidents, and how is it enforced?",?????? ??? ?? ??? ì?????? ????î ?? ?????? ??? ?? ??? ?? ?? ??? ???? ????? ???? ???,M
What is the essence of enlightenment?,???? ?????/????? ?? ???? ?? ?????? ???? ??? ????? ???? ???,M
Which universities in the US offer more management content in the management information systems curriculum?,?????? ??? ??? ?? ??????????? MIS ???? ??? ??????? ????? ?? ????? ????? ????? ????,M
How does it feel to retake a class in college?,???? ??? ???? ????? ?????? ???? ?? ????? ??? ??? ?? ???? ???? ???,M
What is the scope for civil engineering in germany?,????? ??? ??? ????????? ?? ?????? ??? ????? ????? ?? ??????? ???? ????,M
"What is the next number in the sequence: 1, 2, 3, 4?","????? 1? 2? 3? 4 ?? ????? ???? ??? ?? ??? ??? ?? ????? ???? ??? ???",M
What opportunities lie my way if I do an MBA after law?,??? ?? ??? ??? ?? ?? ???? ???? ???????? ?? ??? ??? ?????? ????? ??? ?? ????,M
What are the really small things that tell a lot about a person's psychology and personality?,????? ?? ???? ??? ????? ???? ???? ????? ??? ???? ??? ????? ??? ?? ???? ????,M
Is noon 12 am or 12 pm?,????? ?? 12 AM ???? ???? ?? ?? 12 PM ó ???? ????? ??? ???,M
What are the top paid jobs of 2011?,??? 2011 ??? ?? ?? ????? ?????? ???? ???? ??????? ??? ?? ?????,M
What are some unwritten rules in USA?,?????? ?? ??? ??? ?????? ????? ?????? ??? ?? ????,M
How is technology making the world a better place?,????????? ?????? ?? ???? ????? ??? ?? ???? ?????? ?? ??? ?? ??? ???,M
What is your review of Performance Testing?,???????? ?????? ?? ??? ??? ??????? ?? ???? ??? ?? ?? ???? ??? ???,M
Is it worth getting an engineering degree if I struggle to get C's?,??? ????? ????? ?? C ??? ?? ????????? ???? ???? ???? ????? ?? ???? ???,M
Which is a suitable inpatient drug and alcohol rehab center in Appling County GA?,"??????? ??????? ?????? ??? ????? ??? ????? ????? ???? ??? ?? ????? ???? ???",M
What are the best things to buy on Amazon?,??????? ?? ?????? ?? ??? ??? ??? ?? ??? ?? ????? ?????? ??? ???? ????,M
Is lamb meat considered a red meat or a white meat?,????/???? ?? ???? ????? ???? ???? ??? ??? ??? ??? ??? ?? ?? ???? ??? ????,M
"In Japanese, how do you say ""darkness""?",?????? ???? ??? ì???????î ?? ??? ????? ??? ??? ???,M
How can I stop being afraid of working?,??? ???? ???? ?? ??? ?? ??? ???? ?? ????? ?? ???? ????? ??? ????,M
How many Twitter users are there in Switzerland?,?????????? ??? ????? ?? ??????? ???? ???? ?????? ????,M
How do I my epf account no I have my uan?,UAN ???? ?? ???? ??? EPF ?????? ???? ????? ???? ?? ????? ??? ???,M
Did Quora get hacked recently?,??? ??? ?? ??? ?????? ?? ???????? ???? ???? ?? ???? ????? ??? ??? ????,M
Which is better: DTU EEE or IITD production engineering?,DTU ??? EEE ??? IIT ???? ??? ??????? ????????? ??? ?? ???? ?????? ??? ?? ???,M
Is Monica Belucci related to Belushi families house?,??? ?????? ???????? ?? ?????? ?????? (???/???) ?? ???? ???? ???,M
How much do porn stars earn?,???? ????? ?? ?????? ?????? ???? ????? ????? ????,M
I am regarded as complete loser by all. Should I end my life? How much courage it take to restart my life?,??? ?? ????? ????? ???? ?? ??? ?????? ???? ?? ?? ???? ?? ??? ??? ???? ?? ?? ?????,M
What are the best blogs to follow if you're a computer technician/network admin?,??????? ???????/??? ??? ????? ?? ??? ?????? ????? ??? ????? ??? ?? ????,M
Inspirotech is the best web designing company in India?,??? Inspirotech ????? ????? ??? ??? ?????? ?? ?????? ?????? ??? ???? ???? ???,M
"If BeyoncÈ were a color, what color would she be and why?",??? ?????? ?? ??? ??? ?? ????? ?? ???? ?? ?? ??? ?? ???? ??? ?????,M
"Which is a suitable solar panel installation provider near South Gate, California CA?","????? ???? ?????????? ?? ???? ????? ???? ????????? ????? ??? ?? ???",M
Which is the best book to understand special relativity?,????? ????? ????? ?????? ?? ??? ??? ?? ???? ?? ?? ???? ???? ???? ???,M
Is it advisable to do MBA after CA?,?? ?? ?? ??? ??? ?? ?? ???? ?????? ?? ???? ?? ???? ???? ???? ???,M
What have you learned during your internship?,????? ?? ?? ????? ?? ?? ??? ???? ?? ????? ??? ????,M
How does NBA system work?,??? ?? ?? ??? ?? ?????? ??? ???? ?????? ???? ???? ???,M
Do I need to file an income tax return if my only source of income is from the agriculture in India?,????? ??? ??? ????? ??? ???? ?? ?? ??? ???? ???? ????? ???? ???? ???? ???,M
How do I ask my newly married wife to have sex?,??? ???? ??? ??????? ???? ?? ???? ??? ?????? ?? ???? ????? ???? ???? ?? ?????,M
How much will it cost to just build an app like uber if I hire someone external to do it for me?,???? ???? ??? ?????? ?? ???? ???? ??? ???? ???? ?? ???? ? ???? ???,M
Which are the major highways in California and how are they compared to the major highways in Alaska?,?????????? ?? ??? ???? ??? ????? ??? ?? ?????? ?? ???????? ?? ?? ??? ????? ????,M
How can I gain healthy weight and mass?,?????? ????? ?? ??? ??? ????? ?? ??? ???? ?????? ?? ???? ???,M
Who would win in a fight between a brutal cat and a brutal dog?,???? ?????? ??? ????? ??? ??? ??? ??? ??? ????? ?? ?? ??? ?????,M
I am confused between Vivo V5 and Oneplus 2 which one is better?,Vivo V5 ??? OnePlus 2 ??? ?? ???????? ?? ???? ?? ???? ?????? ??? ?? ???,M
What is the most creative college admissions essay you've read?,??? ??? ???? ?? ????? ???? ?? ??? ??????? ????? ?? ????? ?? ????? ???? ???? ??? ????? ???,H
What does the following sentence mean?,??? ?????? ??? ???? ???? ???,H
What are some common facts every mechanical engineer should know?,??????? ????????? ?? ???? ???? ?? ??? ????? ???? ??????,H
Should I shave my head?,?? ?????? ?? ??? ???? ??? ???? ??????,H
What are examples of antonyms with sentence examples?,??? ?? ???? ???? ?? ??? ?????? ????,H
What is the website Funfunnykhez.com for?,"""??? ??99.???"" ??? ???? ?? ???? ??? ??? ???",H
What is #include<conio.h>?,# ???? <????.?> ??? ???,H
Any solutions for unable to upgrade access level for viewing to full transaction of SBI net banking?,??? ?? ??? ?? ???? ??? ????????? ?? ???? ???? ?? ????? ?? ??? ?? ?? ???? ???? ??? ???? ??? ???? ???,H
Have you ever accidentally flashed someone?,??? ?? ?? ???? ???? ?? ???? ??? ?????? ??? ??? ???,H
What are the best apps for increasing vocabulary?,???? ???? ?? ??????? ?????? ????? ?? ??? ?? ?? ????? ????? ??? ?????? ?? ???? ????? ?? ??? ??? ?? ???????? ??? ???,H
"Does Leonardo DiCaprio have a yacht, given his Climate Change advocacy?",???????? ?? ?????? ????? ????? ?? ??? ??? ???,H
How can I prepare for NEET 2017?,??? ???? ?????? ??? ?? ?? ?? 2017 ?? ????? ???? ??????,H
Is it wise enough to go for SSC CGL and SBI PO or IBPS exam 2017 simultaneously?,??? ?? ?????? ??? ???? ???? ??:????? ?? ??? ?? ?? ??? ?? ??? ?? ?? ?? ??? ??? ?? ?? ?? ????,H
"When sending documents in the mail in the United States, under what conditions do you need more than one stamp?",?????? ?? ????? ???? ???? ??? ?? ???? ??? ?????? ?? ??? ?????? ?? ??? ?? ??? ?? ?? ??? ????? ????? ????,H
Why would the U.S. not invade Canada?,??? ?????? ?????? ???? ???,H
What are the top colleges for UG in Archeology in Tamil Nadu?,??? ???? ??? ??? -?? ??? ?????? ???? ??? ?? ???,H
"What's the meaning of ""reference"" in the table?",??? ????? ??? ?? ??? ??? ???? ??? ???,H
Can we charge laptops via USB with a power bank?,?? ?? ???? ??? ??? ?? ???? ???? ?? ???? ???? ?? ??? ????? ???,H
What does it mean when a guy says I like you?,"?? ???? ???? ""????? ???"" ??? ?? ?? ?? ??? ???? ???",H
Do fathers have sex with sons?,??? ?? ?? ???? ???? ?? ???? ???? ?????? ???? ????,H
How do I stay focused and disciplined?,??? ?? ??? ?????? ????? ?? ???? ????? ??????,H
How should I start small business effectively?,How do I start a small business in construction?,H
What is the best Facebook-like plugin for WordPress?,??? ??????? ???? ?? ???? ???? ?? ????? ????? ??? ???,H
"If I have brown eyes and black hair and my wife has blue eyes and blonde hair, what will our son's eyes and hair color be? What is the dominant gene?",??? ????? ????? ???? ????? ??? ???? ?????? ?????? ??? ?? ??? ?? ???? ??? ??? ???? ?? ????,H
Is it true that it is harder to get into Harvard Medical School as a pre-med from Harvard rather than other undergraduate institutions?,?? ?? ????? ?????? ????? ??? ?????? ?? ????? ???? ???? ???,H
Are Bangladeshis ethnically part of Indian race or different?,???? ????? ?????? ???? ??? ?? ????? ??? ??? ????,H
What are the best books for SSC CGL preparation?,????? ???? ??? ??? ?? ?? ?? ??? ????? ??  ??? ???? ?? ???? ?? ????? ?? ????? ???,H
Why do people leave and move out of their parents' house?,???? ???? ?????? ?? ??? ?? ???? ???? ?? ???? ??? ?? ??? ???? ??????,H
What are the best courses in HR analytics in India?,??? ???????? ???  ?????? ??? ???? ????? ???? ???? ??? ????? ????,H
Where did the emperor of Japan hide during the war?,1941 ??? ?????? ??? ????? ??? ???? ????,H
What is the spirit of Quora?,??????? ??? ???,H
Why does one should quit social media?,??? ???? ???? ????? ?????? ??????,H
How can make money on Facebook?,?? ??? ??? ?? ???? ???? ???,H
"What exactly does it mean when you say the universe is ""expanding""? Does the planck-length get bigger? How can there be more space between objects?","??? ?????? ""???? ????"" ?? ??? ?? ?? ??? ???? ???? ??? ???? ???? ??? ??? ???? ???? ??? ???? ??? ?? ??? ???? ??? ???",H
Is it true that Diet Coke's sweetener spikes the insulin and thus contributes to storing more fat?,??? ???? ???? ??? ????? ??? ???? ???? ???? ????,H
What programming language should I learn next?,?? ?????? ?? ??? ????????? ????? ?????? ????????? ?????? ????,H
What's special about Apple?,???? ??????? ??? ??? ??? ??? ???,H
How do I delete thousands of old unread emails from my Gmail?,??? ???? ?? ??? ?? ???? ?? ?? ??? ???? ???? ???? ????,H
As a single mum what age is suitable to stop taking your little boy into the ladies restroom?,????? ??? ??? ?? ????? ???? ???? ?? ?? ?? ??? ?? ?? ???? ??? ?? ????? ????? ???? ??? ?????,H
What are the best pieces of open-source software (preferably Linux based) for diary / journal entry?,?????? ??????? ??? ?????? ???? ???? ???? ???? ??? ???,H
"Is there some way to identify genuine JBL speakers, as fake JBL speakers are also sold in market?","??? 10?? ??? ??? ?? ?? ??? ???? ???? ?????? ?????? ?????? ?? ??? ??? ???? ??? ?? ?? ??? ??? 2 ? ?? ?? ??? ?????? ??? ?? ?? ??? ??? ?? ?????? ????? ??? ???? ???? ??????",H
Who is the richest Big Bang theory star?,??? ??????? ??? ?? ???? ?????? ?? ???? ???? ????,H
How can I lose 15 kilos in one month?,??? ???? ?? ??? ???? ?? ?? ???? ????,H
"What are the companies that hire freshers for electronic design and verification jobs in India, and do they hire off-campus?",???????? ??? ?? ??? ??? ??? ?? ????? ?????? ??????? ??? ??? ?? ??? ????? ?? ??? ????,H
How do Eisenhower and Kennedy differ?,??????? ??? ??????? ??? ??? ??? ???,H
"Do Google glasses look super nerdy? If so, how might Google overcome this perception?",???? ???? ?? ????? ?? ??????? ??? ?????? ???,H
Do you like Microtransactions in video games?,??? ?? ?? ????? ???? ???? ????,H
How can you look at someone's private Instagram account without following them?,????????? ??? ???? ??? ??? ?? ??? ????????? ?????? ?????? ??? ???? ??? ???,H
What are the must watch movies to see before you die?,?? ??? ?? ?????? ????? ??? ????,H
What's a good video editor for windows?,"??????? ???? ??? ? ???? ?? ??? ?????? ????? ??????? ??? ?? ????",H
How can I improve my appearance/overall look?,?????? ????? ??? ?? ???? ????? ?? ?????? ????? ??? ???,H
What is best playstations for gaming?,??? ?????? ?? ?????? ???? ??? ?? ????,H
Is Mexico in danger of becoming a failed state or at the brink of civil war? (2017),"????? ???? ???? ?? ???? ??? ? ?? ?? ??? ??? ???? ??? ??? ?? ????? ????????? ????? ?? ?? ????? ?? (????: ?????? ???????)?",H
Which is the best SSB coaching center in India?,??????? ??? ??? ??? ?? ?? ?????? ????? ????? ????? ???,H
Are there Serbs today who don't hate Albanians?,???? ?????? ?? ???? ???? ???? ????,H
What do the symbols mean on eBay?,????? ?? ??? ???? ???,H
What is the scope of supply chain management in India?,"????? ? ?????? ? ?????? ??? ?????? ??? ?? ?????? ?? ??? ?????? ?? ?????? ??? ???",H
Why is it hard to make real friends and not just people you know by their names?,???? ????? ???? ?? ??? ????? ?? ????? ???? ??? ??? ??? ????? ???†?? ??? ???? ????? ??? ?? ??? ??? ????? ?????? ????†??? ??? ??? ??? ??? ?????? ???? ???? ????,H
Why do women wipe and men don't after they pee?,??? ???? ??? ?? ????? ??? ?? ??? ?????? ?? ???? ????? ????,H
What does Kakigarden.com do?,????????? ??? ??? ??? ???? ???,H
What would Brad Pitt look like if he were shorter?,??? ???? ?? ???? ???,H
What is the best FLAC player on a Mac?,?? ?? ??? ?? ??? ??? ?? ???? ?? ??? ???????? ?? ???? ????? ???,H
what has your life taught you so far?,????? ?? ??? ??? ??????? ??? ????,H
What is the difference between Intentional Communities and Communities of Practice?,????? ??? ????? ???? ????? ???,H
What are some unexpected things first-time visitors to Grenada notice?,??? ??? ????? ????? ??? ???? ??? ???? ??? ?????? ??? ????,H
Why do startups announce fundraising?,???? ??? ????? ?? ????? ???? ?? ?????? ??? ??? ???,H
What is an arbitrage fund? How does it function in India?,???????? ??? ????? ??? ??? ?? ??? ????? ??? ?? ??? ??? ????? ?? ???? ?? ?? ????? ??? ??? ???,H
Are there any members of the Medici family alive today?,??? ?? ??? ???? ????? ????? ?? ???? ???? ????†?? ???? ????,H
Which South American country is cheap to live?,????? ?? ??? ??? ???? ?? ??? ??? ?? ????? ?????? ?? ??? ???? ???,H
What's the best resource for learning how to assemble scientific figures with Adobe Illustrator/Photoshop?,"????? ??????? ??? ?????? ? ??? ?? ?? ?????? ?? ?? ?? ???? ????? ??? ???",H
What is specialisation?,??? ??? ??? ??? ?????? ????,H
What jobs do chemical engineers do?,??? ????? ?????? ??????? ??????? ????????? ?? ????? ?????? ???,H
Can generative models have label bias?,?????? ????? ? ???? ?? ????? ?? ??? ?? ?? ????? ??????? ??? ?????? ???? ??? ???,H
How's life going?,???? ??? ??? ?? ?????? ??????,H
"Which car services are available in Kitchener, ON? How good are they compared to taxis and relative to each other?",?????? ??? ????? ??? ?? ????? ?????? ????†?? ??????? ?? ?????? ??? ??? ????? ?? ???? ???? ???? ????,H
Will a Fitbit accurately track my activity if I am riding a bike?,?? ?????? ??? ?????? ?? ??? ?? ?? ????? ???? ???? ????? ???? ???? ??? ?? (???? ???? ?? ??? ?? ?? ??)?,H
How can I earn money on the Internet?,???? ?? ???? ????? ?? ??? ?? ?? ???? ????? ??? ???,H
How do I get over the fear of everything?,??? ???? ??? ?? ???? ??? ?????,H
What is the main Secret of life?,?? ?? ???? ????? ??? ??? ?? ???? ????? ??? ???? ???? ????? ???? ???,H
Which freelancing Job is suitable to a tester (ETL Testing Domain)?,?? ???? ?????? ?????? ???? ??? ???,H
Why do you not like Hillary Clinton?,????? ????? ???? ??? ??? ????,H
What is a pet?,?? ?? ????? ????? ?? ?? ???? ??? ??? ????? ????,H
"What it mean P1-RC ,S1 63 p2-RC,S1 63 in IRCTC tickets?",??? ?? ?? ?? ?? ?? ???? ??? ??? ??? ?? ??? ???? ???,H
Should I watch American pie with a Indian girl?,??? ???? ??? ???? ?? ???? ?????? ???? ?????? ??????,H
A cab's flat rate is $6 at $0.75 per mile. How many miles could you travel if you only have $20 to spend?,??? ???? ?? ?? 4 ??? ?? ????? ?? ????? ????? ?? ???? ?? ???? ???? ???? ?? ???? ??? ???? ?? ??? 6 ??? ??? ???? ???? ?????? ?? ????? ???? ???,H
Do US presidents get bodyguard protection after they have left the office?,??? ?? ???? ???? ???? ???? ???,H
How do one know famous people on Quora?,?? ????? ?? ??? ????? ????,H
What is it like to get an acceptance letter from Harvard?,?? ?? ?? ?? ??? ?? ??? ?? ?? ?? ??? ????? ????????? ??? ???? ?? ??? ??? ?? ?? ?? ???? ????,H
How long can raw and cooked sausage last refrigerated?,??? ???? ???? ??? ???? ?? ??????? ?? ?? ???? ??? ??? ???? ???? ???? ???? ?????? ???,H
In how many ways can we distribute 10 identical looking pencils to 4 students so that each student gets at least one pencil?,4 ???? ??? ???? ?????? ?? ???? ??? ????? ??? ?????? ??? ?? ?? ??? ?? ?? ?? ?? 2 ??? ?????,H
What are some of the innovative startups in India?,???????? ??? ??? ??? ???? ???????? ??? ????,H
"How is the working environment at SBI Life, Mumbai?",??? ?? ??? ?? ???? ?? ??? ???? ???? ???,H
What is Jake William's favorite fruit?,?? ?? ??????? ??? ??? ???,H
Which football stadium is best in the world?,???? ?? ?????? ?? ??? ??????? ??? ?? ??? ??? ?????,H
What is your definition of evil?,"""?????"" ?? ????? ??? ???",H
What countries can I travel to without an Indian passport?,??? ????????? ???? ?? ???? ??? ?? ??? ?????? ???,H
How do you spy on WhatsApp for Android?,??? ??? ?? ?? ?? ???? ???? ??? ?? ?????? ???? ????? ????????? ?? ??? ??? ?? ?????? ??? ??? ???,H
"What do is meant by a ""full time regular course"" in engineering when applying to PSUs through GATE?",??? ?? ???? ???? ??? ??? ??????? ???? ??? ??? ??? ???,H
Why does my dog sit on me?,???? ??? ??? ?? ???? ??? ???? ??? ???? ???,H
Where can I get best monthly residential cleaning service in Sydney?,???? ?? ???? ?? ?? ???? ??? ????? ???? ???????? ????? ?? ????? ???? ?? ?????? ????,H
What is Inorganic benzene?,?????? ?? ??????? ??? ???? ???,H
Are there any jobs where I can combine my creative and tech minds?,??? ???? ???? ?????? ??? ?? ???? ??? ???? ?? ??? ???? ??? ??? ???? ?????? ???? ????,H
In India what is the difference between a cognizable offence and non cognizable offence?,??? ??? ??? ???†??? ?????? ??? ????,H
"What are the winter weather conditions like in Cincinnati, OH?",?? ???? ??? ???? ???? ?? ????? ???? ???? ???,H
Why is C the best programming language?,??????? ???? ?? ??? ??? ?? ?????? ????????? ???? ???,H
Who is the mother of Cristiano Ronaldo's child?,???????? ??????? ?? ?????? ??? ???,H
What does it mean that every time I look at the clock the numbers are the same?,?? ??? ???? ??? ???? ?? ???? ??? ????,H
What are the strongest majors in terms of job prospects and what are the weakest majors at Jackson State?,?????? ?? ??????? ?? ???? ?? ????? ???? ????? ??? ?? ??? ??? ??? ??? ????? ??? ?? ?? ????? ???? ????? ??? ?? ????,H
What information belongs to address line 3?,?? ??? ?? ??????? ??? ???? 2 ?? ???? ??????,H
How can I deal with cavities on the side of my tooth?,???? ???? ?? ??? ????? ?? ??? ??? ?? ???? ???,H
Do pawn shops accept everything?,????? ???? ??? ???? ???? ??? ???,H
What is [math]x[/math] if [math]x+\left(\dfrac{1}{x}\right) =0[/math]?,[?????] th ????? {\ ??} \ ??_ {???? \ ?? 0 ^ + ??? ?? ?? ?? ??? {1} {????} ^ ?? ?? ?? ??? ?? ?? ?? {-????} {???? + 1} [/ ?????] ??? ???,H
Why are the Seven Wonders of the World referred to as Wonders?,???? ?? ??? ???? ??? ????,H
Can you get high if someone touches weed and then you shake their hand and then you eat something with that same hand?,??? ???? ?? ?? ????? ?????? ?? ?? ?? ???? ?? ??? ?? ?? ?? ?? ???? ?? ??? ?? ??? ?? ???? ?? ??? ??? ?? ????? ?? ??? ?????? ????,H
Can animal fat be used as fuel?,??? ?? ?????? ????? ?? ??? ?????? ?? ??? ?? ??? ??????? ??? ?????? ???,H
Is being friendly a competitive advantage for engineers?,??? ???????? ????? ?? ??? ??????? ???? ?? ??????? ????? ???,H
How is Sandeepani Institute for VLSI design training?,"?? ??? ??? ??? ?? ? ????? ????? ? ????????? ??? ?? ??-?? ??? ??? ??? ?? ????? ?????? ?? ??? ??? ??? ????? ???? ?? ? ??? ??? ???? ?? ??? ??? ??? ????? ???? ?? ?
",H
Is there any app that scans maths questions (in a book or in a image) and searches Google for step by step answers?,??? ??? ?????? ?? ????? ??? ?? ???? ???? ???? ???? ??? ?? ??? ?? ???? ?? ????? ???? ??? ?????? ???†??? ???? ???? ?? ???? ???? ?????? ?? ???? ????? ???,H
Do supernatural beings exist? Is there any real incident which you came across?,???? ????? ???? ?????- ????? ??? ??? ???? ????? ???? ?? ?? ??? ?? (?????? ?? ?????) ?? ?? ??? ?? ??? ?? ?? ?? ?? ???? ???? ???,H
How does the increase in interest rate causes the price level to rise?,??? ?? ????? ??? ????? ?? ?????? ????? ??? ????? ?? ?????,H
Why does Locke decide to kill Bran Stark at Craster's Keep?,?????? ?? ?? ?? ??? ?? ???? ?????? ?? ???? ????? ?? ???? ???? ?? ???? ???,H
Does cognition affect perception?,??? ???? ???? ??? ?????? ?? ????? ???? ???,H
What is the total money required to go to Tomorrowland?,??? ???????? ??? ???? ???? ??? ????,H
What are some unexpected things first-time visitors to Vietnam notice?,???? ??? ????? ??? ??? ???? ??? ??? ????? ????? ??? ???? ???? ????,H
Why did India conduct surgical strikes on Pakistan?,????? ?? ???? ?????? ???????? ?? ????,H
What are some mind-blowing mobile technology tools that exist that most people don't know about?,????? ?? ????? ?? ??? ???? ?? ????? ?? ?? ??? ???? ????? ??????? ?? ????? ??? ????,H
WhaT are the benefits of eating bananas?,???? ?? ???? ?? ????? ?? ??? ????? ????,H
"I want to make a game like ""Clash of Clans."" Are there any suggestions I can use?","?? ??? ??? ???? ????? ?? ????? ????? ""? ??? ???? ??? ??? ?? ???? ???",H
Do employees at Lowe's have a good work-life balance? Does this differ across positions and departments?,?????? ??? ?????? ??? ???? ??? ?? ????? ????? ??? ?? ????? ????,H
How can I become popular in school?,??? ????? ??? ????? ???? ????,H
What are good websites for escorts?,???? ??? ???? ?????? ???? ?? ???? ???,H
How much would it cost to construct 2000 sqft area RCC slab?,2000 ???? ?? ????? ?? ?? ?? ???? ????? ??? ???? ??? ??? ???,H
Will a Fitbit accurately track my activity if I am riding a bike?,?? ?????? ??? ?????? ?? ??? ?? ?? ????? ???? ???? ????? ???? ???? ??? ?? (???? ???? ?? ??? ?? ?? ??)?,H
How can I earn money on the Internet?,???? ?? ???? ????? ?? ??? ?? ?? ???? ????? ??? ???,H
How do I get over the fear of everything?,??? ???? ??? ?? ???? ??? ?????,H
What is the main Secret of life?,?? ?? ???? ????? ??? ??? ?? ???? ????? ??? ???? ???? ????? ???? ???,H
Which freelancing Job is suitable to a tester (ETL Testing Domain)?,?? ???? ?????? ?????? ???? ??? ???,H
Why do you not like Hillary Clinton?,????? ????? ???? ??? ??? ????,H
What is a pet?,?? ?? ????? ????? ?? ?? ???? ??? ??? ????? ????,H
"What it mean P1-RC ,S1 63 p2-RC,S1 63 in IRCTC tickets?",??? ?? ?? ?? ?? ?? ???? ??? ??? ??? ?? ??? ???? ???,H
Should I watch American pie with a Indian girl?,??? ???? ??? ???? ?? ???? ?????? ???? ?????? ??????,H
A cab's flat rate is $6 at $0.75 per mile. How many miles could you travel if you only have $20 to spend?,??? ???? ?? ?? 4 ??? ?? ????? ?? ????? ????? ?? ???? ?? ???? ???? ???? ?? ???? ??? ???? ?? ??? 6 ??? ??? ???? ???? ?????? ?? ????? ???? ???,H
Do US presidents get bodyguard protection after they have left the office?,??? ?? ???? ???? ???? ???? ???,H
How do one know famous people on Quora?,?? ????? ?? ??? ????? ????,H
What is it like to get an acceptance letter from Harvard?,?? ?? ?? ?? ??? ?? ??? ?? ?? ?? ??? ????? ????????? ??? ???? ?? ??? ??? ?? ?? ?? ???? ????,H
How long can raw and cooked sausage last refrigerated?,??? ???? ???? ??? ???? ?? ??????? ?? ?? ???? ??? ??? ???? ???? ???? ???? ?????? ???,H
In how many ways can we distribute 10 identical looking pencils to 4 students so that each student gets at least one pencil?,4 ???? ??? ???? ?????? ?? ???? ??? ????? ??? ?????? ??? ?? ?? ??? ?? ?? ?? ?? 2 ??? ?????,H
What are some of the innovative startups in India?,???????? ??? ??? ??? ???? ???????? ??? ????,H
"How is the working environment at SBI Life, Mumbai?",??? ?? ??? ?? ???? ?? ??? ???? ???? ???,H
What is Jake William's favorite fruit?,?? ?? ??????? ??? ??? ???,H
Which football stadium is best in the world?,???? ?? ?????? ?? ??? ??????? ??? ?? ??? ??? ?????,H
What is your definition of evil?,"""?????"" ?? ????? ??? ???",H
What countries can I travel to without an Indian passport?,??? ????????? ???? ?? ???? ??? ?? ??? ?????? ???,H
How do you spy on WhatsApp for Android?,??? ??? ?? ?? ?? ???? ???? ??? ?? ?????? ???? ????? ????????? ?? ??? ??? ?? ?????? ??? ??? ???,H
Why does my dog sit on me?,???? ??? ??? ?? ???? ??? ???? ??? ???? ???,H
Where can I get best monthly residential cleaning service in Sydney?,???? ?? ???? ?? ?? ???? ??? ????? ???? ???????? ????? ?? ????? ???? ?? ?????? ????,H
What is Inorganic benzene?,?????? ?? ??????? ??? ???? ???,H
Are there any jobs where I can combine my creative and tech minds?,??? ???? ???? ?????? ??? ?? ???? ??? ???? ?? ??? ???? ??? ??? ???? ?????? ???? ????,H
In India what is the difference between a cognizable offence and non cognizable offence?,??? ??? ??? ???†??? ?????? ??? ????,H
"What are the winter weather conditions like in Cincinnati, OH?",?? ???? ??? ???? ???? ?? ????? ???? ???? ???,H
Why is C the best programming language?,??????? ???? ?? ??? ??? ?? ?????? ????????? ???? ???,H
Who is the mother of Cristiano Ronaldo's child?,???????? ??????? ?? ?????? ??? ???,H
What does it mean that every time I look at the clock the numbers are the same?,?? ??? ???? ??? ???? ?? ???? ??? ????,H
What are the strongest majors in terms of job prospects and what are the weakest majors at Jackson State?,?????? ?? ??????? ?? ???? ?? ????? ???? ????? ??? ?? ??? ??? ??? ??? ????? ??? ?? ?? ????? ???? ????? ??? ?? ????,H
What information belongs to address line 3?,?? ??? ?? ??????? ??? ???? 2 ?? ???? ??????,H
How can I deal with cavities on the side of my tooth?,???? ???? ?? ??? ????? ?? ??? ??? ?? ???? ???,H
Do pawn shops accept everything?,????? ???? ??? ???? ???? ??? ???,H
What is [math]x[/math] if [math]x+\left(\dfrac{1}{x}\right) =0[/math]?,[?????] th ????? {\ ??} \ ??_ {???? \ ?? 0 ^ + ??? ?? ?? ?? ??? {1} {????} ^ ?? ?? ?? ??? ?? ?? ?? {-????} {???? + 1} [/ ?????] ??? ???,H
Why are the Seven Wonders of the World referred to as Wonders?,???? ?? ??? ???? ??? ????,H
Can you get high if someone touches weed and then you shake their hand and then you eat something with that same hand?,??? ???? ?? ?? ????? ?????? ?? ?? ?? ???? ?? ??? ?? ?? ?? ?? ???? ?? ??? ?? ??? ?? ???? ?? ??? ??? ?? ????? ?? ??? ?????? ????,H
Can animal fat be used as fuel?,??? ?? ?????? ????? ?? ??? ?????? ?? ??? ?? ??? ??????? ??? ?????? ???,H
Is being friendly a competitive advantage for engineers?,??? ???????? ????? ?? ??? ??????? ???? ?? ??????? ????? ???,H
How is Sandeepani Institute for VLSI design training?,"?? ??? ??? ??? ?? ? ????? ????? ? ????????? ??? ?? ??-?? ??? ??? ??? ?? ????? ?????? ?? ??? ??? ??? ????? ???? ?? ? ??? ??? ???? ?? ??? ??? ??? ????? ???? ?? ?
",H
Is there any app that scans maths questions (in a book or in a image) and searches Google for step by step answers?,??? ??? ?????? ?? ????? ??? ?? ???? ???? ???? ???? ??? ?? ??? ?? ???? ?? ????? ???? ??? ?????? ???†??? ???? ???? ?? ???? ???? ?????? ?? ???? ????? ???,H
Do supernatural beings exist? Is there any real incident which you came across?,???? ????? ???? ?????- ????? ??? ??? ???? ????? ???? ?? ?? ??? ?? (?????? ?? ?????) ?? ?? ??? ?? ??? ?? ?? ?? ?? ???? ???? ???,H
How does the increase in interest rate causes the price level to rise?,??? ?? ????? ??? ????? ?? ?????? ????? ??? ????? ?? ?????,H
Why does Locke decide to kill Bran Stark at Craster's Keep?,?????? ?? ?? ?? ??? ?? ???? ?????? ?? ???? ????? ?? ???? ???? ?? ???? ???,H
Does cognition affect perception?,??? ???? ???? ??? ?????? ?? ????? ???? ???,H
What is the total money required to go to Tomorrowland?,??? ???????? ??? ???? ???? ??? ????,H
What are some unexpected things first-time visitors to Vietnam notice?,???? ??? ????? ??? ??? ???? ??? ??? ????? ????? ??? ???? ???? ????,H
Why did India conduct surgical strikes on Pakistan?,????? ?? ???? ?????? ???????? ?? ????,H
What are some mind-blowing mobile technology tools that exist that most people don't know about?,????? ?? ????? ?? ??? ???? ?? ????? ?? ?? ??? ???? ????? ??????? ?? ????? ??? ????,H
WhaT are the benefits of eating bananas?,???? ?? ???? ?? ????? ?? ??? ????? ????,H
"I want to make a game like ""Clash of Clans."" Are there any suggestions I can use?","?? ??? ??? ???? ????? ?? ????? ????? ""? ??? ???? ??? ??? ?? ???? ???",H
Do employees at Lowe's have a good work-life balance? Does this differ across positions and departments?,?????? ??? ?????? ??? ???? ??? ?? ????? ????? ??? ?? ????? ????,H
How can I become popular in school?,??? ????? ??? ????? ???? ????,H
What are good websites for escorts?,???? ??? ???? ?????? ???? ?? ???? ???,H
"100-101 ICND1 got expired on August 20th, 2016. Does it mean that there won't be CCNA v2 exam anymore?",??? ??? ?? ?? 48 ?????? ???? 26 ???? 2016 ???? ?? ??? ??????†?? ?????? 27 ???? ???? ?? ???†??? ?? ???? ???????? ??? ?? ???,H
What do programmers do at Facebook?,???????? ??? ???,H
How can I transfer money from Skrill to a PayPal account?,??? ???? ?? ??? ?????? ?? ???? ???? ?????? ??? ??? ???? ???? ?? ?? ???? ???? ???? ????,H
Which European country is the best for asylum seekers?,???? ???? ???? ?? ??? ???? ????? ????? ?? ??? ??? ?? ?????? ????? ????,H
Do we have any data about the physiological change of enlightened and awakened people other than the fact they have different brain waves? Have we noticed any change at the cellular or DNA level?,??? ?????? ??? ?? ???? ???? ????? ?? ???? ?? ????? ??? ?? ???????? ???? ????,H
What does asset management mean in the hotel/hospitality industry? What do asset managers do?,???? ???? ????? ??? ?? ?????? ?? ??? ??? ????,H
What is the painting on this image?,?? ?????? ??? ???,H
Is chocolate milk good for you?,?? ?? ???? ???? ???? ???? ???? ???,H
What are the best online dating sites -- Match.com or eharmorny.com?,"??? ???? ??? ? ?????? ??? ????? ???? ??? ???",H
Did Albaani memorise the Qur'an?,??? ???? ??? ???? ?????,H
What are the best sites to download songs?,"???? ??? ? ?????? ??? ??? ?????? ?????? ???? ??? ?? ?????? ??? ????",H
Can an aerospace engineer be a pilot?,??? ???? ????? ?? ???? ????? ??????? ???? ??????,H
What are the pros and cons of marriage?,???? ??? ????? ?? ??? ????? ????,H
How do I simplify capacitor circuits such as one given below?,??? ??? ???? ???? ?? ????? ????????? ?? ???? ???? ?????? ????,H
What is the smartest thing you've seen an animal do?,?? ?? ??? ??? ?? ???? ?????? ??? ??? ???,H
In which year did the GATE set the toughest question for electrical?,??? ???? ???? ?? ?????? ???? ??? ????†??? ??? ???? ????????? ?? ??? ?????? ???? ???? ????†??? ?? ?? ??? ?????? ???? ???? ?????? ????,H
Do you need a passport to go to Jamaica from the United States?,????? ?? ????? ???? ?? ??? ???? ??????? ?? ????? ???? ???,H
What should I do when my answer collapsed on Quora?,?????? ????? ?? ???? ???? ????,H
"When you time travel, do you alter the time for all of universe or just the spot were you are?",?? ?? ?? ???? ??? ????? ???? ??? ??? ??? ?? ?? ?? ???? ????,H
How can hydrogen peroxide remove stains?,????????? ???? ??????? ?? ????? ?? ??? ???? ??? ?????? ????,H
How can I remove IRM protection from Microsoft Office files that were in a SharePoint IRM protected library?,??? ??????????? ??? ?????? ?? ??? ???????? ?? ???? ??? ?????? ????,H
How do religious people reconcile religious faith and open-mindedness?,????? ??? ????? ???? ??? ?? ???? ?? ??? ??? ???? ????,H
Is it possible to accelerate the rate of brning fat from abdominal by using hot belts? If yes suggest any brand?,"??? ""???? ??? ????"" ??? ??? ??? ?? ??????? ??? ???? ????†?????",H
Is calculus 2 on the same level of difficulty as calculus 1? I did well in Calculus 1 (A-) so does that mean I should get an A in Calculus 2 as well?,???? 1 1 ???? ?? ???? ?? ??? ??? ?? ?????? 2? ???? ???? ??? ?? ???????? 1 ??? ?? ??? (-??) ?? ?? ?? ???? ???? ???? ??????? 2 ??? ???? ???? ????? ???,H
What is the best book for IIFT general awareness?,"?????? ?????? ?? ????? ??? ?? ?? ??? ??? ???? ?? ????? ?? ??? ?? ????? ??? ??? ?? ??? ??? ??? ??? ?? ? ???? ?? ?? ??? ??? ??? ??????? ?????? ?? ??? ?????? ???",H
Who is Eleanor Rigby?,?????? ???? ?? ???? ??? ???,H
Why does India always sabotage and badmouth all economic projects Pakistan have with other countries in the world?,??????? ????? ???? ?? ????? ????? ?? ???? ??????? ?? ???? ????? ??????? ?? ???? ?????? ??? ??? ????? ???,H
What are the fins on the side of jet engines for?,??? ?????? ?? ?????? ??? ??????? ???? ???? ??? ???? ???,H
How can I hack a d-link router's password?,??? ?? ?? ??? ???? ?? ??? ??? ???? ????? ?????? ??? ???? ???? ??? ???? ?? ??? ??? ?? ??? ?? ??????,H
How should I prepare for 10th std. board exams [g.s.e.b]?,??? ????? ?????? ??? ??? ?? ???? ????? ?? ???? ??? ??? ???? ???? ??? ???? ????,H
Justin Bieber (musician): What's a Belieber?,???? ???? (???????): ???? ???? ?? ?? ??? ?? ??? ????,H
Is there a MFA program in creative writing that is military friendly?,"??? ?? ?? ??? ?????? / ?????? ????? ??? ??? ??? ?? ???? ?? ?? ? ???? ???? ???? ?? ????? ?? ????? ?? ???? ?? ????? ?? ?????? ????? ??? ???",H
Why doesn't India dare to invade Pakistan?,??? ???????? ?? ???? ??????? ?? ???? ???? ?? ???? ???,H
How can I get into harvard med shool from india?,?? ?? ????? ?????? ????? ??? ?????? ?? ????? ???? ???? ???,H
What do flat earthers believe is on the other side of the flat earth and why hasn't anyone ever explored it (or the edge?)?,???? ???? ?? ????? ??? ???? ?? ??? ?? ???? ??? ???? ?? ??? ???? ?? ?? ??? ?? ?????? ???? ?? (?? ??),H
What are some cool WhatsApp group names?,?????? ??? ?????? ?? ????? ????? ???? ???? ??? ????? ?? ??? ?????? ??? ??? ????,H
How can I get my doctor to prescribe me a benzodiazepine?,???? ????? ????? ???? ???????? ???? ????? ???,H
What can you do to get gel nail polish dry without an UV light?,??? ??? ???? ??? ?? ??? ???? ???? ??? ???? / ??????? ???? ??????? ?????? ????,H
How do I tell her I love her?,??? ??? ???? ????? ?? ??? ?????? ??? ?? ?? ???? ???? ?????,H
What is #include<stdio.h>?,# ???? <????.?> ??? ???,H
How many chromosomes are in a sperm cell?,????? ??? ???? ???????? ???? ????,H
Why does Saturn benefit a house it sits in slowly?,?? ?? ????? ????? ??? ???? ??? ?? ??? ???? ????? ????? ???? ????? ???,H
"What is the best way to respond when someone says ""I love you"" to you?",??? ?? ???? ???? ?? ?????? ????? ??? ?? ?? ????? ?? ???? ???? ?????,H
What is best tourist spot in Maharashtra in India?,???????? ??? ????? ?? ?????? ?????? ??? ????,H
How are Rajya Sabha members elected?,???????? ??? ?????? ?????? ?? ????? ???? ?? ?? ?? ??? ??????? ????? ?? ????,H
What is it like to be the only child of your parents?,????? ??? ?? ????? ?? ??? ????? ???? ???,H
Why is it so hard for educated liberals to empathize with Trump supporters?,??? ???? ?? ?????? ??? ????? ?? ??? ?? ?????? ????? ???? ???,H
"With anti-poor, anti-middle class laws like GST, land, labor reforms, is india going to become authoritarian like china?","?? ???????? ?? ????? ???? ?? ????? ??????? ?? ??? ???? ???? ?? ??? ?? ??? ??? ???? ??? ???? ??? ??? ?????? ? ????? ??? ???? ???? ????? ??? ????? ????? / ???? ????? ?? ????? ????? ???? ??? ??? ???? ????",H
What's the best Thanksgiving turkey cooking procedure for guaranteeing the juiciest turkey every time?,?? ???? ?? ???? ????? ????,H
Why is Lionel Messi so brilliant?,????? ???? ???? ???? ???,H
Is it necessary to do a fashion management course to work in the fashion industry? Can I get a job at a fashion company after doing a general MBA?,??? ??? ???? ??? ??????? ??? ??? ???? ????? ??? ?? ?????? ???? ???? ??? ?? ????? / ??? ?? ????? ?????,H
"Does Stripe or Square-Up act as an ""agent"" to process money transfer or do they also come under the payment processor license in USA?",??? ??????? ???? ??????? ?? ??????? ?? ??? ?? ??? ???? ????? ?????? ?? ????? ???,H
From where can I buy 1st copy branded watches in Mumbai somewhere near Mumbai south and central?,??? ????? ??? ????? ?? ??? ??? ???? ???? ???? ????,H
What are some top US universities that accept 3 year undergraduate degrees?,??? ?????? ??? 3 ???? ???? ???? ?? ???? ???,H
How can I improve my English writing skills?,??? ??????? ??? ????? ???? ?????? ????,H
How much does the Ulta Super Blender Sponge cost?,???? ??? ?????? ???? ???? ???,H
How can I Found My inner Soul to improve Myself?,??? ?? ??? ???? ??????? ??? ?? ???? ?? ???? ????,H
"I am a first year MBBS student and I have heard that the medical PG exams are extremely competitive. In this situation, is it better to do an MD from abroad? Is it true that an MD from the UK or US is comparatively more valuable?",???????? ?? ??? ?? ?? ??? ???? ?? ??? ???? ??? ???? ??? ?? ?? ?? ????? ???? ???? ?? ??? ???? ??? ???? ?? ????? ???†??? ???? ???? ?? ???? ??? ????,H
What are the best ways to lose weight?,??? ??? ?? ?????? ????? ??? ???,H
What religion believes that Jesus is the son of God?,"??? ?? ?? ?? ?? ???? ?? ??? ??? ?? ?? ""??? ?? ????"" ??? ? ""??? ?? ????"" ?????",H
What are the landmark judgements of the Supreme Court of India?,???????? ?? ????? ???? ????? ???? ?? ??? ?? ???? ???,H
Will anything bad happen if I eat too many carrots?,??? ??? ??? ?? ???? ??? ??? ????,H
Do astronauts have a higher rate of cancer due to increased radiation?,????? ?? ????? ????? ?? ????? ???? ??? ??? ????,H
Are there any statistics comparing the divorce rates of married gay couples compared to straight ones?,"????? ? ??? ?? ??? ?????? ?? ?????? ?? ????? ?????? ?? ???? ?? ????? ?? ????? ????? ???",H
What are cheap and budget stay options in North Goa?,??? ??? ???? ?? ??? ??? ?? ??? ???? ?????? ??? ????,H
Is the new MacBook worth buying?,??? ???? ??? ??? ?? ?????? ??????,H
What are some good institute for CAT coaching in Coimbatore?,???? ???? ??? ?? ?? ?? ?? ?????? ????? ????? ????? ???,H
Where can I get a CafePress gift certificate or a gift code?,??? ??? ?? ?? ?? ????.??? ???? ??? ?? ??? ??? ???? ?? ???? ?????? ????,H
Does Mexico have a wall on its southern border?,??? ?? ???? ?? ?? ?????? ??? ??????? ?? ????? ????? ????? ?? ????? ???? ?? ????? ???? ?? ????? ?? ?? ?? ???? ???,H
How much is in an eight ball of meth?,??? ??? ??????? ???? ???? ?? ???? ????? ???? ???? ???,H
What are the stages of breast cancer?,??? ????? ?? ????? ?? ????? ???,H
Why is Quora so popular in India?,???? ?????? ?? ????? ?? ????? ?????? ??? ????? ?? ??????? ??? ???,H
"Is NATO and CIA behind Turkey's failed coup, why Turkey purges NATO military envoys?",??? ??? ?? ???? ??? ?? ??? ???? ???? ?? ???? ??? ???,H
How do I overcome guilt?,??? ???? ????? ?? ???? ??? ???? ?? ??? ???? ???? ?? ???? ????,H
What is the value of value?,1?? ??? ?? ?? ??? ??? ???,H
What are the stages in the cell cycle?,????? ????? ??? ??? ??? ?? ?????? ?? ????? ??? ????,H
"What does the phrase ""He who does not love abides in death"" exactly mean?",???? ???? ?? ??? ???? ?? ?? ???? ?? ??? ???? ???,H
What kind of phone does Linus Sebastian from linustechtips use?,??? ???? ??? ??? ??? ?? ??????? ?? ??? ???? ???? ???? ???? ?? ?? ??? ?? ???? ??? ?? ????? ??????? ???? ?? ?? ?? ??? ?? ???? ??? ??? ??? ??? ?????,H
Are there any colleges in North India that offer an MBA in hospitality & tourism and good placements as well?,??? ?????? ???? ???? ?? ????????? ?????????? ??? ??????? ?? ??? ???? ???,H
Should I go back to school at 30?,??? ???? ???? ??? ?? ????? ???? ??????,H
Can I install an Android app on an unsupported device?,"ÿ≤ÿ® ???: ??? ??? ??? ??? ? ?????? ???????? ?? ??? ???? ????? ????? ?????? ?????? ????",H
What happens when Saturn is in seventh house in Aquarius sign for Leo Ascendant?,??? ??? ?????? ????? ??? ?? ?? ??? ?????,H
How old do you have to be to purchase a vape pen that contains no nicotine in the UK?,?????: ?? ??????? ??? ??? ?? ?? ????? ?? ??????? ?? ??? ???? ???? ??? ???,H
"What business can make you 50,000 a month?","?? ?? ?? ????? ????? ??? ??????? ????? ?? ?? ?? ??? $ 5?000 ?? ???? ?? ???? ???",H
What does it cost to replace brakes on a bicycle?,???? ??? ????? ?? ????? ???? ?? ??? ???? ???? ???? ???,H
"In Freemasonry, why do we open the bible on Psalms 133 in the first degree?",????? ??? ???? ???? ???? ??? ????,H
How is Morse Code used?,???? ??? ??? ???,H
What does it mean to you to be a designer?,?? ?? ??? ?????? ?? ??? ???? ???,H
Why should I learn web design?,??? ??? ?????? ?? ???? ??? ???? ???? ???? ????,H
How can I find a list of the 500 most popular Facebook groups in the USA and Europe?,??? ?? ??? ?? ?? ??? ?????? ?? ??? ????? ?? ???? ?? ???? ????,H
Could you create an operating system with C# and C?,?? ??? ??? ????? ??? ??????? ???? ??? ???? ??? ???? ???,H
When will moto G3 (Moto G 3rd gen 2015) get Android 7.0 (Nougat) update?,???? ?? 3 ?? ??? ?? ??? ?? ??? ?? ?? ???? ???,H
What will be the positive and negative effects of demonization of ‚Çπ500/1000 notes on Indian economy?,?? ?? ??? ?? ??? ‚Çπ1000 ?? ??? ?? ????? 0002000 ??? ?? ?? ??? ?? ?????? ???? ????,H
What are the most annoying fitness questions that need to die on Quora?,?????? ?? ?? ?? ????? ?????? ?? ?????? ??? ????,H
What could Texas lawmakers do to lessen the mentally ill population in jails?,?? ?? ?????? ?? ??? ????? ????????? ?????? ????? ???? ???? ?? ????? ??? ????? ????? ???,H
How are Box and Dropbox able to coexist in such a similar product space? Aren't there big trademark issues inherent here?,?? ?? ??? ?? ???? ???? ?? ???? ???? ?? ???? ???? ???? ?? ????? ???? ???? ????,H
"How can I be smart, genius, wise or intelligent?",??? ?? ??? ??? ???? ??? ???????? ????? ?????? ?? ???? ???????,H
What is the best KDE Linux distro?,??? ?? ?????? ????? ????? ?????? ???†??? ??? ?? ?? ??? ????? ?? ???? ???,H
How is the word 'valiant' used in a sentence?,??? ???? ??? '????????' ?? ??? ?? ??? ??????? ???? ???,H
What is the aim?,????? ?? ???? ??? ???,H
"A bag contains 5 white, 7 red and 8 black balls. If four balls are drawn one by one without replacement, what is the probability of getting all white balls?","??? ??? ??? 5 ???? ??? 3 ???? ?????? ???? ??? ? ??? ?? ?????? ?? ????? ?? ?????? ???? ????†??? ????? ?? ?? ????? ??? ?? ??? ?? ????",H
Do I need copyright permission before uploading a cover of a Bollywood song on YouTube?,??? ???? ??????  ?? ??? ???? ?? ??? ???? ???? ?? ???? ?? ????? ?? ????? ???,H
Who is Azula in Avatar: The Last Airbender?,"????? ????: ????? ""???? ??? ????? ?????"" ?? ??? ???",H
How a particle become a proton or electron?,???????? ?????? ?? ??? ???,H
What is the difference between deism and agnosticism?,??? ??? ??? ???? ??? ??? ??? ???,H
Where can I buy Victoria's Secret in India?,????????: ??? ????????? ?????? ??????? ?? ???? ??????????? ????? ????,H
"Can I use the Invisionapp free UI kits (e.g. www.invisionapp.com/now) for a new app I am developing, or is it just for non-profit use?","???? ??? ??? ??? / ?????? ?? ????? ?? ??? ?????? ???? ?? ? ??? ???? ????? ?? ?? ????? ??? ??? ??? ??????? ?? ??? ????†??? ???? ??? ?? ????? ???? ??? ???? ????? ?? ?? ?? ?? ??? ??? 100???? ?????? ?? ????",H
"Which processor is faster and better for battery between Octa core, 1.7 GHz, Cortex A53, Chipset: Mediatek MT6752 and Quad core, 1.4 GHz, Cortex A53, Chipset: Qualcomm Snapdragon 410 MSM8916?",??? ?? ???? ??????? ??: 1.8 ???? ???? ????? ???? ??? ?? 1.7 ???? ???? ????? ????? ????????,H
Which city in India has more shopping malls?,????? ???????? ??? ??? ?? ??? ????? ??? ????,H
How much distance do I need to run daily if I want to lose 1kg per week?,??? ?? ???? 1 ??? ???? ??? ?? ?????? ????,H
How do I find the phenotypic ratio?,???????? ????? ??? ???,H
What comes to mind when you think of food?,?? ?? ?? ????? ??? ????? ??? ?? ?? ???? ??? ??? ???,H
What is server monitoring?,??? ??? ???? ??? ???,H
How does a German Shepherd/Border Collie mix looks like?,?? ?? ??? ???? ????? / ????? ????? ??? ?? ??? ?? ????? ???? ????,H
Do you think that people who do not believe in intelligent life on other planets merely don't know how huge our universe or galaxies are?,"??? ?????? ?? ????? ??? ?? ????? ?????? ?? ???? ????? ???†??? ?? ?? ? ?????†?? ?? ??? ???? ?? ?? ?? ????? ???",H
What are your favourite Hindi (bollywood) movies from the 60s and 70s?,?? ?? ??????? ??? ?? ???? ??? ???,H
How many Champions are there in League of Legends?,??? ?? ??? (??? ?? ??????) ?? ?????? ??? ???,H
What are some of the best motivational songs in Kannada?,?? ?? ?? ?? ?????? ????? ???? ???? ??? ?? ????,H
How do I stop dreaming at all?,??? ???? ???? ??? ???,H
"What is the difference between bay, gulf and straits?",????? ??? ??? ???? ?? ????? ??? ??? ???,H
What mythical creatures are in the Bible?,??????? ????? ??? ????? ???,H
Is hair loss due to thyroid permanent?,??? ??? ?? ????? ?? ????? ???,H
"White lines on my iPhone 5s have appeared and I can't tap there. I took it to a shop to fix it, but the lines appeared again. What's going on?",??? ???????? ??? ???? ??? ??? 5 ??? ?? ??????? ?? ?? ?? ?? ??? ???? ??? ?????? ????,H
"Which test series is the best for the IAS Main exam, Synergy or Vision IAS in Delhi?",??? ?? ??? ??? ?? ??? ?? ???? ?? ????? ???? ?? ???? ?? ???? ?? ??? ??? ?? ??? ??? ?? ?? ????? ?? ???? ??? ??? ???,H
What is the equation for calculating GDP at factor cost?,???????? ?????? ?? ?? ?? ?? ??? ???? ???? ?? ?? ?? ?? ?? ???? ????? ?? ??? ????? ???,H
How can we simplify our life?,????? ?? ?????: ??? ???? ????? ?? ?? ??? ???? ??? ???? ????,H
What are some gift ideas for a two year anniversary?,??? ?????? ???? ?? ??? ??? ???? ?????? ??? ????,H
What is the difference between Shall and Will?,??? ??? ??? ??? ??? ??? ???,H
What is it like to have a brain close to the great librarian?,????????? ?? ????? ?? ??? ???? ??? ????? ???? ???,H
How did Babylonians measure years?,???? ?? ????? ?? ???? ?????? ?? ?? ??? ???? ????,H
What are the disadvantages of listing a company in NSE?,??? ??? ?? ??? ????? ????? ?? ??? ????? ????,H
Are MacBooks good for gaming?,???? ?? ??? ?? ??? ??? ?? ????? ?????? ?? ??? ????? ?? ?? ???? ????,H
What is the output for the following codes in C++?,??? ??? ??? ???? ?? ??????? ??? ?????,H
Was Bill O'Reilly rude during his interview with President Obama?,??? ?? ?? ???? ??????? ?? ????? ???? ???? ?????? ??? ???? ?? ???? ?? ??? ????,H
"Why does everyone seem to support Manny Pacquiao in the Floyd Mayweather, Jr. vs. Manny Pacquiao boxing match?",?????? ?????? ?????? ??? ???? (??? ???) ???????? ?? ????? 2 ??? ?? ????? ?? ?? ??? ???? ???? ????? ???,H
Which is the best headphone under Rs.6500 INR?,3???? ?? ??? ?????? ????? ??? ?? ?,H
What is the difference between package type air conditioner and central air conditioner?,?????? ???? ???? ??????? ??? ??? ??? ?? ???? ??????? ?? ?????? ??? ??? ???,H
OTA: What costs are involved to calculate the turnover point for an affiliate model (with eg. expedia) versus the GDS API‚Äôs?,??? ?? ??: ??????? (. ??? ???? ?? ??? ?? ?????????) ?? ?? ??? ???? ??? ? ?? ?????? ??? ???? ???? ?? ? ? ????,H
How much would it cost to install security cameras in my home India?,???? ??? ??? ???????? ????? ????? ??? ???? ??? ??? ???,H
How many days it may take to get pan card after applying from minor to major correction?,??? ??? ???? ?? ??? ?? ??? ??????? ?? ???? ????,H
How do I define tasks vs milestones vs deliverables in an agile scrum methodology?,?????? ??? ???? ???? ??? ???,H
How can you breed a Golden Retriever/Corgi mix?,????? ??????? / ????? ??? ???? ??????? ???,H
Why do we care about others?,??? ???? ?? ????? ?????? ?? ????? ???? ???? ????,H
What does it mean when a college says that their early action isn't restricting?,"??? ???? ???? ? ?? ?? ??? ?? ??????? ?? ?? ? ???????? ?? ???? ???? ???? ??? ?? ?? ????? ??? ???? ?? ? ?? ??? ?? ?? ???? ?? ???? ?? ????? ??? ?? ????? ?????? ???",H
The US and Russia seem to be descending into open hostility again. Is there a chance we could see another Cold War?,"???? ??? ??? ??? ? ???? ???? ???? ?? ?? ??? ?????? ?? ???? ????? ???? ??? ?? ??? ???? ??? ????????? ???? ?? ? ??? ??? ??? ?? ?????? ???? ??? ???? ??? ?? ?? ???? ???†??? ??? ??? ???? ??? ????",H
Who will win the 2015 IPL?,??? ?? ??? 2013 ??? ???? ???,H
What challenge you have faced?,??????? ?? ??? ????? ????? ????,H
How alkyl groups act as electron releasing groups?,?????????? ???? ?????????? ???? ?? ??? ????,H
"How does Cognizant manage to send more folks to onsite esp with H1B as compared to its peers like TCS, Accenture, Infy etc?","?? ?? ??? ? ?????? ? ???? ? ???? ? ????????? ? ??? ???????? ???? ???? ???? ??????? ??? ????? ?? ????? ?? ???? ????????? ??? ?? ????? ???",H
What is the fastest way to find buyers for my property?,??? ?????? ????? ?? ?????? ???? ???? ?????,H
What are the best horror novel in 2016?,2014 ?? ?????? ?????? ??? ?? ??? ??? ????,H
Is it worth opting for a premium support while applying for a PAN card?,??? ??? ???? ?? ??? ?? ??? ??????? ?? ???? ????,H
Bollywood: what is the worst film dialogue ever from a superhit hindi movie?,???? ??? ?? ??? ?????? ????? ??? ????,H
What are some of the great places to visit in Chennai?,???? ??? ?????? ?? ??? ???? ?????? ??? ????,H
Who is the real villain of the Ramayana?,??? ?????? ????? ???,H
If 50 Hz is more efficient why we use 60 Hz?,??2010 ? 60 ??? ?? ???? 220?? 50 ???  ??????? ???? ????,H
How much money can a first-time author of a non-fiction book expect to earn?,??? ?????? ???? ?????? ??? ???? ?? ??? ???? ?????? ????? ??? ?? ?? ???????? ??? ????? ??? ???? ??? ???? ????,H
What are some of the best interview questions asked for a mechanical engineering student?,?????????? ????????? ??? ?????? ?? ??? ??? ???? ???? ??? ?? ????,H
What are the best broadway musicals?,?????? ?? ?????? ???? ?? ??????? ??? ????,H
"What is more important in a letter of recommendation, the teacher's designation or whatever the teacher writes about the student?",??? ???? ???? ??????? ???? ?? ????? ?? ?? ??? ???? ??????,H
Is downloading torrents with no VPN safe?,??????? ???? ??? ???? ?? ??? ??? ?? ?????? ???  ???,H
Why would dogs howl in their sleep?,??? ???? ???? ????,H
How do I calculate the radius or the 2 potential of a cylinder given the surface area?,??? ?? ???? ?? ?????? ???? ??? ????? ?? ??????? ??? ???? ?? ???? ???? ?????,H
"As a student, what is the biggest facepalm moment you have ever experienced?","?? ????? ?? ??? ?? ? ?? ?? ??? ?????? ???? ?? ?? ????? ??? ???",H
What is future in JAVA? Desktop and Web based.,??? ??? ???? ???? ??? ?? ???? ???? ?? ???? ???? ???,H
How did you managed long distance relationship?,???? ???? ?? ?????? ???? ?????? ?????? ????,H
Why hasn't Gayle Laakmann McDowell/careercup created a MOOC or a coding bootcamp?,"??? ??? ??? ??? ??? ???? ???? ???? ?????? ???? ???? ?? ?????? ??? ??? ??? ??? ???? ?? ?? ? ?? ?? ??? ?? ??? ???",H
How can I stop my male pattern baldness?,?? ??? ????? ???? ?? ?? ???? ???? ?? ???? ???? ????,H
Why are most clothes made of polyester now instead of cotton?,???? ???? ???? ????? ???? ????,H
"If you dug a hole through the earth, and came out the other side what would happen?",??? ??? ?? ???? ??? ??? ????? ???? ??? ??? ??? ??? ????? ?????? ?? ?? ??? ???? ?? ????? ??? ?? ?????? ?? ??? ????? ??? ???? ???? ?? ?? ??? ???? ?????? ???,H
What is your most upvoted answer on Quora?,?????? ?? ???? ??? ?? ?? ????? ?????? ??? ????,H
Will the stock market collapse in 2016?,??? 2015 ??? ????? ?????? ?? ???? ?????,H
How do I write a good essay?,??? ??? ?? ?? ?? ??? ??? ???? ????? ???? ??? ???? ????,H
How headphones work as an Antenna to play FM radio channels on Mobile phones? Why mobile companies doesn't install the same inbuilt Antenna on phones to be able to play FM without the headphones?,??? ??? ??? ?? ??? ??? ??????? ???? ???? ???,H
I am not able to connect to my Apple ID from my phone. I'm getting an error and cannot connect to the iTunes Store. What should I do?,???? ???? ?????? ?? ??? ????? ?? ????? ???? ??? ?? ?? ??? ????? ??? ???,H
"How do you earn 10 dollars in 3 days, repeatably?",?? 3 ?? ??? 10 ??? ???? ????? ????,H
What is the corporate culture like at 3M? How is the culture different than other companies?,??? ???? ??? ???????? ???? ?? ??? ???†???? ??????? ?? ?????? ??? ???? ?? ??? ????? ???,H
Why is David Duchovny not in season 9 of The X-Files?,????? ???????: ???? ??????? ?? ?????? ?????? ??? ???,H
How did Spectral (2016 movie) get greenlit? What's the backstory of how the movie got made?,???? (2016 ?? ???) ?? ???? ?? ???? ????†??? ?? ??? ??? ?? ?? ??? ????? ??? ???,H
What is the sound I hear when I make a phone call?,"??? ??? ??? ??? ?? ???? ???? ?? ?? ? ?? ?????? ??? ???? ?????? ???",H
How do I stop the feeling of longing for someone?,??? ??? ?? ??? ??????? ???? ???? ?? ?? ??? ??? ???? ??? ??? ??? ????? ??? ?? ?? ???? ??? ??? ???,H
What is the best way to gain confidence?,??? ?? ??? ????? ????? ??? ?????? ?? ???? ??? ?????? ????,H
What is the front-end (web & API) server to venue ratio at Foursquare?,???????: ???? ??? ????? ???? ??? ????? ??? ?? ???? ?? ???? ??? ?????? ?? ??? ????????? ????,H
What specific facial features are considered Slavic?,?? ?? ????? ??? ??????? ???? ?? ??????? ??? ????,H
What stocks and shares you think are worth buying now after RBI scrapping currency notes of INR 500 and INR 1000?,??? ???? ??? ???? ??? (???) ?? ???? 1 ??? ???? ????†??? ??? ???? ???? ??? ???? ????? ?????†?? 500 ??? 1000 ?? ??? ?? ?????? ?? ??? ????? ??? ???,H
How can you add custom thumbnails to YouTube videos on mobile?,??? ??? ???? ????? ??? ?????? ????? ???? ?????? ????,H
Is a 4G LTE a 4G phone?,4 ?? ??? ?? ?? ??? ???,H
What was the funniest incident that happened in your childhood?,???? ?? ??? ????? ??? ?? ?? ?? ???? ???? ???? ?????,H
How can I improve my grade in biology?,??????? ??????? ??? ???? ????? ?? ???? ????? ?? ??? ??? ??? ?????? ????,H
"I am financially stuck in a half baked relationship. Can someone help, how can I get out of this?",??????: ??? ????? 3 ????? ?? ???? ??? ????? ??? ???? ??? ????†??? ?? ?? ???? ??? ???? ????†??? ????.,H
"What is more beneficial to learn, SolidWorks or Catia?","??? ????? ????? ????? ?? ??? ???? ???? ? ????? ??? ??? ?? ???? ???? ??? ???? ?? ?? ???? ??? ?? ??? ?????",H
Which books should I read if I want to read computer science engineering books at home?,??? ??????? ????? ??? ?? ?? ?? ??? ??? ??? ?????? ???? ?? ???? ???? ????? ????†???? ??? ?? ????? ?? ????? ????? ???????,H
"What's it like to find a picture of you, friends, or family on a ""funny/awkward"" photo site?",???? ??? ?? ????? ?? ????? ?? ?? ?? ?????? ?? ?? ??? ????? ????,H
What are the strongest majors in terms of job prospects and what are the weakest majors at Mills College?,?????? ?? ??????? ?? ???? ?? ????? ???? ????? ??? ?? ??? ??? ?????? ???? ??? ?? ?? ????? ???? ????? ??? ?? ????,H
Which YouTube video has the highest like/dislike ratio?,?? ???? ???? ?? ?? ?????? ?? ????? ?? ?????? ?? ????? ???????? / ?????????? ???,H
Is (male) circumcision required in Islam?,??? ????? ??? ???? ?? ????? ???,H
Should they have killed harambe?,?????? ????? ???,H
"U.S presidential primary candidate Bernie Sanders says ""It is profoundly wrong that the top 1% own more wealth than the bottom 95%"" Why is that wrong? Is everyone entitled to the same amount of wealth?",??? ???? ?????? ?????? ??????? ?? ?? ????? ??? ?????? ?? ?????? ?? ?? ???? ????,H
Is the AMD Radeon HD5450 good for games like War Thunder and World of Tanks?,??? ?? ?? ??? ?????? ??? ?? 3200 ????? ?? ??? ??? ???? ???? ???,H
What are some amazing pictures one has to see twice to understand?,???? ?? ??? ???? ????? ?????? ??? ????,H
How widely accepted are credit cards at small businesses and restaurants in Liechtenstein?,??????? ??? ????? ????????? ??? ?????????? ??? ????? ???? ???? ???? ?????? ?? ???? ??? ???? ????,H
We are doing a FOREX Activity in my economics class. What steps should I take to make sure I end up with the most profit?,??? ?? ???? 12 ?? ?? ??? ?? ?? ?????? ?? ?????? ??? ???†??? ?? ??? ?? ???? ?? ??? ????†???? ??????? ?? ?????? ????? ?? ??? ???? ??? ???? ??????,H
Why is the European society ignoring the slaughter and the cruelty preformed in Arakan?,[?? 2015 ? ?? ??? ???] ??????? ???? ????? ????? ?????? ????? ??? ???? ?? ??? ??? ?? ?? ?????? ???? ????? ????,H
What are the skills and tools I should have as a top IT sales manager?,?? ??????? ?? ????? ?? ????? ????? ?????? ?? ??? ???? (???? ????? ????? ?? ????? ??) ??? ???? ??????†???? ??? ?? ??? ??? ????? ?????? ??????,H
How significant are the effects of climate change?,????? ?????? ?? ?? ?? ????? ????? ????? ??? ????,H
Is an MSc in hospitality and tourism management at WGSHA worth it? How good are the placements for this particular course?,??? ????? ???????? ??? ???? ???? ???? ??? ?? ????? ????? ??? ????? ??? ???? ????? ??? ??? ?? ?? ??? ???? ????,H
Who is the best footballer?,?? ?? ?????? ?? ???? ??? ????,H
How do I switch from Apple Music to Spotify?,??? ???? ??????? ?? ???? ????? ??? ????? ???? ??????,H
What are some things new employees should know going into their first day at Spectrum Brands?,???? ?????? ??? ??? ??????? ?? ???? ???? ?? ???? ?? ???? ??? ??? ??? ????? ????? ???????,H
What are popular apps used by cheating spouses?,?? ?? ???? ???? ?? ?? ?? ????? ???? ??? ???? ???,H
What are the differences between a mocktails and a cocktails?,???? ??? ??? ?? ?????? ??? ??? ???,H
What wind speed would blow in the windows?,??? ?? ????? ?? ???? ?? ??? ??? ???,H
How can I increase the speed of my internet connection while using a VPN?,?? ??? ??? ?? ????? ????? ?? ????? ??????? ?? ????? ?? ???? ?????? ?????? ???,H
What is the password to open an e-Aadhaar card?,??? ???? ????? ????? ???? ???? ???? ?????,H
What are the differences between larceny and robbery?,???? ??? ????? ?? ????? ??? ??? ??? ???,H
What is the meaning of Hindi/Urdu word 'Khamakha'?,???? / ???? ??? ????? ?? ??? ???? ???,H
Why would Time Machine do a large backup after restoring a corrupted Keychain from archive?,?? ???????? ???? ???? ???? ?? ?? ??? ?? ????? ??? ???,H
Can I chew gum with a temporary filling?,??? ?????? ????????? ???,H
How do you make life suit you and stop life from abusing you mentally and emotionally?,"???? ????? ??? ?????? ??? ?? ???? ??? ???? ???? ????? ???? ????? ????? ? ???? ? ??? ???? ?? ????? ????? / ?????? ??????? ???? ??? ???? ??? ??? ?? ?? ???? ???? ????",H
How does a UFC Champion mentally train to win their fight?,?????? ??????? ??? ????? ?? ??? ??? ?? ???? ???? ???? ???,H
Why are Golden Retriever dogs with blue eyes so expensive?,???? ?????? ???? ????? ??????? ??? ???? ??? ???? ????,H
Physics: Superconductors are not used in everyday life. Why is this?,: ??????: ???? ??????? ?????? ?? ????? ??? ??????? ???? ???? ???? ?? ??? ???,H
"I have -2.5 eye power. Can I fit the criteria of a 6/9 vision and, if not, what exactly does my eye vision fit to?",???? ??? (??????): -4.5 ?????? ?? ????? ??? ??? ??? ?? ?? ??? ???? ???,H
I am studying BE (engineering) in electronics and communications. I am in 2nd year. But I am very much interested in physics and I want to do research in physics. What should I do to achieve my aim?,"???? ??? ??? ??? / ?????? ?? ????? ?? ??? ?????? ???? ?? ? ??? ???? ????? ?? ?? ????? ??? ??? ??? ??????? ?? ??? ????†??? ???? ??? ?? ????? ???? ??? ???? ????? ?? ?? ?? ?? ??? ??? 100????? ?????? ?? ????",H
Why can't we fall asleep on some days?,?? ???? ???? ????,H
When should a man marry?,???? ??? ???? ?? ???? ???? ??????,H
How can I start in the data analysis?,??? ?? ??? ???? ???????? ?? ?????? ???? ???? ?????,H
"How often is a commercial truck serviced within a 12-month period, and what is the average amount spent on parts (not labor)?","??? ???? ??? ?? ??? ?? ???? ?? 7500 ??? ??? ???? ?? ?? ? ??? ??? ??? ????? ???? ??? ?? ??? ?? ??? 3 ??? ???? ??? ??? ?? ???? ????",H
How much does it cost to make an app like AroundMe?,???? ??? ???? ???,H
What are some superstitions about dreams?,?????? ?? ???? ??? ??? ???? ??????? ??? ??? ??? ?? ?? ???? ???? ?? ???,H
Who are the best headhunters in Mumbai?,?????? ??? ???? ??? ????,H
How do I manage time for studies?,?? ??? ??? ?????? ?? ?????? ??? ?? ?????? ???? ???? ????,H
What are the best IDEs for Java programmers?,???? ????????? ?? ??? ?? ??? ?? ?? ??? ????? ???,H
I have a crush on a guy who has no interest in me. What should I do?,??? ??? ??? ????? ?? ?? ??? ???? ?? ???? ?? ??? ??? ??? ?? ????,H
What is journalism for you?,????? ??? ???,H
Can you help me solve the problem below?,??? ?? ?? ????? ?? ?? ???? ??? ???? ??? ?????? ????,H
How is Syska secure mobile?,?????? ???????? ???? ??? ???,H
What is the scope for a PHP developer in India? What are the MNC companies hiring PHP developers?,???????? ??? ?? ??? ?? ?? ??? ??? ?? ??? ??? ?? ??????? ????,H
What is R & S in networking?,??? ???? ?? ?? ??? ?? ?? ???? ?? ??????? ?? ??? ??? ??? ?????? ??????? ??? ??? ??? ???? ???? ????? ????†??? ?? ????? ???? ???,H
What are the tips not to do in interview?,??????? ?? ????? ?? ??? ??? ???? ????,H
What does @ mean as an emoticon?,???????:  ?? ??? ???? ???,H
Is timetravel possible?,???? ??? ?? ??? ?????? ??? ????,H
"What are some of the characteristics of a female scorpio sun, moon at 23¬∞49, venus, mercury retro, pluto, and Scorpio also the ascendant at 24¬∞15?","???? ???? ?? ??? ??????? ??? ?? ?? ???? ? ???? ? ???? ? ????? ? ????? ??? ????? ???? ?? ??? ????? ??? ????",H
I want to hack the Facebook account of one of my friends. Are there any paid services available to do so or any software?,?? ?? ?? ???? ?? ??? ?? ???? ???? ????,H
What is the chemical formula of wood?,??????? ?? ?????? ??????? ??? ???,H
Where can I get an prepaid SIM card in Peru?,???????: ??? 2 ?? ?? ???? ???? ??? ??? ?? ???? ???? ?? ???? ???? ????,H
What is the chemical formula for rust?,????? ?? ??????? ??? ???,H
Why is my dog biting me?,???? ??? ?? ???? ???? ?????,H
How do we forget any Wi-Fi in Windows 10?,??? ????? 10 ???? ???? ?? ????? ????? ???? ?? ????? ???? ?? ?????,H
Is it a right decision to start a career as C++ developer rather than Java?,????? ??? ??? ?????? ??? ???? / ?? / ?? ++ ?????? ?? ?????? ?????? ?? ?????? ????? ??? ?? ???,H
What are good ways to earn online?,??? ????? ?? ?????? ???? ?? ???? ?? ???? ???? ??? ???? ????,H
What are the types of circuit breakers?,??? ???? ????? ?? ??? ???? ?? ???? ????,H
How do I use Facebook ads to target people who like a certain page?,??? ??????? ?? ??? ?? ???? ???? ???? ????? ?? ??? ?? ?? ???????? ?? ??? ???? ?? ?????? ????? ??? ???,H
Is multiple domains on one website bad for seo?,"??? ?? ?? ?? ??? ???? ???? ??? ??? ????? ??? ?????? ?? ??????? ????? ?????? ? ?? ??? ?? ????? ??? ????? ??? ???",H
How can I hide someone in Google Chat without blocking them?,??? ???? ???? ??? ??? ?? ???? ????? ?? ?? ??? ???? ???? ????,H
How can constipation cause dizziness?,??? ??? ??? ??? ?? ??? ?? ???? ???,H
How do I find a good startup?,??? ???? ?????? ?? ??? ????? ???? ?? ??? ??? ???? ??? ????,H
Is there a website like Codecademy for C#?,?????? ??? ??? ??? ????????? ?? ?????? ???? ??? ?? ???,H
How can India become a manufacturing hub?,??? ???? ?? ??????????? ?? ???? ????†??????????? ??? ????? ???? ?? ??? ???? ???? ???? ????? ??? ?? ??? ??? ????? ???? ???? ????,H
How do I prepare for general aptitude for gate?,??? ??? 2015 ?? ??? ????? ??????? ?? ????? ???? ?????? ????,H
What are goals?,???? ?? ???? ??? ???,H
What are some tips on making it through the job interview process at William Lyon Homes?,????? ?? ??? ?? ??????? ?? ??? ?? ??? ?????? ??? ????,H
How should I improve my will power?,??? ?? ???? ?????? ?? ???? ????? ?? ???? ???? ????? ?? ????? ??? ????,H
Is there a Quora for underachievers?,????????? ???? ??? ??? ???? ???,H
"Does a computer named TRANSLTR, so described in Dan Brown's Digital Fortress, really exist?","??? ????? ?? ""?????? ???????"" ?? ??? ??? ??? ?? ??? ???? ???†?? ???? ??? ???",H
"What is ""The Raven"" by Edgar Allan Poe about?","????? ???? ?? ?? ????? ""?? ?????"" ??? ???? ??? ?? ?? ??? ??????? ??? ???? ???",H
How hard is making money online?,??? ?? ???? ???? ??? ???? ??? ???? ????,H
How will Hillary Clinton win over Bernie Sanders supporters?,2016 ?????? ??? ?? ??????: ??? ????? ????? ?? ???? ???? ?????? ?? ????? ???? ??? ??? ?? ??????? ??? ????,H
How can I be like Jake Williams?,??? ????? ??? ????? ?? ???? ??? ??? ???? ???,H
What is the difference in pronunciation between 'v' and 'w'?,??? ??? ?? ??? ????? ?? ???? ??????? ??? ????? ??? ?? ??? ?? ??? ??? ??? ????? ??? ?? ???? ???? ???? ????,H
If someone blocked you on imo can you still see the last time they were online?,?? ?? ???? ??? ??? ?? ?? ??? ??? ?? ?? ?? ??? ??? ?? ??? ????? ??????,H
How can I become a stay at home dad?,??? ?? ???? ?? ??? ?????? ???? ??? ???,H
How do I get over my fear of surgery?,??? ???? ??? ?? ???? ??? ?????,H
Can human survive without socializing with each other?,??? ??????? ???? ?? ???? ???? ?? ???? ???,H
What is solution to Kashmir issue?,??? ???? ????? ?? ??? ????? ??? ??????? ?? ???? ???? ???,H
What is the derivative of [math]h(x)= [(x^2) (x^2+3/x+2)]^{-1}[/math],[?????] ???? ^ ???? [/ ?????] ?? ???? ??? ???,H
How do I start a food truck business in India?,???? ????? ????? ????? ??? ????? ???? ????,H
What are 5 facts about the earth's crust?,???? ?? ?????? ??? ?? ?? ??? ?? ?? ??? ????? ???? ???,H
What is Do's mission?,????? ??? ?? ?? ??? ??? ???,H
How can conscious experience arise from neural interactions?,?? ??? ???? ???? ????? ???? ???,H
Is the world flat ?,"??? ""???? ???? ???????"" ?? ???? ???? ???? ?? ?? ???? ???? ???",H
"If both the parents have blood group B+, can the child have A+?",??? ???? ?????? ????? ?? ??? ???? ?? + ?? ?? ??? ??? ??  + ?????? ????,H
Were there any major snubs with the 2017 Golden Globe Nominations?,??? 2016 ?? ????? ???? ????????? ??? ???? ??? ??? ???,H
What is the best way to keep my personal energy levels high each day?,??? ?? ???? ?????? ????? ???? ?? ?? ????? ?? ???? ?? ????? ???? ???,H
What do think of when you hear the word elect?,"?? ?? ?? ??? ""?????"" ???? ??? ?? ?? ?? ??? ???? ???",H
"I have the iPhone 6 Plus, is it worth it to upgrade?",??? ??? ??? ????? ?? ?? ???? ?? ???? ???,H
Why does massaging one's temples soothe a migraine or headache?,??? ????? ?? ?? ??? ?? ???? ?? ???? ?? ??? ??? ?????? ??? ???? ???? ????? ????,H
How do I burn fat in the bellly?,"??? ? ??? ? ??? ??? ?? ???? ?? ?? ???? ??? ??? ???? ?? ?????? ????? ??? ????",H
Which document format supports DVD?,?? ?? ???? ????? ?????? ??? ?? ???? ?? ?? ?? ?? ??? ?? ??? ???? ????? ?????? ??? ??? ??? ????,H
What's with the police departments putting up all these hidden surveillance cameras in town?,????? ?????? ??? ??? ?? ???? ???? ?????? ????? ????? ?? ??? ??????,H
"If an individual does not want to establish credit in the US, and does not want to have their credit tracked, how does he/she opt out of the system?","??? ?? ??? ???? ????????? ??? ???? ??? ??? ??? ??? ??? ?? ??? ????? ???. ????? ????? ???? ?? ??? ??? ???? ????? ????? ????? ?? ????? ????? ?? ??? ???",H
How to know whether your propety tax is paid in India?,?? ?? ???? ?? ????? ???? ???????? ??? ??? ??? ?? ??? ????,H
What is the main objective in Instagram Marketing optimization?,?? ???? ????????? ???????? ?? ???????? ?? ?? ??? ???? ????? ????,H
Who are some famous people whose identities are still unknown?,????? ???? ?? ??? ????? ??? ??? ???? ????,H
What are some of the best ways to lose 20 pounds in 3 weeks?,?? 7 ????? ??? 20 ???? ?? ??? ??? ???? ????,H
How do you check your Google+ Followers?,?? ?? ???? ??? ???? ?? ?? ??? ???? ?? ?? ????? ???? ????? ?? ?? ????? ??? ?? ?? ?? ????? ????? ???,H
Is it illegal to pass private emails (and their content) on to third parties without consent?,??? ?? ??? ?? ?? ???? ??? ????? ????? ?? ?? ??? ?????? ??? ???,H
Where can I get safest construction cleaning services in Sydney?,???? ?? ???? ?? ?? ???? ??? ????? ???? ???????? ????? ?? ????? ???? ?? ?????? ????,H
What are some of the best sports documentaries?,?????? ?? ?????? ????? ??? ????,H
Why is oil the predominate way of heating homes in the northeast United States?,??? ???? ?? ???? ????????? ????? ?????? ?? ???? ??? ??? ???? ???,H
Why do I have lower back pain when I breathe? How can I treat this?,??? ??? ?? ??? ?? ???? ??? ?????,H
How do I apply kajal on a child's eyes?,??? ???? ???? ??? ??? ????? ????? ?????? ?? ??? ?? ????? ?? ???? ???,H
Do women like anal sex?,??? ???? ?????? ???? ???? ?????? ?? ???? ????,H
What is the best way to tour/experience the north east of India in seven days?,???? ????? ???????? ??? ?????? ?? ??? 5 ?????? ?????? ??? ?? ????,H
What is the best infinity ring at Tiffany & Co.?,???? ???? ?? ?????? ?? ?????? ?? ??? ???? ???,H
What is the best weight loss guide?,"?????? ??? ??? ??? ??????? ??????? ??? ???????? ??? ????",H
Why should I prepare for IES?,??? ?? ?????? ?? ??? ???? ???? ???? ??????,H
How do I start a saree business at home?,??? ??? ??? ???? ?? ??? ???? ?????? ????,H
What is your favourite book on racism?,?? ?? ??????? ???? ??? ???,H
"In 2 days, how should I prepare for Mu Sigma?",? ???? ?? ????? ?? ?????? ????? ??? ???,H
What does a research business analyst profile in the gir division of Goldman Sachs do?,?? ??? ??????? ???? ?? ??? ????? ??? ?? ??? ?? ??? ?? ???? ????,H
Is there a biological reason that people cry when they are emotional?,???? ?? ???????? ??? ??? ???,H
"Should the US have a ""None of the above"" option for Presidential elections?","??? ???? ??????? ?? ""???? ?? ???? ????"" ?? ?????? ??? ???? ??????",H
Who was Ekalavya in his previous birth?,????? ?????? ??? ??? ???? ????,H
How do I find a corporate firm in India which could be interested in discussing my business ideas?,??? ?? ??? ??? ???????? ??? ???? ???? ?? ?? ???? ???? ?? ????? ?? ????? ???? ??? ?????? ????? ???,H
What is the future for iOS Developers?,"2015 ?? ? ??? ?? ??? ?? ???? ?? ?????? ??? ???",H
How do I create a template for OpenStack heat auto-scaling and load balancing? What are some some links regarding this?,"???? ???? ??? ?? ?? ????? ?? ???? ???? ?? ????? ??? ? ??? ????? ???? ?? ??? ???†??? ??? ???? ??? ?? ??? ??? ???? ??? ?? ???? / ??? ??? ??????",H
Will Hillary Clinton win this election?,???????? 2016 ?? ???????? ????? ?? ???? ??? ?? ??? ???? ???,H
What is sociological?,??? ?? ??? ????????? ???? ?? ???? ??? ?? ???? ????,H
Which is the best laptop to buy under INR 40k-45k?,40-50 ??? ???? ?? ?? ??? ??? ??? ??? ?? ??? ??? ?????? ?? ?? ????? ?????,H
How can the Lewis Structure for chromium nitrite be determined?,???? ??? ??? ???? ????? ???,H
Should I marry a 18 years old girl when I am 29 years old?,?? ??? 29 ??? ?? ??? ?? ??? ???? 21 ??? ?? ???? ?? ???? ???? ??????,H
How much weight will I lose by not eating for a week?,??? ?? ??? ????? ??? ?? ?? ??? ??? ???? ??? ?? ???? ????,H
What accessories are available for the iPad?,??? ??? ?? ?? ?? ???? ??????? ??? ??? ??? ?????,H
Which is the best power bank for smartphones to buy in India?,????? ??? ?????? ?? ??? ??? ???? ???? ?????? ??? ????,H
What universities does Limelight Networks recruit new grads from? What majors are they looking for?,??? ?? ??????????? ??? ??????? ??? ???? ??? ???? ????? ???? ???? ?? ?? ??? ????? ?? ???? ??? ????,H
Who are some lesser known important historical figures of Cyprus and what should people know about them?,???????? ?? ??? ?? ??? ?????? ?????? ??? ??? ??? ????? ?? ?? ?? ???? ??? ??? ????? ??????,H
How do you do a sponge wall texture?,?? ????? ?? ???? ???? ???? ????,H
My H1B visa is expired. Which are the countries I can travel to India from USA?,???? ??? ?? ???? ??? ??????†??? ??? ??? ????? ??? ?? ????? ?????? ?? ???????? ?????? ????,H
What is the economics of flying cars?,??? ?????? ??? ???? ????? ????? ???? ????? ??? ???,H
Which are some commonly mispronounced words?,??? ??? ?? ??? ??????? ????? ??? ?? ??? ??? ????,H
How do I have a successful career in animation industry with all distance mode of education (from schooling)?,??? ??? ??? ??? ??????? ????? ?? ???? ????? ???? ???? ?????? ????,H
How do I upgrade my iPhone 5 to 6?,?? ???? ??? ??? ??? 5 ?? ?? ??? ???? ??? ??? 6 ??? ?? ???? ???? ??????†???? ?? ???? ?????,H
How can I make my health website viral?,?? ???? ?? ?? ???? ???? ????? ???? ???? ????,H
"My parents give me ""advice"" and they get really mad if I dont take it‚Ä¶ What am I supposed to do?",?????? ?? ????? ???? ?? ???  ?????? ????? ??? ???,H
"In the Percy Jackson Universe, is it possible for Titans to sire ""halfbloods"" as the gods do?",??? ??? ??: ???? ????? ??????? ????? ????,H
What is rank at 550 marks in NEET 2016?,??? ???? ???? 391 ??? ?? ??? ?? ?? ?? 2016 ??? ???? ??? ???? ?????,H
Which are the best job apps or sites for a mechanical engineer fresher?,???? ??? ???????? ?? ???????? ?? ???? ?? ?? ?????? ?????? ??? ????,H
Can you suggest simple ways to catch up with the latest technology?,??????? ???? ??? ???? ???? ?????????? ??? ????,H
"What is a good solar panel installation provider in Roseville, California CA?","????? ? ?????????? ?? ?? ??? ???? ???? ?? ????? ?? ??? ???? ????? ????? ??? ???",H
How can I get an internship at Goldman Sachs?,"??? ????  ???? ??? ???? ?? ??????? ?? ??? ?? ?????? ???†??? ?? ?? ? ?????",H
Why is Timbaland famous?,??????? ?? ????? ?? ???? ??????? ???? ???,H
"What makes the play ""The Mousetrap"" by Agatha Christie so special?",??? ?????? ????? ?? ?? ?? ??? ?????†??? ???? ?? ?? ?? ????,H
Did Hillary Clinton have Vince Foster murdered?,??? ????? ????? ?? ??? ????? ?? ?????? ????,H
Who is more electable in a general Presidential election: Donald Trump or Ted Cruz?,??? ????? ???? ??: ????? ???? ?? ??? ?????,H
Why is sandeep maheshwari not on Quora?,????? ??????? ??? ???,H
How do I find a good girlfriend?,??? ????? ???? ???? ???? ???,H
Which is better GTA5 or Watch Dogs?,"??? ??? 2 ????? ??? ??? ? ??? ?? ??? ????? ?????? ?? ?? ?? ?? ??? ???? ????",H
What did Ralph Waldo Emerson accomplish?,?? ??? ???? ????? ?????? ???? ???? ???,H
What is object orientation?,?????? ?? ???? ???? ??? ??? ???,H
How do they remove cysts off your breast?,?? ???? ????? ?? ???? ???? ??? ???? ????,H
How much money does YouTube make?,?????? ?? ???? ??? ?? ???? ?? ???? ?? ???? ??? ??? ???? ???,H
How can I have a more defined jawline?,?? ????? ???? ???? ???? ???? ???? ???,H
Does Russia's KGB still exist?,??? ??? ?? ?? ??? ?? ?? ?? ???,H
How strong was Hitler's bunker?,???? ?? ???? ???? ???? ????,H
How can you calculate a derivative of volume of a cylinder?,?? ???? ?? ??? ??? ????? ?? ??? ?? ??? ???? ???? ????,H
What is Quora's algorithm for sorting answers to a single question?,?????? ?? ?????? ?? ???? ???? ???? ??? ???? ???,H
What Anna Hazare think about PM Modi?,?? ??? ???? ????? ???????? ??? ?? ?? ?? ?? ???? ??? ??? ???? ???? ????,H
Which is the best shares to purchase and sale daily trading?,"???? ??? ? ??? ?? ????? ???? ???? ??? ?? ?? ???? ?????",H
What are the benefits and drawbacks of basic income guarantee?,"???? ?????? ????? ?? ????? ?? ??? ?????? ?? ??? ??? ?? ?? ??? ?? ?????? ???? ????? ??? ???? ??? ???? ?? ??? ?????? ????? ?? ?? ?? ???? ??? ??? ????",H
What are some famous failure and comeback stories?,20 ??? ??? ??? ??? ????? ???????? ??? ????,H
How can I improve my skills?,??? ???? ?????? ?? ????? ?? ???? ???? ??????,H
Will Google compete with a counter-offer from a candidate‚Äôs current employer?,"??? ???? ??? ??? ?? ?? ??? ??? ??? ?? ??? ???? ??????? ??? ?? ???? ??? ??????? ??? ????? ?? ? ???? ?? ???? ???? ???? ?? ??? ?? ??? ??? ??????? ???? ???? ???",H
Who invented tightrope walking and why?,??? ????? ?? ?? ?? ??? ?????,H
What is a transaction and ACID properties in DBMS?,?? ?? ??? ??? ?? ???? ??? ???,H
What is the best cell signal booster?,???? ????? ?? ??? ??? ??? ????? ???? ?? ???? ???,H
What are some good sources for learning NuGet?,????? ?????? ?? ??? ???? ????? ??? ???,H
Who really did frame Roger Rabbit?,??? ????? ???? ????? ?? ???? ???,H
How can I make money through the Internet?,"?? ???? ???? ????? ?? ??? ????? ????? ??? ??? ? ????? ????? ???? ???",H
What import duties and taxes are applicable on products imported into Norway?,??? ??? ????? ?? ???? ???? ??????? ?? ??? ?? ?????? ??????? ??? ?????? ?? ????? ???? ???,H
What is Instagram's new policy? Why can't I check who unfollowed me on Instagram?,????????? ?? ??? ??? ???? ??? ???? ????? ????,H
Have you ever experienced paranormal activities?,??? ?? ?? ???? ??? ?????? ?????? ?? ????? ??? ??? ??? ??? ???? ??? ??? ????,H
What is nodes?,??? ???? ??? ???,H
Could CAT exam and MAT exam take place on same day (4th December 2016)?,??? ??? 2016 ?? ?????? ?? ??? ???? ????? ?????? ??? ????? ????? ?? ??? ?????? ?? ????? ???,H
"What is the price and feature difference between UberGo, UberX and UberBlack in India?",?? ???? ???????? ??? ?????? ?? ?????? ?????? ??? ??? ????? ???,H
Which is the best version of Linux?,????? ?? ?????? ???? ??? ????? ??? ???,H
Which pizzas are the most popularly ordered pizzas on Domino's menu?,?????? ???? ??? ???? ?????? ???? ???,H
How much taxes do we pay?,??????? ??? ????? ???? ???? ???? ????,H
What are some cool things in C++?,???? ??? ??? ????? ????? ???? ?? ??? ??? ????,H
What happens if you get pulled over with expired registration in California?,??? ?????????? ??? ???? ??? ???? ?????? ?? ?? ???????? ??? ???????,H
"If I wanted to transfer over $1 million abroad (say, to purchase property), how much of a delay can I expect.?","??? ??? ??? ????? 1 ???? ?????? ???? ?? ????? ?? ????? ?? ??? ??? ?? ? ??? ???? ?? ?????? ??? ???? ?? ?? ???? ????? ????? ????? ??? / ?? ?????? ?? ???? ??????? ?????? ????",H
How does one deal with break up?,??? ???? ???? ???? ?? ?? ???? ?? ??? ???? ???? ????,H
How many miles can a 1998 Toyota Corolla last?,??? ???? ??? ??????? ??? ?????? ????? ?????? ???? ???,H
"What does the Tagalog word ""salamat"" mean in English?",?????: ????? ?? ?? ??? ???? ?? ??????? ????,H
Does resetting Windows 10 help in giving better performance?,?????? 16.04 ?? ????? 10 ??? ?? ???? ???,H
"What is meant by ""the language of a story""?",?? ???? ?? ??? ???? ???,H
"How safe is Papua New Guinea, and how does it's crime rate compare to Australia's?","????? ??? ????? ???? ????? ?? ? ??? ?? ?? ??? ??? ?? ??? ???????? ?? ?????? ??? ???",H
What is most important in life - money or values?,?? ?? ????? ??? ??? ?? ??? ??? ???,H
How many devices is Netflix available on?,??? ??????? ??????? ?? ?????? ???,H
What are the job prospects after completing master‚Äôs in engineering management from University of Southern California?,????????? ???? ???? ?? ????????? ??????? ??? ?????? ?? ???? ??????? ???? ?? ??? ??? ?????? ??? ?????? ?? ????? ???,H
"Desserts: What's the best frutti di bosco recipe, and why?",???? ?? ????? ??? ????? ???? ????? ????? ??? ??????? ??? ????,H
Cochin to London etihad is the change over time of 1hr sufficient in Dubai?,????? ?????? ??? ??? ??? ?????? ?? ?????? ??? ??? ???,H
Why have I been so angry lately?,??? ???? ????? ???? ????,H
Why does boy/girl attracted by their opposite gender during teen age?,??? ?????? ?? ??? ????? ????? ???? ???,H
"Can someone access your WhatsApp messages on your old phone, even if they have a different number? Can they also see current WhatsApp messages being received or sent?",?? ??? ??? ?? ??? ??? ???? ?? ????? ?? ??? ?? ??? ?? ???? ??? ?? ??????? ?? ??? ??? ?? ??? ???? ???? ????,H
What should I do when I don't feel like doing anything?,???? ??? ??? ???? ?? ????? ???? ?? ?? ??? ??? ?????,H
What's the difference between big data and cloud computing?,??? ???? ??? ??? ???? ?? ???? ????? ???????? ?????? ????? ???,H
"What are some stories of droppers who cracked  IIT , but had not even cleared the cutoff in their first attempt?",?????? ?? ??? ?? ?? ??? ???? ???????? ?? ?????? ????,H
What is meant by 'Market Friction'?," ?? ?? ?? ?? ??? ""??? ?????"" ?? ??? ???? ???",H
How has Quora improved your life?,???? ???? ????? (???? ??) ?? ?? ??? ?? ???? ???????,H
Why are there so many more terrorist attacks in France than anywhere else in Europe?,???? ????? ?? ????? ?? ???? ???? ????,H
What is Queen Elizabeth II's preferred brand of tea?,??????? ?? ????? ?? ???? ??????? ???? ???,H
Which are the best Android games?,??????? ?? ??? ?? ?????? ???? ??? ?? ???,H
How much is 30 kV in HP?,??? ???? ???? ?? ?? ?? ??? ??????? ?? ???? ???? ?? ???? ?????? ????,H
My pen drive doesnot show up on my Mac. Is it corrupt? How can I solve this and get my data back?,??? ???? ???? ?????? ?? ??? ?? '???? ???? ??????' ?? ???? ???? ?? ???? ??? ???? ????,H
What are the different cloud based computational genomics startups?,??? ????? ???????? ?????? ???? ???? ?? ????? ???,H
"Why are black women not regarded as attractive as Asian or Latin women, even though they are more represented in the media?",??? ???? ??? ?????? ????? ????? ?? ????? ???? ????,H
What are all the best books to gift for newly married couples?,???? ??????? ???? ??????? ??? ?????? ?? ????? ??????,H
"What is the song with the woman in a mermaid suit with a fish head and a man dances with her in scuba gear, its a reletively new dance song?","??? ???? ???? ??? ??? ??? ???? ?? ??? ???? ?? ???? ??? ??? ?? ?? ???? ??? ???? ?? ???? ?? ??? ?? ? ?? ??? ??? ????? ????? ?? ??? ???? ?? ??? ?? ?? ?? ?? ?? ????? ?????? ??? ???? ????? ???? ???",H
"What are the big, mega dance clubs in Greece?","????? ??? ??? ? ???? ???? ??? ??? ????",H
How do I learn Blender 3D fast?,?? ?????? ???? ?? ??? 3?? ????? ????? ???? ????? ????,H
What are the simple ANDROID applications to develop for beginners?,"???? ??? ??????? ?? ???? ???? ?????? ???????????? ????? ?? ???? ?? ??? ??? ?????? ??? ????? ?????",H
Lose body fat?,??? ??? ?? ???? ???? ?? ??? ????,H
"How can I play safe in capital market with initial investment of Rupees 30,000 ? In which stocks should I invest?",???? ??? 10000 ???? ????†??? ?? ?? ????? ?????? ??? ????? ????? ????†???? ?? ??? ??? ?????? ???? ???? ??????,H
"What is it like teaching at universities in Abu Dhabi for Expats (Masdar, Khalifa, Petroleum inst)?",??????? (?? ???) ?? ???? ??? ????? ???? ?? ??? ??? ???,H
What are some things new employees should know going into their first day at Team?,??? ????? ????? ?? ???????? ?? ??? ??????? ???? ????? ??? ???? ?? ?? ??? ??? ?? ???? ???? ??? ?? ?? ???? ???? ?? ???? ??? ?? ?? ??? ?? ???? ????? ???? ???? ??????†??? ?? ???? ????? ???,H
What is the square root of 37?,36 ?? ???? ?? ??? ???,H
Is it okay to run in the morning and then go to the gym in the evening?,??? ???? ??? ?? ??? ??? ?? ???? ??????,H
What it is like to be cheated upon in a relationship?,??? ?? ???? ?????? ??? ???? ???? ??? ?? ?? ?? ???? ?? ?? ????? ????,H
How do I get a Fake ID in India?,??? ???? ???? ?????? ????? ???? ???? ??????,H
How many moves in advance can you see in a chess game?,"?? ?? ????? ?? ?????? ??? ???? ??? ?? ?? ?? ???? ???? ????? 4.1?? (??? ?? ??? ?? ???? ???? ???)? ??? ???? ?? ?? ? ????? ?? ????? ???? ??? ???? ???",H
Does WhatsApp allow conference calls?,???? ??? ???? ???? ???? ??????? ???? ???,H
Ever since the 9/11 attacks what special/unusual measures has the US taken to combat terrorism through air?,"?????? ????? ?????? ?? ??? ??? ??? ?? ? ??? ???? ????? ?? ????? ???? ???? ?? ???? ????? ?? ???? ???? ???? ??????",H
What are the best hollywood farewell songs?,?? ?? ?? ???? ?? ?? ??? ???? ??? ???? ???????? ??? ??? ??? ?????,H
Can landlord downgrade appliances?,??? ?? ??? ??? ???? ???? ?? ??? ?? ???? ????,H
How can I find job in Japan?,??? ?????? ??? ???????? ???? ?? ???? ???? ????,H
"How can you turn $2,000 into $10,000?","??? ????? ??? ??? $ 10?000 ?? $ 10 ???? ??? ???? ????? ?????? ????",H
What are the advantages of wearing a watch's face on the inside side of your wrist?,??? ??? ???? ?? ??? ????? ?? ???? ???? ????? ???? ???,H
What will happen to social sites if advertisers realize that they have found a better way and abandon this?,"?? ?? ??? ???? ??? ??? ?? ??? ?? ?? ??? ?? ???? ???? ??? ???? ?? ????? ??? ??? ??? ??? ?? ???? ?? ?????? ?? ?????? ?????? ??? ???? ??? ? ??? ?? ???? ??? ?? ??? ??? ?? ?? ??? ?? ?? ?????? ???? ?? ????? ?? ??? ???? ????? ?? ????? ?? ? ?? ??? ????? ?? ??? ??! ??? ???? ??? ???",H
Memorization: What is the best way to learn all the capitals in the world?,???? ?? ?? ?? ??? ??? ???? ?? ?????? ????? ??? ?????? ???,H
How can I find the cheapest rent in New York City?,??? ??????? ??? ?? ???? ??? ????,H
Why is it that every teen girl has a crush on her mathematics teacher? Is it the intelligence or their behavior?,??? ?????? ???? ??? ?????? ?? ??? ???? ????,H
What are some characteristics of involuntary muscle tissue?,???? ???????? ???? ???? ???? ???,H
What are some of the worst careers for women?,?? ????????? ??? ????? ???? ????? ????,H
What is the best way to cook ham in a microwave?,??? ?? ?? ???? ???? ???? ?? ?? ?? ????? ?? ???? ???? ?????? ??? ???? ???? ???? ????,H
Did Swami Vivekananda ever eat non-veg or egg during his journey around the world?,???? ?? ????? ??? ??? ?? ???? ?????? ???? ????? ???,H
What are the best quotes/lessons of the Assassin's Creed series?,?? ?? ??? ??? ?? ???? ??? ?? ?????? ?? ??? ??? ???? ?????? ??? ????,H
How do I delete Whatsapp media from an iPhone?,??? ?? ???????? ??? ??????? ????????? ??? ?? ?? ???? ????†?? ???? ?????? ?? ??? ???? ?? ???? ?? ????†???? ???? ??? ???? ??????†??? ???? ????? ??? ?? ?? ???? ???? ????? ???? ???? ?? ????? ?????,H
How can you tell if someone loves you?,??? ?????????? ?????? ?????? ????? ???? ????? ????,H
Which is the best brand for air-conditioners and why?,??? ?? ?? ?? ????? ?????? ?? ???? ???,H
What is Reliance Industries' total employee strength?,???? ?????? ??? ?????? ???? ?? ???? ??? ??? ??? ????? ????,H
Why do you want to be to president?,??? ?????? ?? ???? ?? ??? ????? ????? ????? ???? ???? ??????,H
What routes are United's 787 Dreamliners flying?,??? ????? ?? ?????? ?? ??? ??? ?? ?????? ????? ????,H
What are the best gifts to give a girlfriend in India?,??????? ??? ?? ???? ??????? ???? ???,H
What is your review of Birla Institute of Management Technology?,????? ??? ????? ?? ??? ??? ??? ??? ????,H
Could we shrink things by reducing the 'empty space' in subatomic particles?,"???? ? ?????? ????? ?? ?? ?? ??? ???? ?? ????? ???",H
"What is your review of Srinagar, Jammu & Kashmir, India?",?? ??? ?? ?? ??? ??? ?? ?????? ?? ?? ??? ?? ????? ????,H
"Sex life: as a couple in your 30's, how often do you have sex?","??? ???  2016 ????? ??? ?? ?? ??? ??? ?? ?????? ????? ??? ? ????? ??? ??? ?? ?? ???? ??? ???? ????",H
How forgetful are you?,??? ??? ?? ??? ?? ??? ?? ???? ?????? ???? ???? ??? ???? ?? ?? ???????? ?? ??? ???? ???,H
What are the best books to learn algorithms and data structures? Are there any good blogs/posts on these? Which books explain these concepts in a simpler way?,??? ?? ??? ?? ???? ???? ?????? ???? ?? ??? ?????? ???,H
Ancient Hindus sailed from India to Indonesia. Why didn't they sail further to discover Australia? Why didn't Dutch discover Australia from Indonesia?,??? ?? ????? ????,H
Do I exist?,?????? ????????? ?? ???? ?? ????? ???? ???? ??? ???,H
Which is the best bakery in mangalore?,??? ????? ?? ?????? ????? ??? ???,H
"If I jump rope for five minutes, how many calories will I use?",??????????? ?????? ??? ?????? ????? ?? ????? ????? ???? ????,H
What is the difference between Shia and Shiite?,????? ???? ?? 2016 ?? ?????? ???????? ??? ???? ??????? ???? ???,H
How do I know if I'm blocked on WhatsApp?,??? ??? ??? ????????? ????? ?? ??? ??? ?? ???? ??? ????? ??? ???? ??? ?? ??? ??? ??? ?? ???†??? ??? ?? ??? ???? ???? ???? ????? ??? ???†??? ???? ????? ??? ???? ?????? ???? ?? ????? ???,H
What are some bad habits we all have?,??? ?? ????? ??? ?? ??? ??? ?? ?? ???? ???? ???? ?????? ????,H
How do I unblock myself on viber?,????? ??? ???? ???????? ???? ????,H
Is there any free app to check your grammar in writing?,?? ??? ??? ?????? ???? ??? ??? ??- ?? ?? ?? ?? ??? ?? ??? ????? ?? ???? ????,H
What is the gross salary if IDA mentioned is 16400?,??? ???? ??? ???,H
Is there any background check for CA number of attempts?,??? ???? ???? ??? ???,H
What are the problems/solutions for organizing a concert?,???? ??? ???? ?????? ??? ??? ??? ???,H
What is the lifestyle of an UPSC aspirant?,2014 ??? ??????? ???? ??? ???? ???? ????????? ????? ?? ?????? ???? ???,H
What is the DHP vaccine for dogs for? Is it necessary?,??? ????? ??? ??????? ?? ???? ????? ??? ??? ???? ???,H
What is it like doing a PhD in a top university in Bangladesh?,??? ??? 3 ?? ???? ????? ??? ?? ??? ???? ??? ?? ???? ???,H
"Drinking milk just before sleep, is good or bad if you want to reduce weight?",??? ?? ????? ??? ????? ??? ?????????? ???? ???????,H
What are some ways to lose weight fast?,???? ??? ????? ??? ???? ??? ??? ????? ????? ??? ???? ???? ???,H
Where I can buy the best Household items online in India?,??? ???? ???? ?? ??? ???,H
What is your saddest moment?,?????? ????? ?? ???? ???? ????,H
I've read that movies like the Wizard of Oz and Alice in Wonderland are being used to program our brain. How do we get out?,??? ?? ????? ?? ???? ??? ??? ?????? ????? ????? ????,H
"In India, what are the differences between ordinance, bill, law and act?",??????? ??? ????? ???? ??? ?? ???,H
Is Ayurveda a science?,??? ???? ???? ????? ???? ?? ?? ?? ????? ?? ??????? ?? ??????? ?? ???? ???? ??? ???? ???,H
What are the best tools to create an interactive video?,???? ????? ?????? ???? ??? ?? ????? ??? ??? ????,H
How can I stop giving a fuck about anything?,?? ??? ?????? ?? ???? ??? ????? ?? ??? ??? ???? ????? ??? ????,H
"What are some good resources for learning C, C++, and C#?",??? ?? ??? ???,H
Are there good MBA programs for digital marketing in Western Europe?,?? ?? ?? ???? ??? ??? ? ?  ???? ?? ?? ??? ?????? ??? ??? ?? ????? ??? ????,H
How do foreigners view your country?,??? ??? ?? ?? ?? ?? ?? ????? ??? ?? ????? ??? ???? ???? ????? ?? ??????? ?????? ??? ?? ?? ?? ???? ?? ???? ????? ??? ????? ???? ?? ??? ???? ????? ?? ??? ???,H
"For BITSAT & IIT JEE Mains 'theory', is NCERT sufficient?",?? ?? ??? ??? ?? ????? ?? ??? ????? ?? ???? ????,H
How do you polish a wax sculpture?,"????: ""??? ?? ?? ???? ???? ???"" ??? ""???? ?? ?? ???? ??"" ??? ??? ??? ???",H
Why is rhinovirus harmful? How can it be treated?,??? ??? / ??????? ???? ?? ???? ????? ??????? ???? ???? ???? ?? ???? ?????? ????,H
What if plants could feel pain?,??? ??? ???? ?? ????? ??? ??? ??? ????? ???? ?? ??? ????? ???,H
How do I solve (0.05246) ^(1/8) - 2.6055 by log?,??? 8 ??? ?? ???? ?? ??? ?? ??? ???? ??? 1 ???? ???? ???,H
What are the best hill stations in North India?,?????? ?????? ?? ????? ?? ??????? ??? ????,H
What is the best way to compliment a girl about her looks?,2011 ?? ?????? ??????? ??? ????,H
What are the top paid IT jobs?,????? ????? 2 ?? ?? ?? ?????? ?????? ???? ???? ??? ????,H
How does body temperature rise when you have the flu?,???? ???? ?? ???? ????,H
Why do lawyers have a preference to settle out of court instead of going to court?,??? ?? ?? ???? ?? ?? ????? ?????????? ??????? ???????? ?? ????? ????? ???,H
How do modern touchscreens work?,???? ???? ?? ?????? ???? ?????? ?????? ????,H
What is the chemical formula for sodium hydrogen sulfide? How is it determined?,?? ?? ????? ??? ?? ??? ???????? ??????? ????,H
What are they saying during the Israeli satellite launch?,??? ????? 10 ???? ???? ?? ????? ????? ???? ?? ????? ???? ?? ?????,H
How do I make friends as a teenager?,???? ??? ???? ??? 6.5 ?? ???? ???†??????? ????????? ???? ??? ????? ???? ?? ??? ??? ?????? ?? ??? ?? ??????????? ?? ???? ???? ???,H
I have got band 6.0 in IELTS which colleges I will get there in Canada for MS in computer science?,????? ???? ??? ?? ??? 229 (???? ?????) ???? ??? ??? ???? ???,H
Development Practice: Have you ever worked on a successful environment project in rural Latin America? What made it successful?,"??? ?? ??? 100 ??????? ????? (????) ????????? ????? ?????? ?? ???????? ??? ? 150 ???? ??? ???? ???? ????",H
I am an Indian and want to marry a Pakistani girl. What should I do?,??? ??????? ????? ????? ???,H
Can an auto immune disease cause insomnia?,??? ??? ?? ??? ???? ?????? ?????? ????? ?????,H
What's the best adult toy for my Kegel muscles?,?? ??? ???? ????? ???? ???? ?? ?? ?? ????? ???? ???? ??? ????? ?? ????? ?? ????? ?? ??? ?? ????? ?? ???? ?? ?? ????,H
What do girls talk about boys?,??? ?? ??? ?? ?? ?? ??? ???? ???? ???,H
What is it like to study math at UCLA?,????? ???? ??? ??? ????? ?? ????? ??? ????,H
Is it necessary to unlock bootloader before rooting Android phones?,?????? ?? ????? ???? ?? ???  ?????? ????? ??? ???,H
What are some adjectives to describe flowers?,?????? ???? / ????? ????? ?? ????? ??? ??? ?? ??? ??? ???,H
"Which is correct: ""my sister and I"" or ""me and my sister""?",??? ?? ?? ?????? ??? ?? ???? ???? ????? ???,H
Why I cannot use netsend commands?,????? ??? ????? ?? ??? ??? ??? ?????? ????,H
Was Michael Jackson bigger than Elvis?,???? ??? ?? ??? ?? ??? ?????? ??? ?????? ???? ???? ???? ???,H
"SPOILER ALERT!!! In movie, ""The Departed"" why did Mark Wahlberg (Dignam) kill Matt Damon in the end?",??? ?????? ????? ?? ??? ?????? ?????? ????,H
"What are the practical applications of fork(), vfork(), exec() and clone()?",?? ???? ?????? ???? ?? ???? ???? ????,H
What are good questions for you to ask an interviewer?,??? ???? ?????? ??? ????? ?? ???? ??? ?? ??? ????? ????? ??? ???? ????,H
How do I translate 'Á´üÁÑ∂' to English?,????? ???? ?? ????? ?? ?????? ??? ????,H
Sleep Number: Can you use any bed frame with a Sleep Number bed?,????? ???? ????? ?? ??? ?????? ?????? ???? ??? ?? ????,H
Where can I buy best quality commercial innerspring sofa bed in Chatswood West?,??? ?? ?? ?? ???? ??? ?? ?? ?? ???????? ?? ???? ????? ?? ??? ???? ????,H
You have given all statement as correct in UNCCD question in CSE prelim 2016. While many coachings have taken 2nd statement as wrong.?,??? ????????? ???? ??? ??? ???,H
What's the fastest physical transformation an actor has undergone for a movie or TV role?,???? ?? ??? ?? ??????? ??? ???? ????? ????†??? ??? ?? ???? ??? ???? ???? ?????? ???,H
"Are there any Indian stores in Stony Brook, NY?",???? ???? ???? ??? ??? ????? ??????,H
What is teabagging?,??? ??? ?? ??? ?? ????? ?? ????? ???,H
Do people with anemia die younger?,???? ?? ???? ??? ??????? ??? ???,H
How do you get a micro SIM card out of an iPhone 4?,?????? ?? ????? ?? ???? ????? ???? ???? ???? ??? ???? ???,H
What are the pros and cons of converting a pool to salt water?,??? ??? ??? ?? ??? ??? ?? ??? ???,H
"I want to start my clothes boutique in India, from where can I buy cheap wholesale clothes?",????? ??? ?? ??? ?????? ?????? ??? ????,H
What is the best book ever written about the Detroit Pistons?,?? ?? ???? ???? ???? ??? ???,H
What is the greatest lie you've ever told to your parents?,???? ???? ????? ???? ???? ????,H
Can I use Jio SIM in iPhone 5s?,??? ??? ???? ??? ???? ???? ????,H
What is the entire process of becoming a certified ethical hacker?,?? ???? ???? ?? ??? ?? ??? ??? ??? ?? ???? ?? ??? ?????? ????,H
Are government employees eligible to Sukanya Samrudi Yojana?,???? ?? ??? ????? ??? ?? ?? ?? ???? ???? ???? ?????,H
Did they just make up that thing in 'Interstellar' that one has to look inside a black hole to combine general relativity with quantum mechanics?,??? ???? ???? ????? ???? ?? ?? ?? ????? ?? ??????? ?? ??????? ?? ???? ???? ??? ???? ???,H
What is the best way to study 5 to 7 hours a day?,?? ?? ??? ??? ????? ????? ?? ??? ??? ?? ??? ???? ????,H
"I'm a big guy. When I get angry, people get scared and accuse me of threatening them. How do I stop this? I'm not actually a violent person.",?????? ??? ??? ???? ?? ???????? ??? ???,H
Human Physiology: What concentration of salt water will induce vomiting?,???? ?? ????? ?? ??? ??? ?? ???? ??? ?????? ??? ?? ?? ??? ?????? ???? ???? ????,H
Which acoustic bass guitar is the best?,??? ??? ?? ?? ?? ?? ?? ?????? ?? ??? ?????? ?????? ?? ???? ???? ??? ???,H
How long did it take to rebuild Germany after WW2?,"???? ??? ??? ?? ??? ???? ????? ??? ? ??? ??? ??? ??? ?? ?? ?????? ?? ???? ?? ??? ????†??? ?????? ??? ?? ??? ??? ???? ?? ??? ??? ???? ?? ??? ?? ????? ??? ??? ??? ?????? ???? ????†????",H
How driver earns in ola cab services?,??? ??? ??? ????? ?? ??? ???? ???? ??? ???? ????,H
If the universe rewinds itself after it dies does that mean that I get to be reborn?,??? ?? ??? ?? ???? ??? ??? ??? ?? ???? ?? ?? ????? ???? ????,H
Where can someone buy a legit or fake social security card and SSN?,??? ????? ?? ????? ????? ?? ??????? ???? ??? ????? ?? ??? ?? ???? ???,H
Can shrimp consumption cause high blood pressure?,??? ???? ??? ??? ??? ????? 10 ?? ??? ?? ??????? ?? ???? ?? ?????,H
Which is the best newspaper in India for quality news?,?? ??? ????? ??? ??? ???? ???? ?? ??? ??? ???? ???,H
What is it like being a lawyer?,???? ??? ??? ?? ???? ??? ???? ??? ???? ???,H
What is the difference between a turkey and a chicken?,????? ?? ??? ?????? ??? ????? ??? ????,H
Why do people on death row get last meals?,"???? ?? ??? ??? 20 ??????? ?? ????? ?? ????? ?? ???? ??? ?????? ????? ???†??? ???? ?? ??? ???? ??? ? ??? 30 ??? ?? ???? ?? ???? ??? ??? 30 ??? ?? ???? ?? ???? ?? ???? ????? ???†???? ?? ?????? ?? ????? 1.5 ??????? ?? ????? ???†????? 30 ??? ??? ????? ?? ???? ??? ??? ????",H
How am I suppose to make a blog on Quora?,???? ????? ???? ??? ???,H
How can one earn money with a Facebook page?,???? ???? ??? ?????? ???? ???? ??? ???? ???? ?? ??? ???? ???,H
"Why is my hamster shaking, itching, gagging, and sleeping alot?",??? ??? ?? ??? ???? ?? ?? ??? ???? ??? ???? ??? ???? ???,H
What is the Best point and shoot camera under 7k INR?,??? ?? ??? ??????? ??? ???? ?? ?? ??? ?? ???? ???? ?? ??? ??? ??? ?????? ???? ?????? ????,H
How do I reset a Gmail password without a phone number?,??? ??? ?? ?? ??? ????? ?? ?? ???? ???? ?? ??? ?? ??? ???,H
"I have just been given the title of salutatorian, and need to run a speech by my principals today. What is an original idea I can use?",???? ?? ??????? ??? ???,H
What is the fastest way of speaking with a German accent?,"??? ?? ?? ??? ?? ?? ??? ??? ???? ???? ?????? ????? ??? ??? ??? ???? ???? ?????? ?? ??? ?? ???? ??? ???? ???? ?? ??? ???? ??????? ?????? ???? ??? ? ??? ??? ???? ??????",H
What kind of animal did this?,??? ?? ??? ??? ???? ??? ?????? ?? ??? ?? ????? ?? ?? ??? ????? ???? ???? ????,H
How much money does UFC pay Joe Rogan as salary? Does he get any other non-monetary perks from the UFC?,??? ????? ???? ?? ??? ??? ???? ???? ??? ???,H
What are some good songs to lyric prank your crush?,???? ?????? 2 ????? ??? ????? ???? ?????????,H
What is your review of Beyond the Hills (2012 movie)?,???? ?? ???? ?????? ??? ?? ???? ??? ??? ?? ????,H
What is the difference between tablets and pills?,??? ?????? ?? ???????? ??? ?? ?? ?????? ???? ???? ?? ?? ???? ???????? ?? ????? ???? ??????,H
Should I do a diploma in a community college of Canada or a masters from an university of Canada?,,H
"If Trump is elected president, what are the chances of him becoming a de facto dictator?",??? 2016 ??: ??? ????? ???? ?? ?????? ??? ???? ?? ???? ????? ???,H
Can business class and economy class passengers temporarily swap seats during the flight?,"??? ????? ???? ?? ????? ???? ?? ?? ??? ???? ?? ?? ??? ?? ?? ? ????? ????? ???? ???? ??? ???? ???? ???? ????? ???",H
Do other cars taunt you while you are driving in public?,?? ???? ????? ??? ??? ?? ???? ?? ????? ?? ???? ??? ??????,H
What is the scope of public health in Germany?,????? ??? ????? ?? ?????? ??? ???,H
I own a personal website/blog. If I get decent traffic I want to make few bucks via ads. Does the law allow me to do this while being on H1B visa?,???? ?????? ??? ???? ??? ???? ???? ???? ????? ???? ??? ?? ???1?? ???? ???? ???? ?? ??? ???? ???? ?? ????? ?? ????? ?? ???? ??? ??????? ?? ???? ???,H
"What are some examples of sentences using the word ""acceptance""?","??? ""????"" ??????? ???? ???? ????? ?? ??? ?????? ????",H
What is the significance of India's Green Train Corridor project?,?? ??? ?????? ?? ???? ??? ???? ???? ?????? ?? ???? ?? ?? ??? ??? ??? ?????? ?? ???? ????? ???? ??? ?? ?? ???? ????? ?? ?? ?? ???? ???? ???? ????????? ?? ??????,H
What is tapioca pudding made of?,??????? ?? ???? ???? ????? ???? ???,H
How can I have a body shape?,??? ???? ??? ?? ??? ??? ???? ???? ?????,H
What are my chances for getting into an ivy league (or MIT)?,????? ??? ??? ?????? ?? ???? ??? ??????? ????,H
"Where does the water from the Great Lakes come from, and how does these lakes wildlife compare to Lake Prespa?","???? ?????? ?? ???? ???? ?? ??? ?? ? ??? ?? ?????? ?????? ?? ????? ???? ???? ?? ???? ?????? ???? ???",H
What are the best Bible verses to use in wedding ceremonies?,???? ?? ???? ????? ?? ??? ????? ?? ??? ???? ???? ??? ????,H
How are motion graphics made?,"""????? ?? ?????"" ???? ???? ?? ??? ???? ????? ???? ???",H
What are the all-time best complete love story movies in Telugu (Tollywood)?,?? ??? ???? ?? ????? ?? ?? ??? ????? ????,H
What are the most valuable tips you can give a new brand creating their Facebook profile that you wish someone would have told you?,??? ?? ??? ??????? ??? ?? ??????? ????? ??? ??? ???? ???? ?????? ?? ????? ???? ?? ??? ???? ?? ??? ?? ?? ??? ?? ??? ???? ???,H
How do Toto toilets compare to Kohler toilets?,?? ???? ?????? ???? ?? ???? ???? ????,H
What are the biggest culture shocks people face when coming to Taiwan?,????? ??? ?? ????? ?? ?? ?? ??? ????? ???? ???? ????? ??? ?? ????,H
Where can I get the soundtrack of Steve jobs movie?,??? ???? ????? ???? ??? ?????? ??????,H
Why is lithostatic pressure gradient is greater than fracture pressure gradient?,?????? ????? ????? ?????????? ????? ????? ?? ?? ???? ???,H
"How did Man Bai, Jahangir's wife die?",?? ??? ?? ???? ?? ??? ???? ????? ?? ?? ????,H
How many police officers were fired in the USA in 2016?,????? ???? ???? ???? ???? ????,H
Has an amazing coincidence ever happened to you?,?? ?? ?? ?? ?? ??? ????? ??? ???,H
Should one address a Thai professor by his first name or his last name?,???? ???? ?? ??????? ??? ???? ???†???? ?? ?? ????? ???? ?? ??? ??? ??? ?? ?? ???? ??? ??? ???? ??? ???? ??? ???†??? ?? ?? ??????? ?? ???????? ???? ??? ???? ??????? ?????,H
Who are you a role model for?,?? ?? ??? ???? ??? ???,H
What is the difference between sincerity and fairness?,???????? ??? ???? ??? ??? ??? ???,H
What is a natural remedy for hair?,??? ????? ?? ?????? ????? ?? ???? ????? ???? ???,H
What does it mean to hike up your skirt?,????? ????? ?? ??? ??????? ????? ??? ????,H
What are some great side dishes for a minestrone soup?,"?????? ?? .4 the. the ???? ??? ?? ????? ??? ????? ?? ? the ? ????? ???? ?? ???? ???? ?????? 68.44? ???? ?????? ?????? ?? ???????? ???? ???",H
Is it possible to build an Android app using eclipse software?,"??? ?? ???? ??? ???? ???? ??? ???? ?? ??????? ???? ???? ???? ?????? ??????? ??? ??? ????? ????? ?? ?? ?? ?? ??? ?? ??? ?????",H
"How can I earn 15,000 rupees per month?",?? ?? ??????? ?? ???? ???? ?? ??? ???? ???? Ä ô ? ???? ??? ???,H
Why are major Indian TV channels absent in northeast?,???? ??? ???? ?? ?? ????? ????,H
What's it like to snort dmt?,??? ?? ??? ?? ?? ?????? ?????? ???,H
I want to do a PMP. Which institute in Hyderabad is good for PMP training?,???? ??? ???? ?????? ?? ?? ??? ?? ????? ??? ??????? ????? ???? ??? ????,H
How do I lose belly fat without doing exercise?,"?? ???? ??? ???? ???? ??? ??? ???? ?? ??? ???? ?? ?????? ?????? ??? ????",H
Can I replace the CPU in my laptop?,??? ???? ??? ??? ??? ?? ?? ?? ?? ??? ?????,H
"If one set of identical twins have each have a child with another set of identical twins, is it possible that both kids could be identical?",????? ???? ????? ???? ?? ??? ??? A / B ????? ??? ??? ???? ????? ???? C / D ?? ??? ??? ?? ???? ?? ?? ????? ???? ??? ????? ??? ???? ???? ?? ????? ??? ??? ???,H
Will a Prega News pregnancy test show accurate results 7 days after having sex?,???? ?????????????? ????? ??? ????? ???? ?? ?? ??? ???? ?? ??? ??? 15 ?? ?? ??? ???? ???. ????? ???? ??? ?? ???? ?? ??? 15 ?? ?? ????? ???? ???? ???,H
What are the best books for UGC NET commerce?,????? ??? ?? ?? ?? ??? ?? ??? ??? ?? ?????? ?????? ????,H
Which cellular carrier in the world has the shortest period of time for the user to keep their old phone number if they return for device refund?,???? ??? ??? ?? ?????? ?????? ???? ?? ??? ???? ???? ?? ?? ?? ?? ??? ?? ??? ?? ????? ?? ??? ???? ????? ?? ?? ?? ???? ????? ??? ???? ????? ???,H
What gimbal and camera combination is best for live streaming on my drone?,??? ?????? ???? ???? ???? ?????? ????,H
How is packaged coconut water made?,??? ?????? ????? ??? ????? ?? ???? ???? ???,H
What do you need to produce tea?,???? ??? ???? ???? ?? ????? ???,H
What is pulsating magnetic fields?,???????? ????? ??? ???,H
How do I extend my WiFi signal to another building 400 feet away?,??? ???? ???? ???? ???? ?? ?????? ?? ??? ???? ????? ????,H
"What's the difference between a finance manager, a finance controller, an accounting manager, and a commercial finance manager?",??? ???????? ????? ??????? ?? ??? ????? ?????? ?? ??? ?? ??? ?????? ????,H
Do Koreans regret abandoning Hanja?,????? (????): ??? ????? ?? ????? ????? ??? ?????? ??? ???? ?? ????? ?????,H
How do I register a porn production company legally?,"??? ?? ???? ?????? ?? ??? ?????? ?? ??? ??? ??? ??? ?? ??? ???? ??? ?? ?? ? ???? ?? ??? ???? ????? ?? ????? ??? ?????? ?? ???? ????? ????? ?? ???? ???? ??????",H
Did you ever stay in the house for over a week? didnt go outside?,"""??? ????? ?? ????? ?? ???? ????? ???"" ?? ????? ?? ???? ???? ????",H
What is a company to invest in vietnam?,??? ?????? ??? ??? ??????? ?? ??? ?????? ???? ???? ?????? ????,H
Why does Arvind Kejriwal get so much hate?,??? ????? ??????? ?? ???? ???? ?? ??? ?????,H
"In superstition, what is the meaning of an itchy nose?",???? ????? ??? ????? ????? ?? ??? ???? ???,H
What does it mean to be average?,? ????? ????? ?????? ?? ????? ?? ??? ?? ??? ??? ???,H
Where can I buy meldonium in Canada?,??? ?????? ??? ???????? ???? ?? ???? ???? ????,H
Would you use a personal chef or a robot chef?,??? ?? ????? ????? ?? ??? ????? ?? ??? ????? ??? ?? ??????? ???? ???,H
How do I have sex with girls?,??? ?????? ?? ???? ?? ? ??????? ?? ??? ???? ?????? ????,H
Why is contract law important?,?????? ????? ???? ??? ???? ???,H
What are the best pay per install (PPI) services for app downloads?,??? ???? ???? ?? ??????? ?? ???? ????? ????†?????? ???? ??? ????? ??? ?? ??? ????†??? ??? ?? ?? ????,H
Ejaculate in mouth?,"???? ?? ?? ???? ???? ?? ???? ?? ???? ???? ????? ????? ?? ?? ???? ???? ??? ???? ????? ???†??? ?????? ??? ? ?? ?? ???? ??? ??? ??? ?? ????? ???? ?????†???? ??? ???? ???? ???",H
Is senior residency at Hindu Rao Hospital teaching experience?,??? ?? ??? ??????? ????? ??? ??? ???? ??? ?????? ????? ??? ??? ??? ?????? ????????? ???? ??? ???? ?????? ???? ??? ???? ???? ????,H
"If there is a real gender pay gap, why do firms hire men at all?",??? ???? ???? ?? ??? ??? ?????? ?? ??? ??? ?? ?? ?????,H
What are natural numbers?,?? ?? ?? ????? ????? ??? ???,H
How did the Utah Teapot get so popular in computer graphics literature?,??? ??????? ?????? ??????? ?? ??? ??? ???? ????,H
What diet schedule should I follow to loose 10 kg weight in 2 months?,??? ?? ?? ????? ??? ???,H
What are the best songs to lyric prank a girl friend?,???? ???? ?? ?????? ?????? ?? ???? ?? ??? ??? ??? ????,H
Indian Ethnicity and People: Why would any one want to leave the comforts of Sydney and return to India?,?????? ??? ??? ???: ???? ??? ??? ????? ?? ???? ?? ???? ??? ???? ?????? ?? ??? ????? ????,H
"Which is the best mobile, Windows or Android?",?????? ?? ??? ?????? ?? ??? ????? ???†??? ?? ??? ?? ??????? ?? ????? ??? ?????,H
How can I develop application using c++?,?? + ???? + ?? + ??? ???? ?? ??????? ??? ??? ???,H
Are ductile metals also malleable?,?????? ???? ??? ??????? ???? ????,H
Is there any way to detect a surveillance camera/hidden camera without using any hi-tech devices?,????? ?????? ??? ??? ?? ???? ???? ?????? ????? ????? ?? ??? ??????,H
"Are there any over-the-counter bronchodilators? If so, which is the best?",??? ????? ?????? ?????? ?????? ?? ??? ????,H
What is the best online test series for IAS exams?,??? ?? ??? ??? ?? ??? ?? ???? ?? ????? ???? ?? ???? ?? ???? ?? ??? ??? ?? ??? ??? ?? ?? ????? ?? ???? ??? ??? ???,H
"If an Amazon Prime Air drone was shot down by a pistol, rifle, or shotgun and dropped my delivery, would Amazon replace it?",?? ??? ??????? ???? ?? (??? ????? ?? ?????) ??? ???? ???,H
How to cancel all friend request pending on Facebook?,"??? ?? ??? ?? ????? ??????? ???†???? ??? ??????? ????? ??? ? ?? ?? ?? ??????? ?? ????†?? ?? ??? ???? ???",H
How distinct is Android and iOS memory management?,"????? 10 ??? ?????? ?? ??? ?????? / ??? ? ??? ? ?????? ??????? ???? ?? ??? ??? ?? ?????? ???",H
What keeps you up at night?,?? ?? ??? ?? ???? ??? ???? ?? ??? ??? ??? ???,H
Which is a tougher entrance exam: the GATE or the IES?,?? ??? ??? ??? ??? ??? ???,H
Are there any start up companies in Mysore?,?? ?? ?????? ?? ????? ?? ??? ??? ???? ?? ????? ???? ???? ?? ?????? ????? ??? ???,H
Is it safe to lose 25 pounds in 1 month?,??? ??? ??? ??? 13 ????? ????? ?????? ???,H
Are book collectors possessive about their books? What would they generally do if someone asks to borrow one?,?? ??? ???? ??? ?? ??? ???? ??? ?? ?? ????????? ?? ???? ??? ??? ???? ????? ?? ???? ?????? ????? ???†?? ???? ???? ???? ???†?? ???? ?? ???? ???? ????†??? ?????? ??? ????,H
Why don't buffalo and the like evolve to band together against lions and cheetahs instead of run away?,??? ???? ???????? ????? ???? ???? ???,H
Can i register a car that failed inspection?,??? ????? ?? ??? ?? ??? ??? ??? ??? ????? ????? ?? ????? ?? ??? ???? ?? ?????? ???? ?? ??? ??? ?? ??? ???? ?? ?? ?? ???? ?? ?? ?? ??? ??? ???? ????? ???? ???????,H
"What are the differences between game development, game design and game programming?",??? ?????? ??? ??? ???????? ?? ????? ??? ??? ???,H
Why is my female friend suddenly ignoring me?,???? ??? ?????? ???? ????? ???? ???????? ???? ???? ????,H
What is ‚Äúproduct strategy‚Äù?,??????? ??? ???,H
Is is possible to solve this mathematical problem?,??? ???? ??? ????? ?? ????? ?? ???? ???? ???,H
If I block someone on snapchat will they still see the last message I sent?,??? ??? ?? ???? ????? ??? ?? ????? ????? ?? ??? ?? ???? ???? ??? ?? ??? '??????' ?? ??? ????,H
Gillian Anderson: Why do you and david beat around the bush aren‚Äôt u a little old for this shit?,????? ???????: ?? ?? ???? ??????? ??? ?? ??? ?? ?? ?? ?? ?? ????? ????? ?? ??? ?????,H
What is the best Call Of Duty?,????? ?? ?? ?? ???? ??? ?? ????? ??? ????? ???,H
What is the effect of hypodensity of white matter in parietal lobe of brain?,??? ???? ??? ????? ??? ???? ?? ???? ???????,H
Does the T.V. show Homeland feel Islamophobic?,?? ??? ???? ??? ??? ?? ???? ???? ????? ???? ???? ????,H
I lost my original charger of the OnePlus One. Can I charge my phone with any charger without getting my phone's battery affected?,"???? ??? ???? ?? 2 ??? ???†??? ??? ?? ?? ??? ???? ???? ?????? ??? ?? ???? ???? ?? ??? ???? ???? ?? ? ???? ?? ??? ???? ?? ???? ??? ?? ??? ??? ??? ??? ????? ?? ????? ???? ???? ????†??? ?? ?? ??? ?? ????? ??? ??? ????? ?????",H
What are ways to deal with oversee produce security and assurance of android application?,"??? ??? ??? ? ?????? ???????? ?? ???????? ?? ??? ?? ????? ????? ?? ???? ???? ???",H
A title for my continuation to The Gift of the Magi?,??? ???? ?? ???? ?? ??????? ????? ?? ???? ???? ?????,H
How can you determine the Lewis structure for PCL5?,????? ?? ???? ?? ?????? ???? ?? ???? ???,H
Which is the best mutual fund SIP to invest for good returns?,???????? ??? ?????? ???? ???? ?? ??? ?? ?? ???? ????? ??? ????? ???,H
Is knee pain in a 20 year old girl normal?,??? 14 ??? ?? ???? ?? ??? ?????? ????? ???,H
Is it fraud if I become a beggar even though I am rich?,???? ???? ???? ???? ???,H
What will happen if I cancel TQWL tickets before the charting is done?,??? ?? '??? ?????? ?? ?????' ?? ??? ????? ?????? ????,H
Do you believe imperialism left a positive or negative legacy in the Indian subcontinent and in Africa?,???? ?? ???????? ????? ??? ??? ?????? ?? ???? ????? ???? ???,H
Why do male porn stars masturbate to ejaculate?,??? ???? ??? ???? ?? ??? ?? ?? ??? ??? ???? ???? ??? ??? ?? ?? ????? ?? ?? ??????? ?? ???? ??? ??? ????? ?? ?? ??? ?? ????? ??? ????? ???? ???,H
Should I find a new piano teacher to replace my current one?,???? ??? ??? ??? ??? ?? ??? ???? ???? ????? ???? ?? ???? ???? ?????? ??? ?????? ???? ??? ??? ??? ??? ??? ???? ?? ????? ???? ???? ??? ???? ???? ???? ?? ?? ???? ????? ??????,H
How is the word 'anachronism' used in sentences?,??? ???? ??? '????????????' ?? ??? ?? ??? ??????? ???? ???,H
"If I have an app on my android smartphone that works offline and I turn only the GPS on (mobile data being turned off), does it consume any data?","??? ??? ?? ????? ???? ?? ????? ??? ?? ?? ????? ???? ?? ?? ??? ???? ?? ?? ??? ????? ?????? ?? ??? ?? ???? ????†??? ?? ???? ??? ?? ?????? ??? ?? ????? ??? ? ??? ??? ?? ??? ??? ???? ?? ?? ??? ??? ???? ???? ???",H
Where can I get a list of Australian family offices?,???? ????? ??????? ????? ?? ????? ???? ?? ???? ???,H
Why did Infosys reject a mass number of candidates from the 2014 passed out batches?,9 ????? 2016 ?? ??? ??????? ?? ???? ??? ?? ???,H
"If there's no sound in space, how was the sound of two black holes colliding recorded?",???? ??? ???? ????? ?????? ???,H
Why can't I stop watching porn?,???? ??? ???? ???? ?????? ??????,H
Crying: When was the last time you had tears of joy?,???? ??? ?? ????? ??? ???? ?? ????,H
Is it fair that Pakistani players play in the IPL?,??? ???????? ???????? ?? ??? ?? ??? ??? ?????? ??????,H
What causes so much pain with lung cancer?,???????? ?? ????? ?? ????? ?? ??? ?????? ????,H
What is it like to drive in New York City?,??? ???? ??? ??? ???? ???? ???,H
On what online platforms can I post ads for beer money opportunity?,??? ???? ??? ?? ????? ?? ??? ??? ?? ?? ???? ???? ???? ?? ???????? ???? ?????? ????,H
How do I impress my boss as a contractor?,?? ??? ??? ?? ???? ???? ?????? ??? ???? ??? ????? ?? ???? ???,H
Where can I find the multiple-choice questions and answers for the past AP Biology tests from 2013 onwards?,??? ??? ??????? ?? ?? ?? ?????? ??? ??? ??? ?? ????? ???? ?????? ?? ???? ???? ??? ?? ??? ??? 5 ???? ?????? ????,H
What is client?,??? ???? ?? ???? ??? ???,H
What should I do if I don't know what to feel or think?,???? ???? ????? ?? ??? ????? ???? ???†??? ??? ?????,H
What does ^OG mean on Twitter?,"????? ?? "". @"" ?? ??? ???? ???",H
Can you work in Canada if you have U.S. green card?,??? ?????? ????? ?????? ????? (???? ????) ?? ???? ??? ???? ???? ?????? ??? ???? ??? ??? ??? ?? ???? ????,H
What is the significance of the pink teddy bear in Breaking Bad?,??? ?????? ???? ?? ??? ?????????? ?? ?? ??????,H
What is your review of No Such Thing (2001 movie)?,???? (2001 ?? ????) ?? ???? ??? ?? ?? ??? ????? ???,H
What is the main reason for all the problems in India?,??? ?????? ????? (???????) ?? ??? ?? ??? ???? ?? ?? ????? ???? ?? ???? ??? ??? ??????,H
What are the sins of Modi?,???? ??? ???,H
How is the life in Qatar for indians ?,??? ??? ????? ??? ??? ???,H
What is ethical dilemma?,?????? ????? ??? ????,H
What color does mixing green and blue make?,??? ????? ????? ?? ??????? ???? ???? ??? ????? ???? ??? ???? ????,H
What is the purpose of using ADC in electronics devices and gadgets ?,?? ?? ?? ??? ?? ?? ?? ??? ???†?? 8051 ?????????????? ??? ?? ?? ?? ??? ?? ?? ?? ?? ??? ??????? ???? ????,H
"If a Canadian gets a tattoo in America, do they have to declare the cost when returning to Canada?",??? ??? ?????? ?? ?? ?? ??? ?? ?? ???? ?????? ??? ????? ???? ??? ???? ???1-?? ?? ??? ?? ????? ??? ??? ??? ?? ??? ?? ?????? ???? ????,H
Which is the largest zone of indian railway?,????? ????? ??? ?? ?? ?? ??? ????? ??? ?? ???,H
"During musical concerts (orchestra), we always see a person (musician) standing in the front (with his back to the crowd) waving a wand/stick in one hand and seemingly guiding the musicians. Does he actually have any role or is just like a leader for representation purposes?",?? ??? ??? ??????? ?? ??? ??? ??????? ?? ???? ???,H
Why is the government taking defence steps as political propaganda?,??? ??? ?????? ????? ?? ?????? ???? ???? ???? ???,H
What's it like dating a gangster?,??? 51 ??? ?? ??? ??? ??? 30 ??? ?? ??? ??? ???? ?? ????? ?? ???? ????,H
What's the typical daily schedule in the international space station?,"??? ???????? ????? ?????? ??? ????? ???????? ?? ?????? ???? ""???"" ???? ???",H
How can I learn things in my sleep?,??? ????? ???? ???? ???? ????,H
What happened to the Nazis after WWII ended?,??? ?????? ??? ?? ??? ???? ?? ??? ????? ??? ???? ?? ??? ???,H
How is the magnifying power of the microscope calculated?,??? ???? ??????? ?? ????????? ???? ?? ???? ???? ?????? ????,H
How difficult is it get into RSI?,??? ?? ?? ??? ??? ???? ????????? ?? ??? ??????? ???? ??? ?? ?? ????? ???,H
Who to download GTA San Andreas without net?,???? ??? ?? ???????? ???? ???? ???,H
How can I grow taller at 17?,?? ???? ??????? ?? ???? ???? ???? ????,H
What does unrooted mean?,-1 ?? ??? ??????? ??? ???,H
What is your wildest honeymoon experience?,???? ??? ?? ??? ??? ??? ??????,H
What is the best computer chess program to help improve your chess abilities?,??? ????? ??? ??????? ?? ???? ????? ??? ??? ???? ???,H
What are some good rap songs to dance to?,"??? ?????? ??? ???? ? ???? ??? ????",H
"I have done MBA in marketing from a tier 3 college, I am not happy with my current job in a bank (1 year in sales), I want a stable job. Can I go for another MBA in HR?","??? ?? ????? NVIDIA ??? ????? ?? ????? ?? ??? ???? ??? ? ???? ??? ??????? ???? ??? ??? ???? ????? ????†??? ???????? ?? ??? ??? 3 ???? ?? ??? ??? ????†??? ????? ???? ???? ?????",H
What will most likely cause World War III?,??? ????? ??? ???? ???? ???,H
What is the best music to listen to while writing academic papers or a thesis?,????? ?? ????? ???? ?? ??? ??? ?? ?????? ????? ???,H
"Why is Azula from ""Avatar: The Last Airbender"" so evil?","????? ????: ????? ""???? ??? ????? ?????"" ?? ??? ???",H
"If I ejaculate within a minute while masturbating, does this mean I will have a premature ejaculation during sex?",??? ??? ??? ?? 2 ??? ?? ???? ????? ???? ????†??? ?? ??? ?????? ???,H
How does Ashton Kutcher feel about being called the sexiest man alive?,?? ????? ??? ?? ???? ????? ?????? ????,H
"I need a Biology IA (Individual Investigation) topic, Im desperate so can I have a topic and not tips?",??????? ???? ????? ?? ?????? ??????? ??? ????,H
"At 40 years old, am I too old to target government/municipal jobs that provide pension and would allow me to retire at age 62 or earlier?",??? ??? ???? ?? 29 ??? ?? ??? ????†??? ?? ?????? ?????? ?? ? ??? ??? ?? ???? ?? ?? ?????? ?????? ?? ????? ?????,H
Will it help CIBIL score if I pay off my written-off amount?,??? ??? ??? ?? ?? ?? ???? ????? ??? ??? ???? ?? ??? ???? ?? ???? ????? ?? ??? ???? ???,H
Is mercy killing right or wrong?,??? ???? ????? ??? ?? ???? ??? ??? ???? ????? ??? ?? ???? ????,H
Are there any differences between East Asia's perception of beauty compared to Southeast Asia's?,???? ????? ?????? ??? ????? ?????? ??? ???? ?? ???? ??? ?? ???? ???? ??? ?? ????? ?? ????? ????,H
What is the logic of some expats moving to India if they don't like Indians?,??? ?? ???? ?? ????????? ??? ?? ????? ?? ??? ?????? ??? ??? ?? ???????? ??? ???? ???? ??? ?? ??? ?? ??? ????†??? ?? ??? ?????? ????? ??? ???†??? ???? ?? ???? ?????,H
"What is the responsibilities (works) of airplane pilot, co pilot, 1st officer and other cockpit crew members?",??? ????? ???? ??? ???? ????? ?? ???? ??? ???,H
What are symptoms of autism in kids?,?????? ??? ???? ?? ?????? ??? ????,H
Have people actually found dates on Coffee Meets Bagel?,???? ???? ???? ??? ??? ?? ??????? ??? ?? ?? ????? ??? ???,H
What should I do to reduce RAM usage in windows 7?,??? ???? ??? ??? ??? ????? 10 ?? ??? ?? ??????? ?? ???? ?? ?????,H
What is the Radha Vallabha Tradition of Harivamsa?,???? ??: ??? ??? ????? ?? ????? ???? ???,H
What is your favorite sport to play and why?,??? ?????? ?? ?? ????? ???? ???,H
What are the concepts you learned from SICP?,????? ???? ??? ??? ?? ?? ?? ???? ??? ??? ????? ????,H
Which car services are available in Nashville? How good are they compared to taxis and relative to each other?,????????? ??? ????? ??? ?? ????? ?????? ???? ?? ??????? ?? ?????? ??? ??? ????? ?? ???? ???? ???? ????,H
Which Pakistani movies deserve to win an Oscar?,??? ????? ????? ???? ????? ?? ????? ????,H
What are the best sites to learn how to code for free?,??? ?????? ?? ??? ?????? ???? ??? ???,H
"Who said ""man is a political animal''?","?? ?? ??? ? ""???? ??? ???? ???? ????? ??""?",H
What is the probability of an event certain to occur?,??? ?? ?? ?? ?? ????? ???? ???? ??? ????? ?? ????? ??? ???? ???,H
What is it like to be a mentor to high school students?,???? ????? ?? ???? ??? ?? ??? ?????? ???? ???? ?? ?????? ????? ??? ????,H
Should India buy some lands from Nepal in order to widen Siliguri Corridor to get easy access to northeast India?,??? ????????? ????? ????? ??? ?? ???? ??? ????? ?? ????? ?? ???? ?? ???? ??? ?? ???? ?? ??????? ?? 100+ ??? ???? ?? ???? ??? ??????,H
My maths have become extremely weak and I am in class 12th. How can I improve my maths so that I can clear my JEE exams next year?,"??? ?? ?? ?? ???? ????? ???? ??? ?? ??? ???? 12 (??? ?????) ??? 62? ???? ???? ??? ??????? ? ?? ?? ??? ??? ?? ?? ? ????? ?? ????? ?????? ?? ??? 1 ??? ?? ???? ?? ??? ??? ? ??? ???? ???? ??? ??? ????? ???? ??????",H
Why does Steve Wozniak support Cadillac?,????? ??????? ?????? ???????? ??? ???? ???? ???? ???,H
What are the best ways to learn French?,??? ???????? ??? ?? ?? ??? ???? ???? ????,H
What revenue do I need to raise in order to sell my company for 1 million dollars?,???? ??? (?? ?? ???? 1?) ??? ???? ?? ??? ????? ????,H
Will I gain weight by eating chappathi (roti)? I am a 34 year old ectomorph.,??? ?? ?? ?? ?? ???? ???? ?? ???? ??? ???? ???? ????? ????? ??? ??? ????,H
Is the New York Times failing as per Trump?,??????? ????? ??? ????? ??? ???,H
What are the best universities to pursue masters in finance in the UAE?,????? ??? ????? ??? ????? ???? ?? ??? ?????? ????????? ??? ???,H
Irrespective of cost which parker fountain pen is the best in looks and writing?,???? ??? ???? ??? ???? ???,H
Nothing excites me anymore. How do I regain that excitement?,???? ???? ???? ???? ?? ?? ??? ??? ??? ?? ????? ??? ?? ???? ??? ??? ???? ???? ?? ??? ??? ??? ???? ???,H
What does the symbol ¬• mean?,?? ??????? ?? ??? ???? ???,H
: I have small pimple inside right testicle on uper side and feel pain on touch this particle can i cure without any medical trearment urologist?,??? ?? ??? ????????? ?? ????? ????? ?? ???? ?????? ?? ????? ??? ???? ????? ??? ??? ????? ?? ??? ?????? ?? ????? ?? ???? ???. ?? ??? ????? ???,H
Why does Erik Stolhanske have a prosthetic leg?,?????? ?????? ???? ????? ???? ????,H
How much do olympic gold medalists earn?,?????? ????? ???? ????? ???? ??? ??? ???? ??? ???? ???,H
"What are some video games that center, or have a heavy emphasis, on economics?",?????? ??? ????? ???? ?????? ????,H
What are some similes for death?,????????????: ??? ???????? ?? ??? ?? ????? ?????? ???,H
Do thai restaurants reuse their pineapple bowls?(pineapple fried rice),???? ????? ????? ?? ??? ???? ???? ???? ?? ???? ???,H
What are the best compilation videos on YouTube?,?????? ?? ?? ?? ?????? ?????? ????? ??? ?? ???,H
How do I see people I unfollow on Instagram?,???? ???? ??? ??? ?? ?? ???? ????????? ?? ???? ???? ????,H
Will TCS terminate in training period?,?? ?? ??? ?? ????? ?? ??? ???? ???,H
What does it feel like to be a janitor?,??? ?? ??? ??????? ?? ??? ?? ???? ??? ?????? ???? ???? ?? ???? ????,H
How can I install OBB/data file on an Android?,??? ??????? ?????? ??? ????? ????????? ?????? ?????? ???? ????? ???? ??? ?? ???? ???,H
When is Ballon d'or 2017?,2017 ?? 2017 ??? ?????? ?? '?? ????? ???,H
Do air hostesses sleep with the cabin crew to gain favour?,???? ???? ?? ???? ??? ???? ???? ?? ?????? ???? ???,H
Who are some well-known Quora users who have become disillusioned with the platform?,?? ???? ???? ?? ???? ??????? ?? ??? ?? ??? ????? ?????? ?? ??? ????,H
How intelligent is the Night King?,??? ???? ???? ???? ????,H
How do you install Plex on Apple TV 2?,?? ??? ?? ???? ?? ?? ?? ????? ??? ?????? ?????,H
How long does it take to renew an Indian passport in India?,?? ????? ??? ??? ????????? ??????? ?? ????? ???? ?? ???? ?????? ??? ??????? ???,H
Why do I always get depressed?,??? ????? ??? ?? ?????? ???? ???? ????,H
Which CRM do you prefer for your business?,????? ?? ?????? ?? ??? ??? ?? ?? ?? ??? ???? ???? ???? ???,H
What are the qualifications for being an FBI or CIA agent?,??? ?? ??? ?? ????? ???? ??? ??? ????? ???,H
What are some unnoticed or less-known facts about Harry Potter series?,???? ???? ?? ?????? ??? ???? ???? ?? ??? ??? ??? ??????? ??? ????,H
How do you do SEO for Bing?,??? ??? ??? ??? ???? ?? ??? ??? ?? ?? ???? ?????? ????,H
What is the maximum number of times you can fold a piece of paper?,?? ???? ?? ?? ??? ??? ?????? ?? ???? ???? ?? ???? ?? ???? ?? ????? ?? ????? ??? 8 ??? ??? ??? ?????? ???,H
What are some of the funniest Android error messages you have ever seen?,?? ?? ????? ?? ?? ?????? ??? ?? ??? ??????? ??? ????,H
How has the concepts of democracy or ideas of democracy changed over time?,?? ?? ?? ?? ???? ???? ??????? ?? ???? ?? ??? ???,H
"Trump supporters, how do you feel about the way he's walking back his promises?",??? ?? ???? ?? ???? ??? ?? ???? ???? ??? ?? ?? ???? ????? ?? ???? ??? ?? ?? ?? ????? ??????? ????? ????,H
What is the difference between special crime investigation and criminal investigation?,????? ????? ?? ??? ?? ???? ?? ?? ????? ?? ??????? ?? ??? ?? ????? ???,H
I trust people very quickly and as a result always have been betrayed? What do I do not to trust people and still hold the relation simple?,??? ?? ?? ???? ?? ?? ??? ????? ?? ???? ????? ??? ?? ??? ????? ????? ?? ?????? ???? ???? ?????????? ???,H
Why should I learn foreign languages ‚Äã‚Äã?,??? ???? ??? ???? ????? ?? ??? ??? ???? ???? ???? ???? ????,H
Hooks concept in codeigniter with simple examples?,??? ??? ??????? ?? ???? ??????? ?? ??????? ???? ??? ???? ?????? ???,H
Can Congress stop Presidents from starting a major war?,???????? ?? ?? ??? ??? ?????? ?? ??? ??? ???? ????? ??? ??? ?????,H
Method to find separation of slits using fresnel biprism?,??????? ??? ???? ????? ??? ??? ?? ??? ???? ??? ?? ?? ????? ?? ??????? ??? ????????? ?? ???? ??? ??????? ????,H
When are the roads most slippery during rain?,???? ?? ????? ???? ??? ?? ????? ?? ??????? ?????? ?? ? for ??? ???? ??????,H
Will earth's crust ever cool down?,??????: ???? ?? ??? ??? ??? ????? ???? ??? ???? ??? ??? ???,H
Which is the best phone to buy under rupees 14000?,???? ?? ??? ?????? ?? ??? ??? ?? ?????? ??? ???†7000?,H
What is the best way to learn Data structures and algorithms from scratch?,??? ???? ????? ? ???? ?? ?????? ??? ???????? ?? ???? ??? ????? ?? ?? ??? ?????? ???? ???? ?? ????? ??????,H
How do you make chicken broth using bouillon cubes?,??? ?? ??? ?? ????? ??? ??? ?? ???? ?? ???? ???? ?????? ????,H
Why am I afraid to be myself?,??? ???? ????? ????? ?? ?? ???? ???? ???? ???? ??? ?? ??? ?? ?? ???? ???? ????,H
How does milaanj.com make money?,??? ??? ??? ???? ???? ????? ???,H
"How much cement, sand and coarse aggregate are required for 1 cubic meter of cement concrete work?","????? ??? ?? ??? ????? ?? ?????? ??? ??? ?? ???? ?? ??? ?? ???? ??? ? 1: 2: 4 ???? ????",H
What are the best marketing strategies for small cafes or restaurants?,?? ???????? ?? ??? ??? ???? ???????? ?? ?????? ??? ?,H
"How has Manish Sisodia performed as Delhi's Education Minister, till December 2016?",???? ?? ?? ?? ?? ?? ?? ?? ?????? ???? ???? ?? ?? ???? ??? ???,H
What are the best career growth technologies for automation engineers apart from automation tools?,???? ?? ??? ?????? ?? ???? ?? ?? ??? ?? ???,H
Why don't they use a fluorescent shading on golf balls when they televise it so better track of the ball can be seen?,?? ?? ???? ???? ?? ???? ????? ???? ??? ?? ?? ?? ???? ????? ?? ??? ????????? ????? ?? ?????? ????,H
What are some exothermic examples in everyday life?,?????? ?? ????? ??? ??? ?????????? ??? ???????????? ?? ??? ?? ??? ?????? ????,H
How can I read/receive text message without network coverage?,??? ??? / ??????? ???? ?? ???? ????? ??????? ???? ???? ???? ?? ???? ?????? ????,H
What are some good factors about democracy?,????? ?? ???? ??? ??? ???? ??? ?? ?? ???? ???? ???? ????????? ?? ??? ???? ?? ????? ?????,H
Why do Trump supporters believe that Donald Trump can get his platform through congress?,??? ????? ???? ?? ?????? ?? ???? ???? ??????,H
Where can one get the English audio tracks for movies?,"??? ??? ??? ?? ""????? ???? ????"" ???? ???? ???? ??? ??? ???? ?? ?? ? ?? ????? ?? ??? ???? ?? ???? ?????? ????",H
Is SMS Marketing Helpful?,??? ??? ??? ??? ?? ???? ?? ???????? ??? ??????? ????? ????,H
What is an April fool?,????? ?? ???? ?? ?? ???? ????? ?? ??? ?? ?????? ????? ????,H
"Who has more fans, Virat Kohli or M.S. Dhoni?","??? ??? ????? ? ????? ????? ? ??? ????? ?? ???? ??? ??? ????????? ??? ????? ????",H
How can I get a username from an account that has been deleted on Instagram?,??? ????????? ?? ???? ??? ??????? ????,H
Which are the best YouTube channels for watching indian short films?,?????? ?? ?????? ??? ????? ???? ??? ?? ???,H
Is it necessary to join the coaching academy to get selected in a government college for an MDS?,??? ???? ?? ?? ?? ?? ????? ??? ???? ???? ??????,H
Why would parents abandon their children?,??? ??? ???? ?????? ?? ???? ????? ????,H
Is it OK to read two or three books at the same time? Or just read one book a time?,???? ??? ??????? ???? ?? ??? ????? ???? ??? ?????? ??? ?? ????,H
How evil can we be?,??? ???? ??? ????,H
What is the best team in Pokemon Red?,??????? ???? ??? ??? ??????? ??? ??? ???? ?? ????? ??? ????,H
Is there any women organisation in Hyderabad which supports women's against domestic violence?,??? ???? ??? ?? ??? ???? ?? ???? ?????? ???? ?? ??? ?? ??? ?? ???? ????,H
How can I make money off of $1000 in the stock market?,"??? ?? ??? ????? ?? ??? ???? ?? ????? ?????? ???? ?? ?? ?? ???? ???? ?? ?????? ???? ??? ??? ??? ? ???? ?? ??????? ?? ?????? ????? ?? ???? ??? ????? ???",H
Is space a hoax? Or not?,??? ????? ??? ??? ????? ??? ???†?? ?????,H
What is the difference between constitutional and statutory bodies or powers in India?,???? ??? ???????? ??? ???? ?????? ??? ??? ??? ???,H
Is genesis mining worth it for ether mining?,??? ??? ??? ????? ?? ??? ?? ???? ????,H
What order do you have to watch and read Naruto?,??? ??? ??? ????? ???? ???? ??? ???? ????,H
At what age should someone lose their virginity?,"?? ??? ??? ? ???? ??? ???? ?? ?? ???? ?????? ??? ???",H
How do I find girls to have a wonderful chat with on Skype?,???? ?????? ??? ?? ?? ??? ????? ???†????? ???? ?? ???? ??? ?? ??? ????? ?????,H
Why is oxalic acid soluble in water?,??? ????????????? ???? ??? ??????? ???,H
"New to law of attraction, how do I attract a certain someone that I shared a brief connection with?",???? ??? ????? ??????? ?? ???? ???? ?? ??? ??? ??????? ???? ?? ??? ????? ????,H
How much money do female fashion bloggers in India make?,???? ????? ??? ??? ???? ?? ???? ?????,H
What would Cersei do if Jon became king?,??? ??? ?????? ?? ??? ?? ?????????? ??? ??? ???,H
Would darts be a good topic for a math sl IA?,???? ????? ?? ??????? ?? ? ?? ??? ??????? ??? ????,H
Why can't India have only two political parties like the US?,"??? ???????? ?? ??? ??? ?? ????? ??????? ?? ?????? ???? ???†??? ??? ???? ?? ?? ? ?? ??? ?? ??? ???? ?????? ???? ???? ????",H
Can I still send direct message to someone who block me in instagram?,??? ??? ?? ?? ?? ????????? ?? ???? ????? ?? ?? ??? ?? ?? ?? ?? ??? ????? ???,H
What are some good Korean dramas about music?,????? ?? ?????? ????? ?????? ??? ????,H
Is it true that signing bond in IT companies in India is illegal?,??? ???????? ??? ???? ????? ???? ????? ???,H
What are the top-10 wallpapers programmers love?,???? ??? ?? ?? ???? 5 ???????? ??? ????,H
Why is my deodorant not working?,????????? ???? ??? ???? ???,H
"What is the ""Silicon Valley"" of Europe?",????? ???? ??? ???,H
Which is better car Honda Jazz or Volkswagen polo?,??? ???? ?? ????? ???? ????? ???? ?????,H
How can I get rid of these pimples?,??? ?? ??? ????? ?? ???? ?? ???? ????,H
What are some good exercises to gain muscle?,????? ?? ??? ??? ??? ?? ???? ?? ?? ???? ???? ?? ??? ?????? ????? ??? ????,H
How can I earn 10 dollars in a second?,?? 3 ?? ??? 10 ??? ???? ????? ????,H
What is your review of Wajah Tum Ho (2016 movie)?,"??? ????? ??? ?? ????? 1 ?? ??? ?????? ????? ??? ? ???? ?? ?????? ?? ???? ????? ???? ??????",H
Does CPA marketing really make money?,?? ?? ?? ???????? ???? ??? ???? ?? ??? ??? ?? ?? ???? ????? ???? ???? ?????? ????,H
What happens if i eat 1200 calories and burn 300 calories for a month?,??? ??? ????? ?? ??? ?????? ??? ???? ????? ???? ???? ???†??? ??? ??? ?? ????? ????? ??? ???? ?????? ??? ?? ??? ??? ?? ?????? ??? ??? ?? ???? ??? ??? ?????†??? ?????,H
What are the advantages and disadvantages of being too nice to people?,??? ?????? ??? ?? ??? ???? ??? ?? ???? ?? ?????? ??? ?????? ??? ?? ??? ?? ??? ???? ????†??? ??? ?????,H
Why won't Facebook pay users to post videos on their website just like YouTube does?,??? ??? ?? ?????? ???? ?????? ?? ??????? ???? ???,H
What is it like in a black hole?,???? ??? ???? ???? ???,H
Is it normal for your vagina to be moist or wet all the time?,"????? ??? ???? ??? ????? ??? ?? ? ??? ?? ????? ???",H
Does using cows as mascots or shown committing crimes or used to advertise offensive to hindus?,??? ??? ???? ??? ?? ??? ???? ?? ????? ?????? ?? ?? ??? ??? ?? ??? ??????? ?????,H
Why does my mother become elated when her children cry and people get hurt?,"??? ???? ??? ???? ???? ?? 25 ??? ?? ??? ?????? ?? ? ??? ?? ???? ?????? ?? ?? ?? ????? ??? ???",H
Is it true that only Muslims are allowed in Paradise?,??? ??? ?? ?????? ?????? ?? ??? ??? ???? ???????? ?? ??? ??? ?? ???? ????,H
Why are most British people so racist towards black people?,???? ?????? / ???? ????? ?? ???? ??? ?????? ??? ??? ???? ???,H
"In Star Wars, when a ship goes into lightspeed or hyperspace, how does it not crash into space debris, planets, stars, etc.?",????? ??? ???? ????? ???? ???†????? ???? ???? ???? ????,H
How is the syndrome for the hamming code interpreted?,???? ??? ??? ???? ???? ?? ???? ??? ???,H
"In an operating room, when two surgeons of equal experience disagree on a surgical procedure, how is the tie broken?",??????: ???? ?? ????? ?? ????? ???? ???? ?? ??????? ?? ?? ??? ????? ???? ??? ?? ?????? ?? ????? ???? ???? ????,H
Which are the places which accept sodexo gift passes in chennai?,???? ??? ??? ???? ?? ?  ???? ??????? ?? ?????? ???? ?????? ????,H
How can a severe crick in the neck be treated?,???? ??? ???? ??? ?? ??????? ??? ????,H
What do you think about stem cells? Should I make it for my next baby?,??? ???? ???? ?? ?? ?? ??? ?????? ????? ???? ?? ???? ???? ???,H
How do you know if your guinea pig is pregnant?,?? ??? ????? ?? ???? ???? ???? ???? ????,H
Which processor performs the best?,??? ?? ??????? ???? ?? ??? ?????,H
What are some astonishing examples of human capabilities?,???? ????? ???? ?? ???? ????? ?? ???? ?????? ????,H
What are the applications of physics in real life and how it is used?,: ??????: ???? ??????? ?????? ?? ????? ??? ??????? ???? ???? ???? ?? ??? ???,H
Is Barack Obama a better President than George W. Bush?,??? ???? ????? ?? ???? ??? ????,H
What is the history behind the creation of the NBA logo?,?? ??? ??? ???? ?? ????? ??? ????? ???,H
What will be the impact of recent power shift in BCCI?,??? ???? ?? ?? ?? ??? ?? ?? ?? ??? ???? ?? ?? ?? ?? ?? ?? ?? ??? ?? ???? ???? ??????? ???? ???? ?? ???? ???,H
Would you trade 5 IQ points for a life of guaranteed financial security where you never would have to work?,?????? ??????? ?? ?? ??? ????? ?? ?????? ?? ????? ?? ??? ????? ?? ??? ???? ????? ??? ???? ???? ???,H
Should Mahendra Singh Dhoni resign as captain?,?????? ???? ????? ??? ???,H
What is MVW (Model-View-Whatever)? How is it different from MVC?,??? ?? ?? ??????? ??? ?? ?? ??? ??? ??? ??? ???,H
What's the function of cell membrane?,??? ?? ??????? ??? ??? ?????? ?? ??? ??? ???? ????,H
I am a 9th standard student. I wish to go for chartered accountancy. Is it essential for me to choose commerce maths in my 11th and 12th classes?,"??? ????? ?? ???? ??? 12 ??? ???? ?? ? ??? ?????? ???????? ?? ??? ???",H
I search for someone who is definitely on Snapchat but when I add them I get a message that they couldn't be found. Why?,"????? ??? ?? ? ??? ?? ???? ????? ????? ? ???? ??? ??? ?? ???? ???? ???? ??? ??? ?????? ?? ? ???? ????? ??? ?? ??? ???? ?? ??? ???? ???? ???? ?? ??? ??? ?? ??? ???",H
How would you destroy the world?,??? ???? ?? ???? ??? ?????? ????,H
How much would it cost to hire Jerry Seinfeld for 1-2 hours?,2 ????? ?? ????????? ??? ????? ??? ????? ??? ????? ???? ???? ??? ???,H
What are some dumb things that pets do?,??? ????? ????? ????? ???? ?? ?? ????,H
What are the personality traits of Norwegian women?,?????? ?????? ?? ????? ?? ??????? ??? ????,H
Does hydrochloric acid (HCl) react with copper (Cu)?,??? ??? ??????????? ??? ?? ?????? ??? ??? ??? ??? ??? ???,H
"What do you think about my short film, ""ColorShift""?",?? ???? ????? ??? ?? ???? ??? ??? ????? ????,H
What is the difference between cocaine and meth?,???????? ??? ????? ??? ??? ??? ???,H
What does a wet vagina feel like for a man?,???? ???? ???? ?? ???? ???? ????? ????? ??? ???? ???? ???,H
Why do Slavs squat?,??? ??????? ???? ?????? ????? ????? ???,H
What is the best operating system for the PC in 2014?,?? ?? ?? ??? ?????? ??????? ???? ??? ???,H
"Can someone build a product based on an idea he pitched to his ex company, if the company never cared to productize it?",????? ?????? ?? ??????? ?? ????? ???? ?? ??? ??? ???? ???? ???? ???????? ?? ???? ???? ??? ?? ???? ???,H
How long does the USPS first class shipping take from Phoenix to Los Angeles?,???? ???? ??? ?? ??? ?? ??? ?????? ??? ???? ??? ???? ???,H
Which is the best laptop below rs60000?,?????? ?? ??? ??? ?? ?????? ??? ??? ???,H
What is a legacy product?,????? ??? ???,H
How do i stop from getting aroused by every girl i meet on the streets?,??? ?? ?? ??? ?? ??? ?? ???? ??? ??????? ?????? ?? ???? ????? ?????? ????,H
How I believe in god?,??? ???? ????? ?? ???? ???? ??????,H
Any software development or algorithms books recommended for a computer science undergraduate?,??? ??????? ????? ??????????? ?? ??? ??? ????? ??? ???,H
What qualification is required for becoming an SEO Specialist/Professional?,????? ??? ?????? ??? ??? ?? ?? ?? ???? ?? ?????? ???? ???,H
How do I make friends at 27 when you have virtually no friends and people seem to forget about you easily or won't include you in their social circle?,"???? ??????? ???? ?? ??? ? ???? ?? ?? ?? ???? ??? ????? ???? ???? ??? ?? ? ??? ?? ??? ???????? ?? ????? ???†??? ??? ?????? ?? ???? ???????? ????? ?? ???? ??? ?? ??? ???? ? ??? ?? ????? ?? ???? ???? ????? ???? ???? ????",H
Who do you think is the greatest president in US history and why?,????? ?? ?? ??? ??? ??? ??? ??? ?????,H
How much a doctor earn in internship?,????? ???? ????? ????,H
Can people with an IQ higher than 140 calculate (456*765) in their head in seconds?,???: ??? ????? ??? ?????? ???? ????? ???? ??? ???? ????? ?? ???? ????,H
"I have 1.5 years of experience in quality control, I want to change my profile because of late working hours and no holiday what should I do?",???? ??? ??????? ?? ????? ??? 7 ??? ?? ????? ???†??? ??? ??? ?? ?? ?? ????? ???? ??? ??????? ????? ???? ????? ????†??? ???? ??? ???????? ??? ?? ?? ?? ??????? ??? ?? ?? ?? ??? ???? ??????,H
How do you get an Internet browser on Roku?,?? ??????? ?? ????? ???? ?? ??? ???? ?? ?? ??? ??????? ?????? ????,H
What is frugal marketing?,???????? ???????? ??? ???,H
"Hollywood overwhelmingly supports Democrats, why can't it be the other way around?",??? ????????? ?? 1980 ?? ????? ??? ??? ???? ?? ????? ???? ???,H
How do you run away from home without getting caught?,??? ?? ?? ???? ??? ???? ?? ?? ?? ????? ?? ??? ??? ?? ???? ??? ????,H
What are the most interesting products and innovations that McDonald's is coming out with in 2016?,?? ?? ????? ??????? ??? ???????? ??? ??? ?? ??? 2016 ??? ????? ???? ????,H
Is our universe finite or infinite?,?? ??? ??? ??????? ??? ??? ????? ???? ???? ?????? ???,H
What is the most complex screen unlock pattern for Android?,??? ????? ??? ?? ???? ??? ???? ?????? ????,H
How do I fix a Werfault.exe error in Windows 10?,??? ????? 10 ??? ????????? ???? ???? ?? ???? ?? ?????,H
"I'm a self-employed, debt free and I want a mortgage. Is getting credit via credit cards a good way to build credit?","??? ?? ??? ???? ????????? ??? ???? ??? ??? ??? ??? ??? ?? ??? ????? ???. ????? ????? ???? ?? ??? ??? ???? ????? ????? ????? ?? ????? ????? ?? ??? ???",H
What are some of the best places to visit?,?????? ??? ?????? ?? ??? ??? ?? ?????? ?????? ????,H
Why do some girls like to stick their their tongues out when taking pictures?,????? ?????? (??? ??? ??? ?? ??????) ???? ????? ?????? ?? ?? ?? ??? (??????) ??? ??? ?? ?? ???? ?????? ???? ???? ?? ????? ???? ????,H
What are the trending technologies in IT Industry?,???????? ?? ??????? ??????? ??? ????,H
Do girls approach guys in India?,?? ???? ?? ??? ??? ?? ??? ???? ???? ???? ?? ??? ????,H
Which Marvel movies have not included Stan Lee cameos?,????? ??? ??? ?? ?? ??????? ????? ?? ????? ??? ???,H
How do most people die?,??? ???? ???? ????,H
What does it feel like to be murdered?,??? ?? ??? ???? ???? ???,H
Should the Hobbit be considered a canonical Tolkien work?,"?????? ?? ????? ??? ??????? ???? ?? ????? ? ?????? ??? ??? ???",H
What is the appropriate time to show up for a dinner party?,"??? ??? ?? ????? ?? ??? ????? ?? ??? ???? ??????? ???†??? ???? ?? ?? ? ??? ?? ????? ?? ??? ??? ???",H
Are agreements made on normal papers (not stamp paper) valid? All the parties involved in the agreement have duly signed it. Can they be used as evidence or proof in a court house?,100 ???? ?? ?????? ???? ?? ??? ??? ?????? ?? ????? ???? ??? ??? ?????? ???,H
What is the best place to learn Mandarin Chinese in Singapore?,??????? ??? ????? ??? ????? ?? ??? ????? ???,H
Can a person fall in love twice?,??? ???? ??? ????? ??? ?? ???? ?????? ?? ?? ?? ?? ???? ?? ???? ??? ???,H
Is epilating your underarms painful?,???? ???????? ??????? ?? ???? ????? ?? ????,H
How do I write programs in C?,??? ?? ++ ??? ?? ??????? ???? ??? ???? ????,H
How can I buy from Amazon.com in India instead of amazon.in as they are offering discounts?,??? ??? ?????? ?????? ??????? ??? ??????,H
Which are some good marketing practices for restaurants?,?? ???????? ?? ??? ??? ???? ???????? ?? ?????? ??? ?,H
Why can't I connect games for Windows Live?,??? ?? ????? ????? ??? ???? ????? ?? ???? ??? ?? ??? ??? ?????? ????,H
Does the Sony Xperia Z5 white sides scratch easily?,??? ???? ???????? ??? 5 ?? ????? ?????? ??? ???? ??? ?????? ???? ?? ?????????? ???,H
What motivates you the most in your work?,????? ?? ?? ??? ??? ???? ?? ????? ???? ???,H
Is being naturally nocturnal a disorder for humans?,??? ?? ????? ???? ?? ???? ??? ???,H
"What are the laws to change your status from a student visa to a green card in the US, how do they compare to the immigration laws in Canada?",?????? ??? ???? ???? ?? ???? ???? ??? ???? ????? ????? ???? ?? ??? ??? ?? ?????? ???? ?? ????? ??? ???????? ?????? ?? ?????? ???? ???? ????,H
"Is the owner of Garam Dharam, a restaurant present in M-Block of outer circle, Cannaught Place, Dehli really owned by Dharmendra Deol?",??? ??????? ?????? ?? ??? ???? ???????? ???,H
Why did Japanese soldiers commit such atrocities as the Nanjing Massacre?,????? ?? ????? ????? ??? ??? ??? ???? ????? ?? ??? ????? ????? ?? ????? ???? ???? ????,H
How can I get divorced if I have no money?,???? ???? ?? ?????? ????? ??? ???,H
How do I successfully open a shop in the creative market?,??? ???? ??? ???? ???????,H
How can the mass of the earth be calculated?,???? ?? ??? ?????? ?? ?? ?? ?????? ???,H
How do I break up with my unstable boyfriend?,??? ?? ???? ????? ?? ?????? ????? ??? ???,H
What are some of the best ways to learn programming?,??? ?? ???? ????????? ?? ??? ???? ???? ????,H
Mild disc bulge L4L5S1 is curable its true or false?,??? ?? ??? ??? ??? ?? ???? ???? ??? ????? ???,H
How do I retrieve credit card from Google wallet?,??? ???? ????? ?? ???? ????? ???? ???? ???? ?? ??????? ?? ???? ??????? ?????? ????,H
Is Alex Jones a satirical show?,???????? ??????? ?? ??? ???? ???,H
Will I spoil my smartphone if I keep it charging overnight regularly?,?????? ??? ?? ???? ???? ???? ??? ???? ??? ???? ???,H
I have 2 days left for my GRE exam. Any last minute tips about the test centre and exam?,??? ?????? ?? ???? ??? ??? ??? ???? ????????? ?? ?????? ??? ???? 14 ?? ???? ????†??? ??? ?? ??? ???? ??? ???? ??? ???,H
How do I turn off screen overlay in Android?,??? ?? ??? ?????? ?? ??? ????? ??????? ??? ????? ???? ????,H
Why did you prepare for IIT JEE?,??? ?? ??? ?? ?? ?? ?? ????? ?? ?? ?? ???? ????? ??? ???,H
"In a turbine, why is the final enthalpy (of the working substance) in an actual process greater than that of an isentropic process?","??? ?????? ??? ? ??? ??? ??? ???? ??????? ????????? ??? ?? ????? ???? ???",H
Which is correct - 'Looking forward to speak with you' or 'Look forward to speak with you'?,"??? ?? ???? ??: ""??? ????"" ?? ""??? ????""?",H
What are some comfort food?,?? ?? '????? ???' ???? ??? ???,H
"If People are supporting JNU incident concerned about Freedom of Expression, why didn't they stand up for Kamlesh Tiwari?","??? ??? ??? ??? ???? ?? ?? ? ?????? ????? ?? ??? ???? ???? ???",H
How do rivers wash off the pollution in its water?,?? ????? ?? ?????? ?? ???? ??? ?????? ????,H
How can water end up in the lungs if a person stands outside unprotected in a heavy rainstorm?,"???? ??? ???? ???? ?? ???? ???? ?????? ? ???????? ??? ???? ?? ???????? ??? ???? ?? ??? ?? ???? ???",H
Which Indian politician do you admire the most? Why?,?? ?? ????????? ???????? ?? ?? ?? ????? ???? ???? ????,H
What's a good place to buy laptop bags in Bangalore?,??? ?? ??? ??? ??? ?????? ?? ??? ???? ??? ??? ??? ?? ????? ?????? ????,H
Do most electric guitarists understand how to use the tone control knobs on their guitars?,"??????? ???? ?? ????? ????? ?? ??? ???? ?? ? ??? ???? ?????? ???? ???? ???? ?? ??? ?? ?? ??????? ???? ?????",H
What is the advantage of demonetization of Indian currency?,??? ???? ???????? ?? ????? ??? ??? ??? ?? ??? ???? ????? ????? ?? ??????????? ?? ???,H
What is the official language of the United States?,"????????? ????? ?? ??? ???? ""??????"" ???? ???? ???? ???",H
Why won't my Instagram suggestions (search history) go away even after I deleted them?,"????? ?? ???? ?? ????? ?? ??? ???? ?? ??? ? ???? ??? ?????? 2 ???? ???? ?? ????? ?? ???? ???? ????? ?? ??? ?? ???? ???? ????†?? ?? ???? ?? ?? ??? ??? ?? ????? ?? ?? ?? ?? ???? ???? ??",H
How do I start writing again?,??? ????? ???? ???? ?????,H
Why does Hollywood always depict middle eastern Muslims as terrorists?,?????? ???? ???? ????? ?? ??? ?? ???????? ?????? ???? ???? ????,H
How do I integrate [math]v^3(a^2-v^2)^{\frac{1}{2}}[/math] by substitution?,??? [?????]  {???? ^ 2} {???? ^ 2-1} [/ ?????] ?? ???? ?? ?????,H
"Is ""Friends"" (TV series) worth watching?",??? ?? ?? ?? ????? ?????? ?? ???? ???,H
How do I transfer WhatsApp messages from Android to iOS?,??? ??? ????????? ?? ????? ??? ??? ???? ??? ?? ??? ????? ?????? ????,H
Why does my tongue feel dry and thirsty even after I drink a lot of water?,??? ?? ???? ??? ???? ?? ???? ?? ???? ??? ???? ????? ?? ????? ?????? ?? ??? ????? ???,H
How is Apple iPhone service?,???? ?? ??? ??? ?? ?? ??? ??????? ??? ??? ???,H
What are the 3 main components of a CPU?,?? ?? ?? ?? ?????? ????? ??? ????,H
What are the best travel books of all time?,??? ?? ??? ?? ???? ??? ??? ???? ?????? ??? ????,H
"The company I interned with is giving me a full-time offer, should I inform them early on that I shall be able to accept after a month?",??? ?? ???? ???? ?? ???? ??? ???†???? ??? ??? ???? ??? ?? ??? ?????? ?? ???? ??? ??? ??? ?? ???†???? ??? ?? ??? ?? ?? ??? ????? ????? ?? ???? ?? ???? ?????? ???? ?? ?????? ??? ????? ?? ??? ???? ???? ???†???? ???? ???? ??????,H
What would be the ideal Bruce Springsteen set list? Assume it has 20 songs including the encore.,???? ?????????? (???????): ???? ??? ???? ??? ???,H
"Crime patrol, Gumrah, Savdhan India: What is their impact on of common man of India?","??? ?????? ????? ? ????? ?????? ? ??? ??? ??? ?? ???? ??? ?? ????? ?????? ???? ???? ????? ????? ????",H
How do I maintain my blood pressure?,??? ??? ????? ?? ???? ?????? ?????,H
How can the landforms of the Canadian shield be described?,??????? ???? ?? ????????? ??? ????,H
Who is the most academically qualified Bollywood celebrity?,???? ?? ?? ??? ?? ????? ????? ?? ???? ??? ???,H
Who is israil friend?,??? ???? ????? ????? ???? ???? ?? ???? ??? ???? ????? ????? ?? ???? ??? ???? ??? ??? ?? ??? ??? ?? ???? ?? ?? ?? ??? ???? ?? ??? ??,H
How many sponsored candidates are shortlisted for CMC vellore?,"??? ???? ??? ?? ??? ?????? ??? ? ??????? ??? ???? ???? ??? ???",H
How I joined Indian Cost Accounts Service (ICoAS)?,"??? ????????? ????? ???? (???????? ? ???? ? ?? ??? ??? ? ???? ???? ?????) ??? ???? ???? ?????? ????",H
What solvent should I use for liq.-liq. extraction to get volatile compounds from water for analysis on GC-MS & how much ml for 100 ml of the sample?,??? ???????? ??? ??.-?? ?? ??? ??????? ???? ?????. ?? ?? ??? ??? & ????? ?? 100 ??? ???? ?? ??? ???? ??? ???? ?? ????? ?? ??? ???? ?? ?????? ?????? ???? ???? ?? ??? ???????,H
What does my ex girlfriend want from me?,"???? ????? ????? ????? ????? ?? ?? ??? ?? ?? ???? ???? ? ???? ??? ???? ??????",H
What is simple harmonic oscillation?,???? ??????? ????? ??? ???,H
"What is the best time to visit Kerala, India?",????? ??? ??????? ???? ?? ?????? ??? ??? ???,H
How can I earn money by uploading my music on the internet?,??? ???? ????? ?? ??? ????? ?? ??? ???? ???? ??? ???? ????,H
What and where are the sweet red wine stores available in hyderabad?,??? ???? ???? ???? ????? ?????? ??? ???,H
How do I apporach people in my classes if I didnt introduce myself in the first month of university when everyone else already has friends?,?? ??? ???? (???? ?????) ?? ????? ????? ??? ?? ???????? ???? ??? ?? ??? ???? ??? ???? ?????? ????,H
What are the features of good piano texture?,????? ???? ?? ???? ???? ?? ??? ??????? ??? ????,H
What's causing someone to be jealous?,??? ?? ??? ???? ?? ???? ?? ??? ??? ??? ?????? ????,H
What is compound?,??????????? ?? ???? ??? ???,H
Does covering your head while sleeping cause brain damage?,??? ????? ???? ?? ???? ??? ???? ???? ????? ???? ???,H
How can I treat a severe foot sprain?,??? ????? ?? ???? ??? ???? ?? ???? ????,H
Why do Indians like Kajol?,?????? ????? ??? ??? ???? ??? ?? ???,H
Which country is more technologically advanced; Germany or Japan?,???? ???? ???? ?????? ???? ?? ???? ??? ????? ????? ?? ??? ????? ??? ?????? ?? ??? ??? ?? ?????? ?????? ????,H
Which income is considered (taxable income or gross income) while submitting the application for an OBC non-creamy layer?,"???? ?????? ?? ?? ?? ????????? ?? ??? ?? ????? ??? ????? ????? ?? ???? ????? ??????? ?? ??? ???. ????? ???? ?? ???? ??? ??? ??? ?????? ?? ?????? ????????? ?? ????? ????? ??? ???? ???",H
What are some similarities and differences between the Republican Party and the Conservative Party (UK)?,?? ??? ???????? ????? ?? ??? ?? ???? ?????? ??????? ????? ?? ???? ???? ???,H
When the Samsung j5 will get the Marshmallow (Android M 6.0) update?,??? ?? ???? ?????? J5 ?? ?? ?? ??? ?? ???? ????,H
I have very hairy arms. I am 16 and a female. Should I shave them?,??? ?? ???? ??? ????? ?????? ???? ????? ??? ???? ?????,H
What is it like to be a private banker?,?????????? ??? ??? ????? ???? ?? ??? ??? ???,H
How are the boiling points of compounds determined?,??????? ?????? ?? ?? ?? ????? ????? ???? ???? ?? ???? ???,H
Why is the poverty rate of African-Americans so much greater than the overall rate in the US?,??? ???????? ??? ???? ?? ??? ?????? 27? ???,H
"Eve wandered around Paradise without hijab, even fully naked. Wasn't she than even more debauched than a bikini wearer?","??? ?? ??? ????? ???? ?? ??? ?? ??? ????? ??? ???†??? ???? ?? ???? ????? ?????? ????? ???? ??? ? ??? ??? ??? ??? ?????? ???? ????†??? ??? ?????",H
Would a woman in the Catholic Church be shunned or ostracized for having a sexual relationship with a priest?,??? ???? ???? ??????? ??? ?? ?? ?? ????? ???? ?? ????? ?? ???? ?? ????? ???? ?? ?? ??? ??? ?????,H
"How can I lock my pc browser (by pin) a specific webpage like facebook, youtube?",??? ?? ??? ?? ??? ?? ?? ???? ???? ??? ??? ?? ??? ??? ?? ??? ??? ?? ?? ??? ?????? ??? (???? ???? ?? ?? ?? ?? ?? ??? ?? ?? ????? ???? ????),H
Are there any natural ways to reduce melanin production in the body?,"??? ??? ??? ?????? ?? ?????? ????? ??? ?? ????? ???? ???†??? ??? ? ?? ?????",H
How do I find the zeros of the polynomial function [math]f(x)=\dfrac{1}{2}x^{3}-3x[/math]?,?? ?? [?????] ??? = \ ??? {4???? ^ 2 - 36????} {????-9} [/ ?????] ?? ??? ????? ?? ??? ???? ??? ???,H
What words rank the highest on Dictionary.com's difficulty index?,??? ???? ????? ??????? ??? ??? ??? ?? ???? ????,H
How should I understand my interest?,??? ??? ?????? ????? ????,H
How do you know if someone is doing black magic on you?,??? ?? ???? ?? ?? ?? ???? ????? ???? ?? ?? ???? ???? ???? ????,H
"If the Bible is written by many authors, who actually assembled the anthology?","?? ??? ????? ??? ?? ?? ????? ???? ???? ??? ? ???? ???? ??? ??? ??????? ?????",H
What does a marketing coordinator do?,??? ???????? ?????????? ??? ???,H
What is the mileage of diesel locomotives in Indian Railways?,????????? ????? ?? ???? ?? ??? ??? ??? ?? ?? ???? ?? ?????? ?? ??? ?? ??????? ????? ???,H
Why do gift baskets containing gourmet gifts make for amazing gifts?,????? ????????? ????? ????,H
Is it possible to toggle 8 GPIO pins together in a Raspberry pi 2 model b?,??? ??????? ?? 2 ???? ?? ?? ??????? ???? ???? ?????? ???????? ?? ????? ???? ??????? ???????? ???? ???? ??? ???? ????,H
What is it like to live in the big cities of Jamaica compared to the ones in Brazil?,??????? ?? ????? ?? ?????? ????? ?? ??? ????? ??? ???? ???? ???,H
What disadvantages do Apple computers/laptops have over other brands?,?????? ??? ??? ?? ????? ?? ??? ???? ????? ???? ??? ?? ??? ??? ???? ???,H
What is backup material?,??? ?? ??? ???,H
How should I study for iit jee exam?,?? ??? ??? ?????? ???? ??? ??? ??- ?? ?? ?? ?? ??? ?? ??? ????? ?? ???? ????,H
Where can I watch a pirated Ae Dil Hai Mushkil online?,??? ?? ?? ????? ?? ???? ??? ?? ?? ??? ????? ???,H
What is the most effective treatment for acne scars?,?????? ?? ???? ???? ???? ???,H
How do you draw an angel step-by-step?,?? ??? ????? ??? ???? ??????? ????,H
What juices should I drink to get beautiful and glowing skin?,??? ???? ??? ?? ?????? ??? ?????? ?? ??? ??? ???? ????,H
What is your review of Explorequotes.com?,???? ??? ??? ?? ?? ?? ????? ??? ???,H
"Do people from North and South Korea hate each other, considering they are divided only by politics?",????? ????? ??? ??? ???? ???? ????,H
What breathing exercises can I do to get rid of acne fast?,??? ?????? ?????? ?? ???? ???? ?????? ???,H
Why do Slavs squat?,??? ??????? ????? ?? ??? ??? ???? ????,H
How can I have gay sex?,??? ?? ??? ???? ??? ???? ?? ??? ?????? ?? ?? ??? ?????? ?? ???? ????,H
How can I start trusting any one?,???? ?????? ?????? ???? ???? ???? ???,H
How do I answer or comment anonymously in Quora?,????? ?? ?????? ??? ????? ???? ?? ?????? ?? ???? ??? ????,H
Does Quora advertise?,"??? ""?????? ?? ?? ??? ?? ????? ???? ????""",H
How can I start my own Minecraft Youtube Channel?,?????? ???? ???? ???? ??? ???? ??? ???? ??????,H
What is the cheapest way to send a package from the US to Canada?,???? ???? ??? ?? ?? ?????? ?? ????? ?? ???? ????? ??? ???????? ?????? ?? ?? ?? ?????? ??? ???? ???? ????? ??? ???,H
"What are examples of sentences using the word ""communism""?","??? ""??????"" ??????? ????? ?? ?????? ??? ????",H
Who owns nature?,????? ????? ?? ???? ??? ???,H
What things make you sexually aroused?,??? ???? ??? ???? ?? ??? ???,H
How do you sharpen scissors?,??? ???? ????? ?????? ??? ????,H
What is the best way to invest in oil and natural gas?,??? ??? ??? ??? ??? ?? ?????? ?????? ????? ??? ?? ?? ?? ?? ?????? ???? ???? ?????,H
How is cash on delivery a positive & negative for ecommerce in India?,????? ??? ?? ????? ???????? ?? ??? ??? ?? ?????? ???? ?? ??? ??? ????? ???†????? ?? ??? ?????? ?? ??? ?? ????? ???? ?? ????? ??? ??? ????,H
I'm transferring to a school with a US curriculum (taking the IBDP) from a Philippine school w/ a percent average grading system. How do I get my GPA?,"??? ???????? ? ?????? ?? ??? ???? ????? ??? ????? ????? ??? ???? ??? ????? ??? ???? ?? ??? ???? ??? ?? ???? ?????? ???? ???? ???? ??? ?? ???? ??? ???? ?????? ??? ?? ??? ?????? ????",H
How does a server to server MT 202 bank work?,???? ???? ????????? ?? ???? ??? ???,H
What is a profitable way to trade binary options?,?????? ????? ?????? ??? ???,H
At what time are new Netflix seasons uploaded? Specifically in the UK?,???? ??? ???? ?? 3??? ?? ? / 12 ??? ?? ?? ?? ??? ??? ??? ?? ?? ??? ?????? ?? ????? ?? ??? ????? ???? ???,H
What are the benefits of Japanese language in Canada?,??? ???? ??? ?????? ??? ????? ???? ???? ?? ????? ????? ??? ??? ???? ???? ??? ??? ?? ???? ??? ???†?? ????? ???? ?? ??????? ????? (?????? ??? ?????) ?? ????†??? ???? ???? ???? ?? ?????? ??? ???? ???? ???? ?? ??? ????? ??? ?? ?????? ????? ???? ?? ??? ??????? ???? ?????,H
Who funded Rypple.com?,?? ?? ???? ??? ??? ?? ??? ?????,H
Did Ronald Reagan have a mannerism in his speech?,?????? ???? ?? ???? ????? ?? ???? ??? ??? ?? ??? ???? ????,H
"Why does this IF formula ""=IF (J3:U3<X3,J3:U3)"" returns FALSE? [Excel]",???? ?????? 2 ????? ??? ????? ???? ?????????,H
Did Bilawal Bhutto and Hina Rabbani Khar really have a love affair with each other?,????? ???? ??? ??? ??? ???,H
"I'm a 19 guy, can I get a 'female' butt and by that I mean a big and round butt and also big hips? I want to become an hourglass shape",??? ???? ?????? ???? ???? ?? ??? ????? ?? ??? ?????? ????? ??? ???? ?? ??? ??? ????? ?,H
How do I recover deleted photos from an Android internal memory?,"??? ???? ?? ???? ??? ?? ????? ?????? ?? ??? ???? ?????? ? ?????? ??? ?????? ?? ?? ??? ??????? ?????? ????",H
Can you use one Spotify premium account on multiple mobile devices?,"??? ???? ??? ?? ???????? ?????? ?????? ?? ?? ? ??? ???? ???? ??? ???? ??? ?? ??????? ?????? ???",H
How TQWL is different from CKWL (Tatkal waiting list)?,??? ?? ????? ???????? ????? ?? ???? ??? ??? ?? ????? ??? ??? ?? ??? ??? ??? ??? ??? ????? ????? ?? ??? ???? ??? ?? ????? ?????,H
What are the consequences of trolling?,???? ??? ?? ??? ????? ??? ????,H
How widely accepted are credit cards at small businesses and restaurants in India?,??????? ??? ????? ???????? ?????? ??? ???????? ??? ????? ???? ???? ??? ?????? ?? ???? ??? ???? ????,H
How do I get a Starbucks gold card and what do I need to do?,????? ??? ???? ??? ?? ????? ???? ????? ?? ??? ???? ???? ????,H
What are some tips on making it through the job interview process at Medicines?,???????? ?????? ??? ??? ??????? ?? ??? ?? ????? ??? ????? ?? ???? ??? ??? ???? ??? ????,H
How is it to be in true love?,???? ??? ???? ???? ?? ???? ???,H
What is life without dreams?,??? ????? ??? ???? ?? ?? ??????,H
Is it easy to get a job in European countries like Sweden or Denmark for an Indian engineer on a working visa?,??? ????? ??? ???? ???? ?????? ???? ???? ???? ???,H
Is it possible to turn off indicator light on a dahua camera?,??? ???? ?? ?? ?? ??? ??? ??? ???? ??? ???? ??? ???? ?? ?? ?? ????? ?? ????? ???? ????,H
Which is better as a career: physiotherapy or pharmacy?,"??? ?? ???? ?? ? ??????? ?? ?????",H
"Why do some old computer games run very fast on new, powerful computers?",??? ?? ??? ????? ????? ?? ??????? ?? ??? ?? ?? ??????? ?? ????? ?? ??? ??? ?? ????? ???,H
How do you change your Google account name?,?? ?? ?? ?? ?? ??? ????? ??? ???,H
How are the provisions of the First Amendment of the United States Constitution different from the ones in the Seventh Amendment?,??? ?? ??? ??? ?? ???? 13 ???? ???? ?? ???? ???? ?? ???? ????,H
"Which car services are available in Normal, IL? How good are they compared to taxis and relative to each other?",???? ?? ???? ???? ?? ????? ???????,H
What is svchost.exe?,??? ?? ????? ????? ??? ????? ?? ????????? ????? ?? ?? ?? ??? ????? ????? ??? ?? ???? ?? ?? ?? ??? ????? ????? ??? ?? ?? ?? ????? ?? ??????? ?????? ?? ??? ?? ?? ?? ??? ?? ??? ?? ????? ???,H
Do porn stars watch porn?,????? ??? ???,H
How many pullups can an average person do?,??? ??? ???? ??? ??? ????? ?? ??? ????? ???? ?? ?? ??? ?? ?????? ????,H
What should I do if Amazon delivers a package to my door and then the package disappears (presumably because a passer-by might have taken it)?,??? ?? ??? ??? ??? ???? ?????? ???? ??? ?? ???? ???? ???,H
What are the best facial masks for oily skin?,??? ??? ????????? ?? ????? ??? ??? ???? ??? ?? ??? ????? ?????? ????,H
Are vocalics and body language needed in an ordinary conversation?,??? ??? ?? ?? ???????? ?? ???? ???? ?? ??? ????? ?????? ?? ???? ???,H
What does it mean to have 20/180 vision?,??? ??????? ????? ??????????? ?? ??? ??? ????? ??? ???,H
What should I learn to become a computer engineer?,?? ??? ??????? ??? ???? ???,H
Why do bruises appear randomly for no reason on my arms and legs?,??? ??? ??????? ??????? ???? ?? ??? ???? ??? ???? ??????,H
How do I create an XML Android app layout?,?? ?? ?? ???????? ???? ??? ???? ?? ??? ??? ?? ?? ???? ????? ???? ???? ?????? ????,H
I'm working in a power plant as an electrical maintenance engineer for 2.5 years and now I want to become a design engineer. What are the options that I have?,??? ??? ?? ?? ????????? ???? ??? ???†???? ???,H
How do I find true love?,?? ???? ????? ??? ?? ????? ??? ??? ??? ???,H
How much should I score in Maharashtra CET MBA to get in JBIMS?,??? ??? ???? ????? ?? ??? ?????? ??? ?? ?? ???? ???? ?????,H
What are the best ways to properly finger yourself?,???????? ?? ??? ?????? ??????? ??? ??? ??? ?????,H
Where can I get a large corpus of news articles with pictures?,??? ?? ?? ??? ???? ??????? ?? ??? ??? ??? ?? ?????? ?? ???? ????? ?? ??? ???? ?? ???? ???? ???? ?????? ???,H
What is the derivative of [math]\sec x[/math]?,??? ?? ?? ?? ?? ??? ?? ?? ??? 90 ?? ????? ???? ??? ???†??? ???? ????? ?? ???? ????,H
Can you buy an Apple Watch without a watch band?,??? ??? ???? ???? ??? ???? ?? ???? ????,H
I'm planning to travel around Taiwan. How many days should I allocate?,"?? ???? ???? ???? ??? ?? ?? ??? ???? ?? ?? ????? ???? ??? ?? ?? ???? ??? ??? ???? ???",H
How can you calculate ionic and ionic net equations?,?? 7 ????? ??? 20 ???? ?? ??? ??? ???? ????,H
"Vedas: What are agnihotra, darsa, paurnamasa and caturmasa sacrifices prescribed for vanaprastha ashrama life?",??? ?? ?? ???? ???? ??? ??? ????? ??? ???,H
What is one thing you caught your child doing that you wish you had never seen?,"???? ? ?????? ??? ???? ???? ???? ?? ???? ???? ?????? ???",H
Why aren't there more apps like Word Lens?,???? ?????? ?? ? ??? ??? ???? ?????? ??? ????,H
What is hot fermentation?,?????? ????? ???? ????? ???? ??? ??? ???? ??? ???? ???,H
How I improve my logical thinking and problem solving skills day by day as a developer?,????? ??? ????? ????? ??? ??? ??? ???? ?? ??? ??? ?? ?????? ???? ???,H
What's a data structure server?,??? ???? ????? ??? ??? ????? ?? ???? ?? ????? ?? ?? ??? ???? ??????,H
Which party has chances of victory in the 2017 Elections in Punjab?,?? ?? ????? ??? ????? ???? ??????? ??? ??????? ?? ??? ? ???? ?? ????? ?? ?? ??? ???????? ??? ????,H
How much does it cost for Bruce Springfield to go on tour?,"??? ?? ????? ?? ???????? ??? ???? ??? ? ??? ???????? ?? ?? 2017 ??? ????? ?? ???? ???? ???? ?? ????? ??? ?? ???? ?? ???????? ??? ?????",H
Where can I get real active Instagram followers?,???? ?? ???? ?? ???? ??? ???? ??? ??? ???,H
"Which is a suitable solar panel installation provider in Orosi, California CA?",???? ????????? ????????? ???? ???? ?? ?????? ????? ??? ???,H
How can I integrate a website developed in Webflow with a PHP/Python/Ruby backend?,??? ???? ??? ??? ?????? ????? ???,H
What are some good logistics firms for delivering food items in India?,??? ?????? ???? ??? ???? ????,H
What is your untold story?,?? ?? ??? ????????? ??????? ?? ? ???????? ???????? ?? ????? ?? ??? ??? ???? ??? ??? ?? ???,H
Who is Ashwatthama in Mahabharata?,"?? ?? ????? ?? ?????? ??? ???? ??? ?? ?? ?? ???? ???? ????? 1.??4 (??? ?? ??? ?? ???? ???? ???)? ??? ???? ?? ?? ? ????? ?? ????? ???? ??? ???? ???",H
"What is the difference between an UberX, Uber Black and Uber Taxi?",??? ???????? ?? ??????? ???? ??? ???? ???,H
How is the height of a place from sea level calculated? What method is used by scientists?,???? (??? ?? ??? ??? ????????) ???? ??? ????? ??? ???? ??? ??? ???,H
Which bollywood movies you like very much that flopped at the box office?,???? ??? ????? ?? ????? ??? ???? ?? ???? ???? ???? ???,H
Why until now I am unmarried?,??? ??? ???? ??? ??? ?? ??? ??? ????? ?? ??? ?? ????? ???,H
What is the scientific method?,??? ???? ??????? ?????? ?? ??? ?? ??? ??? ??????? ???? ???? ?? ???? ?????? ???,H
What is abstract reasoning? What are some examples?,?? ?? ???? ??? ??? ?? ???? ???? ?? ???? ???? ?? ??? ????? ???,H
What do you think of the decision by the Indian Government to demonetize 500 and 1000 rupee notes?,???? ?????? ?? ?? ?? ??? ???? ??? ????,H
How can I lose weight in 25 days?,??? ?? ??? ??? ??? ??? ??? ??? ??? ?? ??? ???? ?? ???? ????,H
Should there be a war between India and Pakistan for Kashmir?,??? ?? ??? ?? ???? ??? ??? ???? ?????? ??? ????,H
On the quick offer form what exactly do I need to do I don't want to buy anything?,???? ??? ???,H
Is Bihar really developing under mahagathbandhan sarkar?,??? ??? ??? ?? ??? ??? ???? ????,H
How do I score above 600 in the NEET 2017?,????? ????? ??? ?? ?? ?? ??? ????? ??? ?? ???,H
What does it feel like to be beautiful?,?????? ?? ??? ??? ?????? ?? ??? ??? ????? ????,H
What is an overcharge protector for batteries?,??? ??? ???? ????? ?? ?? ?? ?? ?? ?? ??? ?? ??? ??? ?? ?? ??? ????? ?????? ????,H
Why are my bestfriend still ignoring me?,??? ???? ???? ????,H
What are the needs and importance of the bad effects of festivals on the environment?,???????? ???????? ???? ??? ??? ???? ???,H
Why is Hotel California still popular? Is there any further meaning that the band want to express in this song?,??? ????? ?? ??????? ?? ?????? ??? ???,H
I have to give a small 1-minute speech on any topic. What are suggestions for a topic to choose?,????? ????? ?? ?????? ?? ???? ??? ??? ??????? ?? ?? ??? ??? ???? ????,H
Do girls love blowjobs?,??? ??? ????? ?? ??????? ??? ????,H
How did evil originate?,???? ??? ??? ??? ????? ???? ?? ??? ????? ???? ????,H
Do Uber and UberX drivers *have* to take you where you want to go?,?? ???? ?????? ?? ????? ?? ?? ????? ?? ????,H
How do I know if my WhatsApp account has been hacked?,?????? ??? ???? ???? ?????? ???? ????,H
How can I setup a small scale corrugated boxes factory in India with little or no capital of my own?,???? ??? ??? ??? ??? ?? ??? ???? ???? ????? ???? ?? ???? ???? ?????? ??? ?????? ???? ??? ??? ??? ??? ??? ???? ?? ????? ???? ???? ??? ???? ???? ???? ?? ?? ???? ????? ??????,H
Why do people bet on sports?,4 ???? ??? ???? ?????? ?? ???? ??? ????? ??? ?????? ??? ?? ?? ??? ?? ?? ?? ?? 2 ??? ?????,H
How predictive are exit polls?,???? ??? ?????? ?? ??? ????? ????,H
Where could I find a cheap permenant residency for a 54 years old man?,??? ?? ??? ??? ?? ?? ??? ???? ??? ?? ??? ??? ??? ???? ???? ????,H
Which country has the largest population of Chinese outside of China?,??? ?? ??? ?????? ??? ?? ?????? (??? ?? ?????? ?? ???? ?? ???? ?? ??) ????? ???? ?? ??? ?? ??? ???? ?? ???? ?? ???? ????,H
Should capital gains be taxed?,???? ???? ?? ??? ??? ???? ???? ????? ?? ??? ????,H
What are some good Android app project ideas?,????? ??? ???? ??? ???,H
"How do I add a Facebook, Google+ and Twitter link to my YouTube channel art page?",????? ????? ?? ?? ?? ????? ??? ???,H
How do I seduce girls?,?? 24 ?? ?? ?? ?? ??? ?????????? ?? ??? ?? ???? ??????? ????? ????,H
"What musical key signature is David Bowie's ""Ziggy Stardust"" in?",?????? ?? ?? ?? ?????? ?????? ????? ??? ?? ???,H
Why are INFJs so likely to need or benefit from therapy?,"???? ???? ????????? ?? ?????? ?? ? I ??? ???? ??? ?? ??? ???? ??????? ??? ?? ??? ""????"" ???????†????? ???? ?? ??? ???? ????? ?? ???? ??? ????? ??? ???? ??? ???? ??? ???? ???? ???? ?? ??? ??? ?? ??? ???? ?? ???",H
What universities does Ligand Pharmaceuticals recruit new grads from? What majors are they looking for?,???????? ?? ?????? ?? ???? ?????,H
How's life at BroadSoft Chennai?,??????? ??????? ??? ?? ??????????? ??? ??? ???? ????? ???? ???†?? ?? ??? ????? ?? ???? ??? ????,H
Was Michael Jackson a child molester?,??? ???????? ???? ???,H
What would Ned have done if Jon looked like Rhaegar?,??? ??? ?? ????? ?? ????? ??? ????? ???? ???? ??? ?? ?? ???? ??? ??? ?? ?? ?? ?? ????? ????? ?????? ?? ?????? ???? ????,H
Why does Islam allow and encourage cousins to marry? Is this still in practice?,????? ?? ??? ???? ???,H
How do I make Quora feed interesting?,??? ???? ????? ??? ???????? ?? ??? ????? ?? ???? ???? ????,H
How many cloves of garlic should a person eat per day?,"???? ??? ? ?????? ??? ??? ?????? ?????? ???? ??? ?? ?????? ??? ????",H
"What does ""this is so fetch"" mean?",???? ??? ??? ????? ???? ???? ????,H
Can the us be invaded?,??????? ?? ??? ???? ???,H
What is your interpretation of the last episode of Ashita no Joe?,?? ?? ?? ?? ???? ???? ??: ?? ?? ?? ?? ??? ??????,H
Can someone help me with some acro dance info?,???? ?? ???? ???? ?? ????? ???????,H
How do I install Redux mod for GTA V directly into the game folder?,?? ?? ??? ?? ?? ??? ??? 138 ???? ??? ???? ???? ???? ?? ?? ?? ??? ??? ????? ??? ?? ??? 4 ??? ?? ??? ??? ??? ??? ???? ??? ??? ??? 126 ???? ???? ????? ?? ??? ??? ?? ?? ????? ???? ????,H
Did you meet your soul mate during a travel? What was your experience?,??? ???? ?? ?? ?? ?? ??? ??? ?? ?? ??? ???? ??????,H
Does society place too much importance on sports?,"???? ???? ?? ? ?? ???? ?????? ?? ????? ?? ??? ???? ???",H
How reliable is the Proscan 7-Inch Android Internet Tablet?,"??? ??? ??? ""??? 2"" ?? ??????? ???? ???",H
"What would happen if you cover one of your eyes with an eye patch for one year, then take the patch off?",???? ???? ??? ???? ???? ??? ??? ????? ???? ?????,H
How can one start a business for $100?,?? ??? ?????? ????? ?? ?? ???? ?? ???? ???? ?? ??? ?? ?? ??????? ?? ??? ???? ???,H
What are some things new employees should know going into their first day at Approach Resources?,"?? ???? 4 ??? ???????? ?? ???? ??? ??? ??? ? ?? ?? ???? ????? ?? ??? ??? ??? ?? ?? ?? ?? ?? ?????? ???? ??? ????? ??? ???? ??? ?? ??? ??? ?? ?? ?? ????? ?? ??? ???: ????? ???? ?? ????? ???? ?????? ? ???? ?????",H
Where can I find children story books in Australia?,"??? ???? ???? / ???? ???????? ??? ???? ??? ??? ???? ?? ?? ? ?? ?? ?????? ???? ??? ???",H
What individuals and events in history are a source of pride for S√£o Tom√© and Pr√≠ncipe?,???? ???? ??? ?????? ???? ???? ??? ???? ???? ?? ??? ???? ???,H
What is the function of nucleoplasm in a plant cell?,????? ??? ??? ?? ????? ??? ?????? ??????? ?? ??? ???? ??? ????,H
What is the best way to spend my new year eve?,???????? ?? ??? ?????? ??????? ??? ??? ??? ?????,H
What causes so much pain with lung cancer?,???? ???? ?? ?????? ???? ????????? ???????? ???? ??? ??? ?? / ??? ??? ?? ??? ???????? ?? ???? ??? ?? ??? ?? ?? ?? ????? ???? ???? ???? ????,H
Why are there no good Indian based laptop Companies?,???? ???? ?????? ?? ??? ????? ?? ????? ???? ??? ?? ?? ??? ????? ??? ???,H
How do payroll companies make money?,??? ???? ???? ??? ??? ????? ???? ?? ??? 18 ??? ???? ?? ????? ???,H
What are the questions should not ask on Quora?,??? ??? ???? ??? ?? ?????? ??? ??? ??? ???? ???? ?? ??? ?????? ???? ?? ???? ????,H
What will happen if a fridge door is open for a long time?,??? ????? ?? ???? ?????,H
Why do we kiss?,??? ?? ??? ???? ????? ?? ??? ??? ?? ??? ?? ??? ??????????? ?? ????? ????????,H
What does this Arabic text mean in english?,??? ?????? ???? ??? ???? ???? ????,H
What is unusual or different about the food and cuisine in Laos?,??????? ??? ?? ???? ?????? ??? ?? ??? ???? ???,H
Are there any examples of a person looking good with a really terrible haircut?,??? ??? ????? ??? ????? ?? ???? ??? ??? ??? ?????? ?? ????? ???,H
Why is it said that the American woman is the proverbial sex goddess?,?? ?? ?? ??? ?????? ????? ?? ??? ???? ?? ??? ??? ???,H
How do you know what careers are not right for you?,????? (?????? ????) ???? ??? ? ?????? ???? ???? ?? ??? ??? ??? ?? ???? ???? ????? ??? ?? ???? ???? ????,H
How do I verify my Twitter account?,??? ???? ??? ???? ??? ?????? ?? ??? ?? ??? ???? ?? ???? ??? ??? ?????? ??? 4 ?? ???? ???? ?????,H
What is the hardest thing(s) about raising children in Ukraine?,??? ?? ??????? ?? ???? ???? ?? ???? ??? ???? ?? ???? ???? ????,H
What is the scope of the XHQ application?,??????? ??? ???? ?? ????? ?? ???? ??? ?? ?? ???? ??? ??? ???,H
Where can I buy belly dance belts in Mumbai?,??????? ???? ????? ?? ?????? ??????? ??? ????,H
Who is capable of ending Google's monopoly in search?,??? ????? ??? ???? ??????? ???? ?? ???? ???? ???? ???? ????,H
How many years Britain ruled India?,?? ??? ?? ???? 200 ??????? ????? ??? ?? ?????? ?? ??? ??????? ??? ?????? ???,H
Can Stripe be used to deposit money into a user's bank account?,??? ???????? ???? ????? ???? ?? ??? ??? ?? ?????? ??? ???? ???,H
I got suspended from Upwork. Do I have the legal right to create another account?,????? ?? ??? ???? ??? ????? ?? ??? ????? ???,H
How can I make money online in India?,?? ?? ??? ???? ????? ?????? ??? ???,H
How can one improve a credit score by 100 points?,?????? ???? ???? ??? ?????? ??? ???? ???? ?????? ?? ??????? ???? ???? ???? ?????? ???? ?????,H
What is the limit of 1/x - 1/x (sqrt(x+1)) as it approaches 0?,??? ???? ???? ?? ?????? ???? ??? ????†??? ??? ???? ????????? ?? ??? ?????? ???? ???? ????†??? ?? ?? ??? ?????? ???? ???? ?????? ????,H
What are some ways to get rid of pimples in the ear?,??? 2 ???? ??? ?????? ???? ??? ???? ????,H
What are some benefits of being close friends with a lawyer?,?? ?? ????? ??????? ??? ???????? ??? ??? ?? ??? 2016 ??? ????? ???? ????,H
"Apart from Benghazi and deleted emails from Hillary Clinton saver, what else can America blame Hillary for?",???? ?????? ??? ?????? ???? ?? ??? ????? ??? ????? ??? ???,H
Why I chose pearl academy?,??? ??? ??? ?? ??? ????? ?? ?????? ????? ??? ?????,H
Why are there so many haters online?,?? ?? ???? ??? ??? ?? ?? ??? ?? ?? ??????? ??????? ?? ?? ??? ?? ?? ??????,H
"Should I, as a mentally healthy young man with acquaintances but few friends, be more social to avoid being mistaken for a possible suicide pilot?",???? ?? ??? ???? ??????? ??? ????,H
How harmful is a 2.5 GPA in college?,???? ???? ????? ??? ?? ????? ???? ?? ???? ???? ???†???? ?? ????? ??? ?? ?? ?????? ?? ???? ??? ??? ???? ???? ???†??? ??????? ??? ?? ????? ???? ????? ?? ???? ???? ??? ???,H
Where does the word 'jitterbug' come from?,??? ??? 2 ??????? ??? ???? 2.4 ?? ?? ?? 3.5 ??? ????? ?????? ????,H
What are the non-invasive blood glucose monitoring systems abroad?,?? ?? ?? ?? ?? ??????? ??? ??? ?? ???,H
What is the luckiest thing that has ever happened to you in an exam?,????? ??? ??? ?????? ??? ?????? ???????? ???? ??? ????,H
The old people disrepect the young?,???? ???? ?? ??? ?????? ??? ???? ?? ??? ??? ?????? ???,H
Why do Trump supporters believe that Donald Trump can get his platform through congress?,??? ????????? ?? ???? ????? ?????,H
Why some Jews hate mark Zuckerberg?,???? ???? ????? ?? ??? ????? ???? ???†??? ??? ?????,H
"When should one use median, as opposed to average?",?? ?? ?? ??? ?? ??? ??????? ??????? ???? ????? @ ?? ? ??? ???? ?????,H
What is Elon Musk's IQ?,??? ???????? ?? ???? ??? ??? ?? ???? ????? ???? ?????? ????,H
How do you sign out of the Yahoo Mail app in an Android?,????? ?? ???????? ???? ????,H
What can I do If the resident engineer of the site is corrupt?,??????????? ???? ??? ???? ??? ?????? ?????? ?? ????? ??? ??? ???,H
"Is Kantian ethics a ""consequentialist"" or ""non-consequentialist"" moral theory? Why?",????? ??? ????? ???? ??? ?? ???? ?? ??? ??? ???? ????,H
"Im in love with my bisexual best friend who is also a guy and has a girlfriend, and I want to tell him. How do I move on?",??? ?? ?? ?? ?????? ??? ??? ?? ??? ?? ?????? ?? ?????? ??? ??? ???,H
How can I view deleted Instagram dms?,????? ??? ?? ?? ?? ??? ?? ??? ??? ?? ?????? ?????? ????,H
"Can the dishes from the program ""A Bite of China"" be made?",??? ?? ???? ????????? ????? ???? ??? ?????,H
How can I get Reliance Jio SIM Card?,?????? ?????? ??? ?? ????? ???? ??? ??? ????????? ?? ????? ??? ?? ????? ?? ????? ?? ???? ???? ?? ???,H
How we make all types of mobile communication?,???????? ??? ??? ?? ??? ???? ?? ????? ???? ???? ???,H
Should the toothbrush be wet or dry before applying the toothpaste?,????? ??? ????? ?? ??? ????? ?? ??? ?????? ????,H
In which order should one watch all the marvel movies (and TV shows) in order to understand the timeline well?,??????? ???? ?????? ??? ???,H
What is the scope of criminology?,?? ??? ???? ??? ?? ???? ??? ???,H
"National Institute of Technology, Kurukshetra: How is the social life at NITK, Surathkal?",?????? ????? ??? ???? ????? ?? ??? ?????? ???,H
What will happen if state government goes against supreme court's verdict in India?,?? ??? ?? ?? ????? ??? ???? ?? ??? ?? ?????? ????,H
Can I sell a abandoned car with no title?,??? ???????? ?? ????? ???? ?? ???? ?? ???????? ?? ??? ???? ?? ?????? ???†??? ?? ????? ???? ?? ????? ?? ?????? ???? ????? ?? ?? ????? ??? ?? ???? ???†??? ?????? ?? ??? ?? ????,H
What diet can I eat to grow fast?,??? ?? ?? ???? ??? ?????? ????? ?? ?? ????? ???? ???†???? ?? ???? ?????,H
How many paid users does zoho have?,??? ?? ??? ????? ??? ????? ?? ??? ?? ???? ????,H
"In India, if I'm generating solar energy, is it profitable to sell the electricity to the government or to private enterprises?",??? ???? ?????? ??? ???? ?????? ?? ??? ??? ???? ???? ???,H
My Samsung J7 doesn't have screen mirroring feature how can I add it?,??? ????????? ?? ????? ???? ??????? ?? ???? ???? ???? ???? ???,H
What were the war strategies of the Union and the Confederates during the Civil War?,"??? ?? ??? ?? ???? ??? ??? ? ?? ?? ???? ???? ????? ?? ??? ??? ??????? ???? ???",H
What can I do to stop worrying what others think?,"???? ????? ?? ????? ???? ????? ?? ????? ???? ???? ??? ? ???? ?? ?? 10 ??????? ????? ?? ??? ???? ???? ????",H
What are some unique questions to ask when trying to get to know someone?,"??? ?? ?? ????? ?? ????? ???? ????? ?? ???? ??? ????? ???? ?? ?? ? ?? ??? ???? ??? ?????",H
Why hasn't President Obama appointed a Supreme Court justice to replace Scalia?,??? ?? ????? ?? ???? ???? ?? ?? ??? ???? ??? ???? ???? ???? ?????? ??? ???????,H
Why are you not making money from Youtube?,????? ???? ??? ????? ?? ??? ?????? ??? ????,H
What is the best way to add crunchy texture to a dish?,?????? ????? ?? ?? ?? ???? ?????? ??? ???,H
Is it better to wear a suit or put it in a suitcase when travelling?,?? ??? ?? ???? ???? ????? ???,H
Which city in India has the best weather?,??? ????????? ????? ?? 500 ??? 1000 ???? ?? ??? ?? ????? ?????? ?? ??? ?????? ?????? ?? ??? ?????? ????? ?? ????? ???,H
Which is the best programming language to learn in 2017?,???????? ??? ??? ?? ??? ?????? ???? ???,H
How often does Elon Musk work 168 hours a week?,???? ?????? ?? ????? ???? ???,H
Can I take NyQuil and Sudafed at the same time?,??? ?? ??? ??? ???? ??? ??? ??? ?????? ????,H
What music genre is this?,???? ???????? ??? ?????? ???? ????? ???? ???,H
Why is the number for Skype at 1-855-425-3768 always busy?,??? ?????? ????? ??? ???,H
Why do siblings fight?,??? ???? ?????? ??????? ?? ?,H
"What's the meaning of ""I gotta take a shit!""?",??? ??? ??? ??? ???,H
What is triloca.com?,??? ???? ?? ???? ???,H
How is Perl used in the aerospace industry?,????????? ??? ??? ??? ???? ???,H
What is the (true) nature of reality?,???? ????? ??????? ?? ????? ???,H
"What is cached data? Will it cause any problems, if we clear cached data?",??? ?? ???? ??? ?????? ?? ?? ???? ?? ?? ???? ?? ???? ?? ???? ????,H
What type of government does Turkey have? How does it compare to the one in Wales?,????? ??? ???? ??? ?? ????? ???? ????? ?? ??? ???? ???? ????,H
What will the iPhone 7 look like?,?? ?? ????? ???? ?????? ??? ?? ?? ?? ?? ?? ????? ???? ?? ??? ?? ???? ???? ???,H
Why do some hackers use Mac over Linux?,??? ??? 6 ?? ??? ????? ???,H
What's the strangest or most memorable moment you've had working as an immigration officer?,"?? ?? ???? ???? ???? ????? ?? ? ?? ???? ?? ??? ?? ????? ????? ?? ??? ???? ???? ??? ??????†?? ?? ??? ?? ???? ?? ??? ????? ?? ???? ???? ??? ??? ?????? ?? ??? ????? ??? ?????? ?????? ???? ???????†???? ?? ?? ???? ?? (?? ?? ????? ???? ????? ???? ?? ???? ????? ??? ???) ??? ??? ????? ?? ???? ???? ????? ???",H
How do I connect my laptop as headset for my Android Smart Phone?,?? ?? ???? ????? ??? ?? ?? ?????? ????? ??? ???,H
"I'm an atheist in the US, raising my child with no religion. What should I tell her to answer when asked: what is your religion?",???? ??? ???? ??? 6.5 ?? ???? ???†??????? ????????? ???? ??? ????? ???? ?? ??? ??? ?????? ?? ??? ?? ??????????? ?? ???? ???? ???,H
What should do to reduce hair fall?,?? ????? ????? ??? ????? ???? ?? ??????? ???? ???? ?? ??? ???? ???,H
Do people always get answers to their questions on Quora?,??? ????? ?? ??? ????? ???? 500 ??????? ??????? ?????? ?? ???? ????,H
"What is a good solar panel installation provider near Mentone, California CA?",???????? ??? ???? ????? ?? ??? ???? ??? ?? ???? ???????? ?? ???? ??? ???,H
What is the most revealing question a person can ask?,??? ??? ????? ??? ?? ???? ??? ?? ??? ?????? ?? ??? ???? ????? ?????? ???? ???? ?????? ????†???? ??? ???? ?? ???? ?? ???? ???? ?? ??? ???? ???,H
What are the pros and cons of San Francisco Ballot Measure G (2014)?,??? ??? ??? ??? ?? ?? ????? ?? ???? ???? ?? ????? ?? ???????? ????? ???,H
What do people with borderline PD think of reddit?,??? ???? ?? ???? ?? ?????? ??? ????? ???? ?? ???? ?? ????? ??? ??????? ??? ????,H
Do Russians actually like vodka?,?? ?? ??????? ??? ?? ????? ???? ???? ???? ????,H
What are some of the best classes at UPenn?,???? ?? ?? ??? ???????? ?? ??? ?? ??? ??????? ?? ???? ????,H
What are the most popular IDEs on Linux best suited to PHP development?,??? ?? ????? ??? ?????? ?? ?????? ?? ?? ??? ????? ??? ?????? ?? ???????,H
How do I get my company's website on the first page of Google?,??? ???? ??? ?????? ??? ????? ???? ???? ?? ????? ????? ??? ??? ???? ???? ??? ??? ?? ???? ??? ???†?? ????? ???? ?? ??????? ????? (?????? ??? ?????) ?? ????†??? ???? ???? ???? ?? ?????? ??? ???? ???? ???? ?? ??? ????? ??? ?? ?????? ????? ???? ?? ??? ??????? ???? ?????,H
"I am very concerned about my future. I couldn‚Äôt clear my JEE exam, I worked hard, I feel demotivated, how do I believe in myself?","""???? ????"" ?? ???? ?? ????? ???? ?? ?????",H
Which elective I should choose in 3rd year at IIITD CSE branch?,??? ?? ????? ??? ?? ??? ?? ?????? ?? ??? ???. ??? ?? ????? ?? ??? ???? ???? ?? ?????? ??? ??? ???. ??? ?? ??? ???? ?? ??? ?????? ???? ?? ??? ??? ??? ??. ??? ??? ?????,H
How is simple harmonic motion linked to circular motion?,??? ????? ???? ????? ?? ???? ???? ???,H
Why the month February has only 29 days?,"??? ????????  ???? ??? ??? ??? ???? ????? ??? ???? ???? ????? ????†???? ??? ??? ??? ?? ????? ?? ????? ????? ???? ?? ? ??? ???? ?? ???? ?????",H
Is the US trade embargo against Cuba illegal under international law?,????? ??? 28 ?? ???? ???? ????†??? ????? ??? 29 ?????,H
Where can I stream the movie Black Mass for free?,??? ???? ?????? ???? ?? ??? ??? ??? ???? ?? ??? ?? ?? ?????? ????,H
Why do I want to lose weight?,?????? ???? ?? ???? ?? ???? ??? ???? ???,H
How we can travel faster than light?,??????? ????????? ?? ???? ??? ?? ??? ??????? ?? ?????? ?????? ??? ?? ??? ??? ????,H
"What is a ""quasi-contract""? What are some examples?",??? ?? ????? ?? ????? ?? ??? ??? ???? ??? ?? ??? ???? ???,H
How can I apply for my car to be on Overhaulin'?,"??? ???? ??? ??? ?? ?? ??? ??? ??? ?? ??? ???? ??????? ??? ?? ???? ??? ??????? ??? ????? ?? ? ???? ?? ???? ???? ???? ?? ??? ?? ??? ??? ??????? ???? ???? ???",H
Why wasn't Dumbledore or any Hogwarts headmaster aware of the fact that the grey lady is actually Helena Ravenclaw?,??? ??? ????? ??? ?????? ?? ??? ?? ??? ??????? ????,H
Will there be a sequel to Interstellar?,??? ?? ??? ??????? ??? ???? ?? ?? ??? ?? ???? ???? ?? ??? ??? ??? ?????? ???? ?????? ????,H
Which programming language do Linux Mint 18 Sarah built on?,??? ?? ???? ?? ?????? ????? ??? ????,H
What is the difference between a woman and a wife?,??? ????? ??? ?? ??? ????? ????? ???? ?????? ?????,H
Who was philosophical guru of Shivaji Maharaj?,??? ???? ?? ????? ?? ?? ???? ???? ?? ?? ???? ??? ?? ?? ???? ?????,H
Can a high court set on matters relating to sting operation?,??? ?? ?? ????? ?? ??? ????? ?? ?? ?? ?? ?? ??? ??? ?? ??? ?? ??? ??? ?? ??? ????? ???? ??? ???†?? ?? ??? ?? ???? ???? ????? ??? ?? ?? ?? ????? ?? ??????? ?????? ????,H
"What is an alternative for the word ""is""?",??? ???? ????? ?? ?????? ?? ?????? ??????? ?? ???? ???? ???,H
How do I develop an application using C++ and Python?,??? ?? ?????? ??? ???? ???? ??:????? ?? ??? ?? ?? ??? ?? ??? ?? ?? ?? ??? ??? ?? ?? ?? ????,H
What are the steps to get the UAN number for my PF account?,???? ???????? ?? ?????? ???? ???? ???,H
How do I convert (hard copy) a file into a soft copy if after this I want to make changes in that PDF?,?? ??? ??? 4 ??? ?????? ?? ???? ???? ?? ???? ??? ?? ??? ???? ??? ???,H
What is the difference between an MP3 and an MP4 file?,??????????? ????? ?? ????? ???? ?? ???  ∞??  ÑÑ ?? ??? ??  ?? ????  ?????? ?? ???? ??? ?? ??? ???? ?? ?? ?? ????????,H
Have cavemen been scientifically tested?,????? ?? ???? ???? ?????????? ?? ????? ???,H
Are barbiturates OTC drugs?,????? ??? ???? ??? ?????,H
Can I make a daisy chain with 2 monitors using an HDMI?,??????????? ????? ???? ????,H
How much will you sell your soul for?,?????? ??? ??????? ???? ?? ??? ???,H
Kellyanne Conway was the first woman to lead a candidate to victory. Why don't liberals care about this?,??? ????????? ?? ???? ??? ?? ?????? ??? ??? ???,H
What are the 6 best/most useful German phrases to know?,?????? ??? ???? ??? ???? ?????? ??? ?? ??? ??? ????,H
Are there different length deadlift bars?,?? ?? ?? ??? ????? ?????? ?? ???? ?? ?? ??? ??????? ?????? ????,H
Have you ever heard of travel hacking?,???? ?? ?? ???? ???? ?? ?? ?????? ????? ????? ?? ???? ???? ?? ??? ?? ??? ???†??? ??? ?????,H
Can I make 700 dollars a day playing poker?,?????? ?? ???? ??? ??????? ?? ????? ???? ???? ?? ?? ?? ??? ????? ?? ????? ?? ????? ?? ??? ??? ?? ???? ????,H
How do I find the correct Wells Fargo routing number for my bank account?,???? ?? ????? ???? ?? ??? ??? ???? ????? ???? ????,H
What species of caterpillar is this?,?? ??? ?? ???? ?? ????? ??? ???,H
How many types of fruit?,???? ??? ???? 9 ????? ??? ???: ???????,H
Why is veganism so controversial but eating meat and dairy not?,??? ??? ????? ??? ?? ???? ??? ?? ???? ?????? ??????,H
How do you get a book published?,?????? ?? ??? ?????? ??? ???? ???? ????????? ???? ???? ??? ???,H
Were you surprised that Trump won and why?,???? ????? ??? ???? ???? ?? ???? ????? ??? ????,H
Which is the best IDE for Java servlets?,??? ?????? ????????? ????? ???,H
What are the biggest lies that society tells us?,??? ?? ??? ???? ???? ???,H
What is manspreading and why is it such a big problem?,?? ?? ??? ???? ??? ?? ?? ??? ??? ????? ????,H
Where can I get very affordable printing services for luxury paper bags?,?????? ?? ?????? ?? ???? ???? ???? ??? ???? ???,H
How do I score good marks in ACCA?,??? ??? ?? ???? ??? ??? ??? ?? ?????? ??? ???? ???,H
How can I improve my English grammar?,?????? ?? ??????? ?? ???? ?? ????? ???? ????? ??? ?? ??? ??? ???? ???? ??? ?? ?? ????? ???? ????? ??? ?? ????,H
What age is appropriate to wear bold lipstick?,??? ??????? ?????? ?? ???? ??? ???? ???? ???? ?? ?? ??? ???? ??? ???? ????,H
Where do I get a job as an IATA trainer or a travel trainer in India?,???? ??? ????? ?? ???? ??? ?? ?? ???? ????? ??????,H
Where can I read the reviews of Brain Plus IQ brain booster?,??? ??? ??? ?? ??? ?????? ??? ???? ????? ?? ????? ???? ???? ?????? ????,H
How much CGPA I require to get an admission for MTech CSE at IIT Madras?,???? ??? ?????: ????? ??? ???? ?? ????? ??? ???????? (??? ???? ???) ????,H
What is the quickest way to increase Instagram followers?,??? ?????????? ???? ???? ???? ???? ???,H
Where can I get the Jacket that Ranbir Kapoor is wearing in song 'Matargashti'?,??? ??????? ????? ??? ?? ?? ?? ??? ??? ??? ?????? ???? ?? ???? ???? ????? ????†???? ??? ?? ????? ?? ????? ????? ???????,H
Do I need to fail to succeed in business?,???????? ????? ???? ???? ?? ???? ??? ???? ???? ???,H
Which has better apps: iOS or Android?,??? ?????? ????? ???? ???? ??? ????? ?? ???? ???? ????,H
What was the coolest military unit of all time?,?? ?? ??? ??? ?????? ?? ??? ??? ???? ??? ?? ???,H
How do I recover permanently deleted files from Ubuntu?,"??? ?????? ??? ? ??? ??? ??? ???? ??????? ????????? ??? ?? ????? ???? ???",H
What is the difference between È´òÈìÅ (gaotie) and Âä®ËΩ¶ (dong che)?,"?????? ?? ????? ? ?????? ??? ??? ??? ??? ?? ?????? ??? ???? ??????? ?? ??? ????? ???",H
How do I write text over image in HTML?,???????? ??? ???? ??? ????? ????? ????,H
"My dear Quorans, Do we still need sales or marketing managers? I see a global trend that consumers know their products well.whats the future of it?",???? ?? ???: ??? ??? ?? ???? ??? ???? ??? ???? ????,H
What would be the estimated cost of repairing the cracked screen of iphone 6?,?????? ??? ??? ?? ?? ??? ???? ??? ?? ????? ??? ???? ?????? ?? ?????? ?? ?? ????? ??? ????? ???? ???? ???? ?? ?? ?? ?? ???? ???? ?? ???? ???? ?? ??? ????? ?????? ??? ??? ?? ???? ?? ?? ??? ??? ??? ????? ???? ????? ??? ????? ??? ????? ???? ???,H
What is compensation like at the non-profit OpenAI?,??? ???? ????? ????? ???? ???? ???? ?????,H
What is the steering wheel on a ship called?,???? ??? ??? ????? ????? ???? ?? ??? ??? ????,H
Will people really scratch or damage an exotic car parked on the street?,?????? ??? ?? ???? ???? ???? ??? ???? ??? ???? ???,H
What is the cut off of PSUs for Chemist?,"??? ?? ?? ????? ?? ????? ???? ????? ?? ???? ??? ????? ???? ?? ?? ? ?? ??? ???? ??? ?????",H
How do you restore a deleted OkCupid profile?,??? ???? ????? ?? ???? ????? ???? ???? ???? ?? ??????? ?? ???? ??????? ?????? ????,H
How much money does 500 Startups put for how much stake at Seed level?,???? ?????? ?? ?? ??? ??? ??? ?? ???? ?? ???. ?? ??? ????? ??? ?? ??? ???? ?? ??? ??? ???? ???,H
What's the street value of A332?,500 ?????? ??? ?? ?????? ???? ?? ?? ??? ????? ???? ???,H
Is Pakistan the worst democracy in the world?,???? ??? ??? ???,H
How many keywords are there in Assembly programming language in the latest version?,??????? ??? ??? ??????? ??? ?? ??? ?? ??????? ????? ???,H
What are some of the best interview questions asked for a electronics engineering student?,??? ????????? ????????? ???? ??? ?? ??? ???? ??? ??? ??? ???? ??? ???? ??????? ????? ??? ????????? ??? ?? ??? ???? ???? ?????? ????,H
"Do babies pee inside the womb? If so, where does it go?",?? ??? ??? ???? ?? ??? ?????? ?? ???? ???? ???? ???? ?????? ??? ?? ?????? ?? ????? ???? ????,H
What universities does Powell Industries recruit new grads from? What majors are they looking for?,??? ??? ???????? ?? ?????? ????? ???,H
Is it worth it to get a degree in accounting?,"??? ???? ???? ??? ??????? ???? ???? ??? ?? ??? ????? ???? ??? ??? ???? ???? ????? ?? ??? ??????? ?? ???? ??? ?? ""??????? ?? ????? ??? ??????? ???? ?? ??? ???? ???""?",H
Why do gums get black?,?? ????? ?? ???? ???? ??? ????,H
How can I find a movie script?,???? ??? ??? ?? ?????? ?????? ???? ?? ??? ???? ???? ?? ?? ?? ?? ??? ?? ??? ?? ????? ?? ??? ???? ????? ?? ?? ?? ???? ????? ??? ???? ????? ???,H
As a startup what is the most important thing to keep in mind when developing an edtech platform?,??? ?? ?? ???? ????? ??? ?? ???? ??? ???? ???? ???†???? ?? ???? ?????,H
Is hypnosis possible?,??? ???? ???? ????? ?? ????? ??????? ????? ?? ????? ?????? ????,H
How do I find a hacker?,??? ?????? 16.04 ??? ????? ????? ???? ????? ????,H
Autism: Will my 5-year-old non-verbal autistic daughter ever speak?,???? ???? ???? ?? ???? ???,H
What is your review of Love in Thoughts (2004 movie)?,?? ?????? ??? ??? ?? ???? ????? ???? ?????? ??? ????? ?? ????? ????? ???? ??? ???,H
What are some examples of social justice issues in education?,???????? ?? ???? ??? ????? ??? ???,H
"On Facebook, how can I add mutual friends?","????? ??????' ? '???? ??????' ??? '???? ??????' (???) ????? ??? ??? ??? ???",H
How is phonetics useful?,??? ???? ??? ??? ?? ?? ?????†?????,H
"I am frightened of Arvind kejriwal, he may kill me, What shall I do?",????? ??????? ???????? ???? ??? ?? ??? ???? ??????? ?????? ?? ???? ????? ???,H
What is the responsibility of SAP ERP key user?,"??? ???? ""??????????? ????? ()? // 2016 ?????"" ?? ????? ??? ???",H
Which are some best books of paper sets for Maharashtra Board class 12th?,?? ?? ??? ?? ?? ????? ??? ???? ???????? ?? ??? ???? 12 ??? 10 ?? ??? ?? ??? ?? ??? ?????? ???? ????? ????,H
What is spectrum in?,??????? ??? ???,H
What are the best places to visit near kolhapur?,???????? ?? ???? ???? ?? ??? ??? ?? ?????? ?????? ????,H
How do you treat acne scars?,?? ?????? ?? ???? ?? ??? ???? ????,H
How long does a human need to die after drinking rat poison?,??? ??? ?? ???? ??? ???? ?? ?? ??? ?? ?? ???? ????? ?? ??? ?? ????? ???? ????,H
What do Turks think about Albanians?,????? ?? ???? ??? ??? ?? ??? ???? ???,H
Should I learn Meteor?,???? ?????? ?? ?????? ????? ??? ???,H
Should I grow my hair?,??? ??? ???? ????? ?? ???? ???? ????,H
How a good programming language is helpful to develop a new programming language?,??? ????????? ???? ?????? ?? ???? ???? ????? ??? ???,H
What individuals and events in history are a source of pride for Kazakhstan?,????? ??? ??? ?? ????? ??? ?????? ???????? ?? ??? ???? ??? ????,H
How do I reduce hysteresis loss in transformer?,?????????? ????? ??? ???,H
What are the differences between Hindustani classical music and Carnatic music?,????????? ??????? ?????? ??? ?????? ??? ????? ??? ??? ??? ???,H
Why does the Indian President/Prime Minister not appear on Indian television shows like the US President?,??? ?? ?? ???????? ?? ?????? ???? ???? ??? ??? ?????,H
Who were the Aztec?,?????? ??? ??? ????,H
What is the right etiquette for wishing a Jehovah Witness happy birthday?,??? ?? ?????? ?? ???????? ???? ???? ???? ??? ???? ???? ????? ???,H
Some question whether life exists on other planets. what do you think about it?,??? ???? ????? ?????? ?? ???? ????? ?? ?? ????? ??? ???? ?? ?? ????? ?? ????? ?? ?? ??? ???? ???,H
"Mobile Applications: How can I login to my WhatsApp account on my new phone, with the same number?",??? ???? ??? ???? ??? ?????? ?? ??? ?? ??? ???? ?? ???? ??? ??? ?????? ??? 4 ?? ???? ???? ?????,H
How can I learn 2 languages at the same time?,?? ??? ?? ??? ??? ??? ?? ????? ?????? ?? ?????? ?? ??? ???? ???,H
"If I want to study hotel management after 12th ,which branch should I take for 11th and 12th?",???? ??????? ???? ??? ??? ??? ????? ?? ????? ???? ????? ??? ?? ???? 11 ??? ??? ??? ?? ???? ???? ??????,H
"I got job offer @ Chelmsford-Essex, London with ¬£3764 PM pay-after tax deduction. Pls advice tentative monthly expenses for couple? & saving possible?","??? ??? ????? ????? ??? ?? ? ??? ??? ???? ?? ??? ?? ?????? ?? ???? ??? ??????? ?????? ??? ? ??? ??? ?? ??? ?? ???? ?? ??? ?? ???? ???? ???? ?? ????? ???? ??? ???? ???? ???????? ??? ???? ????",H
How can I check wifi history and access it through android phones?,??? ???? ???? ???? ???? ?? ????? ????? ???? ???? ????? ??? ??? ?????? ??? ??? ?? ????? ?? ?? ???? ????? ???? ?????? ????,H
Will India abrogate the Indus treaty?,??? ????? ??????? ?? ???? ?? ????? ???? ?? ?? ??? ??????? ???? ????? ???????? ?? ??? ???? ???,H
Who are GoldenSource's top competitors?,?????? ?? ???? ??????? ??? ????,H
Is Bashar Al Assad a psychopath?,???? ????? ???? ???? ???,H
How do I find hidden sms apps on a android?,??? ???? ??? ?? ???? ???? ???? ???? ?????,H
How do I burn a dvd movie using windows 10? (PLEASE read description before answering),"???? ?? ???? ??? ?? ???? ? ???? ??? ????",H
How do geologists classify crystal structures?,?????? ?????? ??? ???? ????,H
What are some cheap spiced rum brands?,?????? ??? ??? ??? ????,H
"What's the next number in the series 1,1,1,2,2,2,6,6,6?","2?15?4?12?6?7 ????? ??? ???? ???? ??? ????? ...?",H
Was K.Balachander a poor director of tamil cinema?,??? ????? ???? ???????? ?? ??????? ?? ??? ????? ????,H
How do I measure RTT and throughput in Java for some packets I need to send?,??? ?? ??? ??? ?? ??? ???? ???? ???? ????,H
What are the king and queen of fruits and vegetables (I'm sure that exists?,??? ???? ??? ??? ?? ?? ?????†?????,H
What are the common thoughts across every religion?,????? ?? ????? ??? ??? ?????? ??????? ??? ????,H
What is cutoff of gate civil?,??????? ??????? ?? ??? ?? ?? ?? ??? ?? ?????? ?? ????? ??? ???? ??? ?? ??? ???? ?? ????? ??? ?????? ?? ??? ???? ??? ?? ?? ??? ???? ???? ???? ???? ???? ??? 2015 ??? ?? ??? ??? ?? ?? ?? ???? ???? ??? ?????,H
How do I introduce myself for an interview?,??? ??? ????? ?? ??????? ??? ???? ????? ???? ?????,H
What is the best software for an auto repair shop?,??? ???? ??? ??????? ?? ??? ?????? ???? ???? ??? ???,H
Is it foolish to get two undergraduate degrees? Does anybody actually do it?,??? ??? ??? ?? ???? ??????? ?????? ????????? ?? ???? ?? ?????? ???,H
What team of people (staff) is needed to run a growing website business?,??? ??? ?? ???? ?? ???? ????? ???? ??? ??? ?? ????? ??? ?? ?? ?? ?? ????? ??? ???? ?? ???? ???,H
"What's the best on-line calender/scheduling/booking system? Something that allows me to show my availability & customers can 'request' to meet me. When I 'accept' their request, the appointment pops into our calendars & reminders are automated.",??? ???? ???? ??? ???? ?? ?? ???? ?????? ?? ???? ?????? ???? ?????? ?? ????? ?? ??? ??? ??? ??? ??????? ???? ???? ???,H
Which state in Iran speaks pure Hindi?,??? ?? ????? ???? ???? ????? ???,H
Where is travencore state in India?,???????? ?? ???? ??? ????? ??? ???,H
How much does an Ola Mini cab earn on average per month from an investor's point of view in Mumbai?,?????? ??? ?????? ??? ?? ???? ??? ?? ???? ??? ????? ????? ????? ???? ??? ???? ???,H
How many parvas are there in the Mahabharat?,???????? ?? ??? ??? ?????? ???? ??? ????,H
Can we switch roles at Amazon?,??????? ??? ?? ?? ??? ?? ????? ???? ??? ???,H
Does your dog get excited when you play The Weeknd's music?,?? ?? ?????? ?? ?????? ????? ??? ?? ??? ?? ?? ??? ????? ?????? ???,H
What do you mean by financial statement analysis?,???? ???? ????? ???? ?? ??? ????? ???,H
Which comment do girls like the most?,??? ??? ?? ???? ???? ?? ???? ?? ????? ??? ?? ???? ??? ???? ??????? ?? ??? ????? ?????? ????,H
Do pigeons have feelings?,?? ??? ????? ???,H
Why are foreigners reviewing Indian movie trailers on YouTube?,?? ??? ??? ???? ?? ??? ?????? ?? ???? ???? ???? ???? ?????? ??? ?? ?????? ?? ????? ???? ????,H
"If I have to ask my first question on Quora, what should that be?",?????? ?? ???? ???? ??? ????,H
Can somebody explain to me how to do this problem with steps?,??? ???? ???? ????? ???? ?? ?? ?? ????? ?? ??????? ?? ??????? ?? ???? ???? ??? ???? ???,H
What is the meaning of the Hindi word 'Gathbandhan' and the Urdu word 'Ittehad' respectively?,???? / ???? ??? '????' ??? '????' ?? ??? ???? ???,H
What are the advantages of linked lists over arrays?,????? ??????? ?? ???? ?? ??????? ???? ?? ??? ????? ???,H
What universities does Rexnord recruit new grads from? What majors are they looking for?,?? ???? ?? ???? ?? ??????????? ?? ??? ???? ????? ???? ???? ?? ?? ??? ????? ?? ???? ??? ????,H
Why isn't there a 32GB model of the iPhone 6?,???? ??? 16 ?? ?? ??? ??? 6 ???,H
What is the science behind jallikattu?,??????? ?? ????? ????? ??? ???,H
Which country is best for higher education and work?,?????? ??? ??????? ?? ??? ???? ????? ?? ??? ??? ?? ?????? ??? ???,H
How do I get internship in the UK?,??????? ???? ???? ?? ?????? ????? ??? ????,H
What is the strongest structure or strongest shape under compression?,?? ?? ????? ????? ?? ??? ??? ???,H
What permission is required to make the school bags?,?????? ?? ?????? ????????? ????? ????? ???†?? ????? ??? ???? ?? ??? ??? ????? ????,H
Whether the life is depended on hard work or by luck?,????? ??? ??? ??? ??: ???? ?? ?????,H
What are some of the best photos?,???? ????? ??? ???,H
Who are the worst actors in Hindi movies?,???? ???: ?? ??? ???? ??? ?? ?????? ??? ??? ?? ???,H
What is love?,?? ?? ???? ???? ??? ??? ???? ??? ???,H
Who is the worst actor and actress to win an Oscar?,???? ????? ??? ?????? ?????? ??? ???,H
How can we imagine the 4th dimension?,????? ????? ?? ???? ???? ?? ?????? ????? ??? ???,H
Who are some lesser known important historical figures of Tunisia and what should people know about them?,?????? ?? ??? ?? ??? ?????? ?????? ??? ??? ??? ????? ?? ?? ?? ???? ??? ??? ????? ??????,H
Where can I get best fire protection solutions in Sydney?,??? ?? ???? ??? ?????? ?? ?? ???? ?? ?? ???? ?? ???? ?? ???? ????,H
How is the BBA course at St. Xavier's Kolkata?,?? ??? ?? ?? ?? ???? ????? ???? ????? ?????? ??? ?????? ????,H
How do I download full versions of Korean dramas with English subtitles for free?,??? ???? ????? ?? ???? ??? ??? ???? ???? ??? ?? ???? ????,H
How good are the placements of chemical engineering in Thapar University?,???? ????????? ??? ????????? ????????? ?? ????? ???? ???? ????,H
Does my mobile phone have a fixed IP address or does it change frequently?,???? ??? ??? ???? ??? ?? ?? ?? ???? ???? ?? ???? ??? ??? ???? ????? ?? ???? ???? ?? ????? ??????? ???? ????†??? ???? ??? ?? ??? ????? ???? ?? ???? ????? ???,H
I have been with my partner for 8 years Last year we broke up for a bit and I got with someone else and ended up marrying them. Now I want my ex back?,"???? ???? 9 ??? ????? ?? ? ???? ?? ?? ????? ?? ??? ???? ???? ?? ???? ???? ???? ??? 35 ??? ?? ??? ??? ????? ?? ??? ???? ????? ????†??? ??? ?? ???? ??? ??? ???? ???? ???? ????",H
"My hair smells when I don't wash it for a day, how do I cure it?",???? ???? ??? ????? ????? ????? ??? ???? ???? ??? ????? ??? ?? ????? ??. ??? ??? ??? ?? ???? ?? ???? ??? ??????? ?? ??? ???? ???? ??? ????? ?? ???? ?? ???? ????,H
What are good gifts for a foreign visitor to bring when they're invited to someone's home in Martinique for the first time?,?? ??? ???? ???? ?? ???? ??? ??????? ??? ??? ?? ??? ???? ??? ???? ?? ?? ?? ???? ?? ??? ??? ???? ????? ????,H
"What is the difference between, probability and expectation?","""|"" ??? ??? ??? ???†??? ""???"" ???????? ????",H
How do I make my curly hair straight and permanent?,??? ???? ????? ????? ?? ????? ??? ?? ?? ??? ???? ?????,H
What's the easiest program to learn how to create a website?,?????? ?? ??? ?????? ??? ???? ???? ????????? ???? ???? ??? ???,H
What is the best way to resize images without Photoshop?,?? ??? ??????? ??? ??? ????? ?? ???? ????? ?? ???? ???,H
How can I prepare for the IES exam?,??? ?? ?????? ?? ??? ???? ???? ???? ??????,H
Why did the Umayyad Caliphate fall? What could have been done to avoid his fall?,????? ?????: ???? ????? ?? ?????? ?????? ?? ???? ???? ????,H
Is Jennifer Aniston Indian?,?????? ?????? ?? ????? ?? ?? ??? ??? ?????? ????,H
How are the placements at St. Xavier's Kolkata for the BBA course?,?? ??? ?? ?? ?? ???? ????? ???? ????? ?????? ??? ?????? ????,H
My car's brakes/wheels make a screeching/squeaking sound every time I brake. What is wrong and how do I get it fixed?,??? ?? ???? ???? ?? ??? ???? ?? ??? ??? ???? ?? ????? ??? ???? ??????? ?????? ????†??? ??? ??? ???,H
Where is Dakota Fred from Gold rush now?,???? ?? ?? ?? ?? ?? ????? ??? ??? ????,H
How do I enter a new email ID which I can access to recover my Facebook ID?,??? ?? ???? ???? ??? ?? ??? ???? ??? ?????? ??? ??? ??? ???? ???? ??????? ??? ?? ????? ???? ???? ?????? ???? ??? ???? ??????? ???????? ?? ??? ???? ????? ???? ??? ???? ????,H
How can I change my snapdeal account's mobile number?,??? ?? ?? ??? ???? ?????? ?? ??? ?????? ?????? ???? ?? ???? ????? ?????,H
How did Criminal get greenlit? What's the backstory of how the movie got made?,????? ?? ???? ?? ???? ????†??? ?? ??? ??? ?? ?? ??? ????? ??? ???,H
What are the important details about buy car insurance online?,?? ???? ???? ?????? ?? ??? ??? ???? ???? ??? ????,H
What is garbage value? And Why do we get garbage value in c?,?? ??? ???? ??? ?? ???? ??? ???,H
Can somebody explain to me how to do with steps this five little problems?,??? ???? ???? ????? ???? ?? ?? ?? ????? ?? ??????? ?? ??????? ?? ???? ???? ??? ???? ???,H
When can I expect my Cognizant confirmation mail?,??? ?? ????? ?????? ??? ?? ???? ?????? ????,H
How do you determine the Lewis dot structure for sulfate?,?? ???? ?? ???? ??? ?????? ?? ???? ???? ?????? ????,H
"What do guys mean when they ask ""How can I make it up to you?"" after they've done something wrong?",??? ??? 18 ???? ???? ??? ??? ?? ?? ???? ??? ?? ???? ??? ???? ?? ???? ???? ??? ????†??? ??? ??? ??? ??? ???,H
"I am a high school sophomore, and I need to choose between varsity basketball, and varsity swimming. What should I choose for extracurriculars?","????????? / ??????? ? ?? ?? ??? ?? ??? ?? ?? ??? ???",H
Where can I get very reasonable price for men's shoes in Sydney?,"???? ??? ? ??? ???? ????? ??? ???? ???? ?? ????? ????? ?? ???? ???? ???? ????",H
What are the working netcut defender android applications without root?,??? ?? ?? ??????? ?? ??? ??? ???? ?? ?? ?? ???? ??? ??????? ??? ?? ??????? ?? ???? ???????,H
What is the price of liquors in military canteen?,??? ???? ???? ????,H
"Which city is the best among Chennai, Coimbatore, Madurai and Trichy?",???? ?? ??? ???? ??? ?? ?????? ??? ??? ???,H
Which government psu Exam (non gate) is very easy to crack for engineers?,??? ?? ?? ?? ?? ????? 80 ????? ??? ?? ????? ????? ??? ??? ???? ???,H
"Is there any sense to have registered company (LLC or Inc) before going to VC, if you have no clients?",?????? ????? (??? ??? ?? ?? ???????????) ????? ?? ??? ???? ????? ?? ??? ?? ?? ??? ???? ???? ???? ?? ??? ???? ????? ???? ?? ?????? ???,H
"What are the key differences between living in Moscow and St Petersburg, Russia?",??? ????? ????? ?? ??? ???? ???????? (???) ??? ???? ???? ???,H
"I am planning to buy Le 1s Eco. How much has the heating issue been resolved after all the updates, including the recent marshmallow update (5.8)?",????? ?? ?????? ??,H
When will the BJP government strip all the Muslims and the Christians of the Indian citizenship and put them on boats like the Rohingya's of Burma?,"??? ?????? ????? ?????? ?? ??? ??? ???? ?? ??? ???????? ""???? ??????? ????"" ?? ????? ???? ???? ???? ???",H
What are some of the best thriller novels? What makes them the best?,?????? ????? ??? ????? ???? ??? ?? ??? ??? ????,H
I'm presently in second year of engineering.? Should I strt preparing for cat from now? I?,?? ???? ????? ??? ?? ???? ?? ???? ?? ?? ?? ?? ?????? ?? ?????? ?????? ???,H
What is the rudest thing that a customer told you while you were serving them?,?? ?? ????? ??????? ???? ???? ?? ?? ?? ???? ??? ???? ?? ?? ??? ?? ??? ???,H
How much money I can withdraw from an SBI ATM with an SBI card?,??? ??? ????? ???? ?????? ?? ???? ???? ?? ??????? ???? ??? ????? ???? ?????? ??? ??? ???? ????? ?????? ????,H
How can I make my MacBook suitable for heavy games?,???? ?? ??? ?? ??? ??? ?? ????? ?????? ?? ??? ????? ?? ?? ???? ????,H
What is correct format of Transcript for third year engineering student? And how it differs from resume?,"??? ????? ??? ? ?? ??? ?? ??? ????? ???? ???? ??? ????†??? ???? ?????? ??? ?? ??? ?? ???? ????? ?? ???? ????? ?? ? ?? ???? ????? ??? ?????? ????",H
How windy must it be to delay a plane takeoff on an average airliner flight?,"??? ????? ???? ?? ???? ???? ?? ????? ?? ????? ????? ???? ?? ??? ??? ?? ?????? ??? ? ?? ??? ?? ?? ????? ??? ????? ?????",H
What pay packages does a graduate in Pakistan get? How are the job prospects over there?,??? ???? ??? ???? ??????? ??????? ???????? ???? ????? ??? ?? ??? ??? ??? ?? ??? ?? ??? ???†???? ??? ???? ?????? ???? ???? ?? ???? ??? ??????? ????†?????? ????? ??? ?????,H
What are the best wallpaper apps for iPhones?,??? ??? ?? ?????? ??? ???? ??? ???,H
How do I enjoy sex with my newly married wife?,??? ?? ??? ???? ???? ????? ???? ??? ???? ?? ???? ??? ????,H
"Which Hindi news channel shows the genuine, correct news without being biased?",?????? ???? ????? ????? ????? ???? ?????? ????†??? ????? ???? ??????? ?? ???? ????? ??? ??? ???? ?? ??? ??? ??????? ???? ???? ??????,H
Is USA the most powerful country of the world?,?????? ???? ?? ???? ?? ???? ??? ???? ???,H
Would you say a tall Asian male that is attractive can have the same privileges in American society as a tall White male?,"??? ???? ?? ???? ? ??? ?? ??? ?????? ?????? ??? ?? ??? ???? ????? ????",H
Why do people say female gamers are hot?,???? ???? ????? ????????? ?? ??? ???? ?? ????? ???? ???? ??? ?? ???? ?? ?? ?? ??? ????,H
How many minutes does it take to soft boil an egg?,??? ?? ???? ??: ??? ???? ?? ???? ??? ?????,H
I'm planning to learn playing acoustic guitar.I How do I decide which kind of guitar to buy?,??? ??? ????? ??? ?? ???? ??? ?? ???? ?????? ??????,H
What will you do if you find out that your girlfriend is not over her ex?,?? ?? ?? ????? ?????? ?? ?? ?? ??? ????? ??? ???? ???,H
How can I open a WhatsApp database (crypt8) without using a rooted phone?,??? ??? ???? ??? ??? ??? ??? ?? ???? ??? ??????? ?????? ????,H
"While doing Sudarshan Kriya, do we have to focus on breathing?",??? ?? ????? ????? ??? ????? ???? ?? ???????? ?? ??? ????? ??? ???,H
How Google helps in spam ranking adjustment of the search results?,"???? ??????? ???? ?? ????? ?? ????? ????? ?? ????? ??? ??? ???? ???? ???? ??? # ???  ??????? # ??? ?? ? ???? ???? ??????? ????? ????",H
What are the average and maximum packages out of IIM A/B/C?,"??? ??? ??? ??? ?? ? ?? ? ?? ? ??? ??? ??? ???? ?? ?? ?? ???? ??? ???",H
"How many attempts are permitted for  OBC candidates? Different sites are giving me different information. What is the concept of creamy layer? Is only parental income, whether the candidates income, also included?","???? ?????? ?? ?? ?? ????????? ?? ??? ?? ????? ??? ????? ????? ?? ???? ????? ??????? ?? ??? ???. ????? ???? ?? ???? ??? ??? ??? ?????? ?? ?????? ????????? ?? ????? ????? ??? ???? ???",H
What is the best way to constantly improve self-confidence in a relationship?,??? ??? ?????? ?? ?? ??? ???? ??????,H
What exercise equipment burns the most belly fat?,??? ?? ???? ????? ?? ? ?? ??? ?????? ?????? ??? ????,H
I will spend around 7 days in Bali soon. What should be my travel plan?,??? ??? ?? 7 ??? ??? ???? ??? ???? ???? ???? ??? ?? ?????? ???? ???? ????? ???,H
Which are famous colleges accepting XAT score?,"II ?? ??? ??? ??? ??? ? ?????? ???? XAT ????? ???? ??? ??? ??? ??? ? ?? ?? ?? ??? ??? ??? ??? ???",H
How will I get over this girl?,??? ???? ???? ?? ???? ??? ???? ??? ?? ?? ???? ??? ???? ?? ?????,H
"What is a boy/girl called when he/she is 1-6 years old, 6-11years old, 11-14 years old, and 14-18 years old?",??? 18 ??? ?? ???? ??? ??? ???? ??? ???? ???? ?? ???? ?? ?? ?? ??? 14 ??? ??? ?? ????? ???? ???? ??? ???? ???? ??? ?? ??? ?? ?? ?? ??? ????? ???? ???,H
Why don't Americans eat more back bacon?,???????? ???????? ??? ?????? ?????? ?????? ?????? ?????? ?????? ?????? ???????????,H
Is it possible to use the internet on a phone without Wi-Fi or mobile data?,??? Wi-Fi ?? ?????? ??? ??? ?? ??????? ???? ?????? ????? ?? ?? ??? ?? ?????? ????,H
What is the future for Turkey geopolitics in the Middle East?,???? ???? ?? ?????? ??? ???,H
Can anyone predict my birth chart?,?? ?????? ?? ???? ?? ???? ??? ?? ???? ??? ??? ???? ????,H
What does it mean when you press on someone's name on instagram and it says user is not found?,???? ??? ???? ????????? ?????? ???? ????? ??? ?????? ?? ??? ???? ???? ????†?? ?? ??? ???? ???,H
What is the best route from Bangalore to Goa by car?,?????? ?? ??? ?? ??? ?? ?????? ???? ???? ??? ??? ?? ???? ???? ???†??? ???? ??? ?? ???? ????? ??? ??? ?? ???? ????? ???? ???? ????? ?? ???? ???? ?? ??? ???? ????? ??? ???? ??? ????? ????? ??????,H
What's creative about playing a musical instrument if you don't compose your own music?,??? ???? ??????? ?? ???? ????? ??? ????? ???? ??????,H
What is your review of Srilanka?,??? ???? ?? ?? ?? ??? ???? ?? ????? ???,H
What is the greatest symphony orchestra today?,??? ?? ??? ??????? ??? ???? ????,H
My laptop is not starting and is showing a blinking cursor only. What should I do?,???? ????? 7 ??? ??? ???? ???? ??? ???? ??? ????,H
How should I answer if an interviewer asks me to sell a pen or any other product as I am pursuing a MBA?,??? ?? ?? ??????? ???? ???? ?? ?? ????? ???? ??? ????? ?? ??? ??? ?? ?? ?? ???? ??? ?????,H
How do I make my girlfriend shave her hairy arms?,??? ?? ???? ??? ????? ?????? ???? ????? ??? ???? ?????,H
How much does a YouTuber with 1 million subscribers earn in a year?,????? ?? 1 ???? ?????? ?? ???? ?????? ?????? ?? ???? ???? ?????,H
What is the price of Yamaha FZ16 chain sprocket?,??? ?????? ?? ???? ?????? ??? ??? 16 ?? ??? ??? ?? ????,H
What's the best strategy for a foreigner to get an internship in SF?,??? ???? ??? ?????? ??? ??????? ???? ???? ??? ???? ?? ??? ??? ?? ?????? ???? ???? ???,H
How can I become atheist?,???? ???? ???? ???? ???,H
Did Jesus like bananas?,???? ?? ??? ????? ???? ???? ??? ???,H
How do we improve reading skills of children?,??? ???? ????? ?? ????? ?? ???? ???? ??????,H
What are the best songs for low voices?,????? ?????? ???? ???? ?? ??? ??? ???? ??? ????,H
Is there a state ranking for neet 2?,?? ?? ??? ????? ???? ??? ???,H
What if I shift my job from e-commerce to cloud computing?,??? ??? ??? ?????? ?? ???? ?? ?? ????? ????? ??? ???? ???? ????? ??? ?? ???? ??????? ????? ???? ?? ???? ??? ???? ?????,H
Which countries are considered as Western?,???? ?? ????? ????? ?? ????? ??? ???,H
What is plate earthing?,??? ??? ???????? ??? ??????? ?? ????? ???? ?? ?? ?? ??? ???? ?? ???? ???? ???,H
What is todays lucky numbers?,??? ???? ???? ??? ???,H
Any good neuroscience books for beginners?,???????? ????? ?? ??? ?????? ????? ?? ?????? ?????? ??? ????,H
Why should women be treated equally to men?,?????? ?? ????? ?? ???? ????? ???? ???? ???? ??? ???? ???,H
What are the best sad songs?,?? ???? ???? ??? ??? ????,H
Can I upgrade Windows 32 bit to 64 bit Windows 8.1?,???? ??? ????? 7 32 ?? ??? ??? ??? 64 ?? ????? 10 (????? ?? ??? ?? ???? ??) ??? ?? ???? ?????? ????,H
What is the average package in IIT?,??? ??? ?? ??? ?? ??? ???? ????? ??? ???,H
Who is currently the best Hollywood movie director?,?? ?? ??? ?? ?? ?? ????? ???? ???????? ????,H
What is the process of cell division?,???? ???? ??? ????? ??? ???,H
What is the best recipe for chicken pizza?,???? ?? ??? ???? ??????? ??? ????,H
"Did prophet Muhammad order any man, other than his adopted son Zayd, to divorce his wife so he could marry her?","??? ???? ??? ??? ???? ???? ??? ???? ???? ??? ?? ?????? ?? ?? ???? ?? ???? ???? ???? ?? ?? ?? ???? ?? ???? ?? ???? ??? ????",H
How do Eisenhower and Kennedy differ?,???? ???? ??? ?????? ??? ??? ???,H
What are some mind blowing unseen images of Burj Khalifa?,??? ??? ??? ????? ?? ??? ??? ?? ?????? ????? ??? ????,H
Is there any stronger force than gravity in the cosmos in a planetary fashion?,??????????? ?????? ??? ?????? ????? ?? ????? ????? ???? ????,H
What are the advantages if a country is a member of the UN or disadvantages if it is not?,????? ?????: ??? ?? ????? ????? ????? ?? ??? ???? ????,H
How many characters are in Xchrisone Animation joke episode 5?,"???????? ???? ????? ???? ??????????? 8 ??? ???? ???? ??? ?
",H
When will jailbreak for 9.3.4 be released?,?? ??? ?? ??? 6.1.3 ?? ??? ????? ???? ?????,H
What is the best Christmas gift for you?,????? ?? ?????? ???? ??? ???,H
Is fried food unhealthy?,??? ??? ??? ???? ????? ??? ??? ??? ???,H
Is graph theory counted as a prerequisite for machine learning?,??? ???? ?????? ??? ???? ?????? ?? ??? ??? ???? ???? ???,H
Which players have scored the most goals direct from free-kicks in the premiership? (and other top leagues),?????? ??? ??? ????? ????? ?? ??????? 5 ????? ??? ????,H
What are most underrated date activities?,??????? ???? ?????? ??? ???,H
How do you obtain an instant ulcer pain relief?,??? ?? ??? ?? ??? ??? ???? ??: ???? ?? ????,H
"When I see those comparisons between Bush and Obama, listing how gas prices, unemployment rate, etc, are lower how many of those can actually be attributed to the work of Obama?","??? ????? ??? ?? ??????? ?? ??????? ?? ???? ?????? ?? ???? ????? ?? ?? ??? ??? ?????? ?? ??? ?? ????? ??? ?? ???? ?? ?? ?? ??? ?? ??? ?????? ?? ?????? ?? ??????? ?????? ???",H
What are some examples of direct and indirect taxes?,??? ??????? ???? ???? ?? ???????? ???? ??????? ???? ?? ????? ???? ????†?????,H
How do I get bottle caps in Pokemon Sun and Moon?,??? ??????? ???? ??? ???? ???? ???,H
What is molar heat capacity? How do you determine its formula?,???? ???? ?? ?????? ??? ???†?? ???? ?? ?????? ?? ???? ???? ?????? ????,H
I haven't seen Arvind Kejriwal in real life. Have you?,??? ????? ??? ????? ???????? ???? ???,H
What should I know before joining the National Guard?,?? ??? ????? ???? ??? ???,H
How long does WhatsApp keep the delivered data like images or etc. in the server?,"GIF ?? ????? ??? ????? ??? ???? ? ??? ???? ??? ??? GIF ?? ?????? ?? ??? ???? ???? ????",H
What does physiological mean?,???????? ??? ???,H
What makes you proud to be Canadian?,??? ?????? ?? ?? ?? ?? ??? ?????? ?????? ?? ???  ???? ???? ?? ?? ???? ??????,H
How much money do people make from YouTube videos with 1 million views?,????? ?? 1 ???? ?????? ?? ???? ?????? ?????? ?? ???? ???? ?????,H
Why surgical masks have a blue and white side?,???? ????? ?????? ?? ????? ???? ?? ??? ??? ?? ?????? ??? ?????? ???,H
How many times we can we masturbate in a week?,??? ?? ??? ??? ???? ??? ??? ??? ?????? ????,H
What is the eligibility for SNAP 2016?,???? ??? ??? ?? ?? 2016 ?? ??? ?? ??? ????? ???? ??????,H
What's the difference between freemason and Illuminati?,??? ???? ??? ?????????? ?? ????? ??? ???????? ????,H
How can I learn node.js in a week?,Node.js ?????? ?? ?????? ????? ??? ???,H
What is the log of 0.35874?,"0?35874 ?? ??? ??? ??? ???",H
What are the best iPhone/iPad emulators for PC?,??? ?? ?????? ??? ?? ?? ?? ???,H
How can you obtain the pedigree for a Spitz/Poodle mix?,?? ????? / ????? ??? ?? ??? ???? ???? ???? ?????? ????,H
Is Qatar Airlines lenient on the excess baggage fine?,?? ???????? ?? 100? ??? ??? ?????? ?? ?? ??? ???? ???? ????? 80 80 ??????? ?? ?? ???? ????? ????? ???? ??? ???? ????,H
How can I get a job at Google as a janitor?,??? ?? ??? ??????? ?? ??? ?? ???? ??? ?????? ???? ???? ?? ???? ????,H
How do I participate in The Kapil Sharma Show as audience member?,???? ?? ??? ???? ?? ?? ??? ???? ???? ???,H
How can I retain downvoted question in Quora?,?????? ?? ????? ?????? ?? ?? ??? ???? ????? ?????? ???,H
Which are the prospering towns in Kerala?,?????? ??? ???? ???? ?????? ???? ????,H
"If my reservation status is RAC, does it mean the seat has been confirmed?","???? ??????? ??? ?? ?? ?? ?? ??? ?? ?? ??? ??? (????? ???) ?? ??? ??? ? ??? ?? ?? ?? ????? ?????? ???? ??? ???? ?? ????? ?? ????",H
How is it to be an income tax inspector?,?? ??? ?? ??? ???? ???? ??????? ???? ?? ??? ??? ???? ???,H
I applied to a lot of jobs and got a response from a company that does not have good ratings. Should I take the job?,??? ??????? ?? ??? ??? ?? ???? ??? ????? ?? ???? ???? ???? ?? ???? ???? ??? ??? ??? ???? ??? ??????,H
Which is the best real estate agency in pune?,???? ???? ??? ???? ????? ?? ??? ???? ???????? ??? ?? ????,H
What is the weirdest gift you received on your birthday from your sibling?,???? ?????? ?? ???? ?? ?? ?? ??? ???? ???? ??? ???,H
Which Indian movies deserve to win an Oscar?,??? ????? ????? ???? ????? ?? ????? ????,H
Who discovered or invented math?,??? ????? ?? ????? ???? ?? ?? ?????? ???? ???,H
How can I make a teddy bear at home?,?? ???? ???? ???? ???? ??? ???? ????,H
How does purell kills bacteria?,????? ???????? ?? ??? ???? ?? ????,H
What is a localized infection?,????? ??????? ??? ???,H
"How do you say ""good morning"" in Hindi?","???? ?????? ????? ?????? ??? ?? ??? ""?? ??????"" ???? ???? ????†??? ??? ?????",H
Why should Indians pay Income Tax?,???? ??????????? ???? ???? ??? ???? ??????,H
I have a chance to learn either kickboxing or karate. Which one should I go for?,??? ?? ?????? ???? ?? ??? ???? ???? ????,H
"What does ""engineer"" mean?",????????? ?? ?? ?? ??? ???? ???,H
What are the environmental impacts of the tourism industry and how does it negatively impacted Dubai?,????? ?? ???? ?? ????????? ????? ??? ?? ?? ???? ???? ????? ?? ??? ???,H
Why is America more powerful than Russia?,??? ?? ????? ???? ?? ???? ?? ????? ????? ??: ?????? ?? ????,H
Want to make more money per month?,?? ????? ????? ???? ????? ?? ??? ????? ????,H
What is the effect of cooling rate on grain size?,???? ?? ?????? ?? ??? ???? ???? ?????? ?? ???? ?? ???? ?? ??? ?????? ???,H
What is binary option trading?,??? ?????? ????? ?????? ?? ??? ???,H
How safe is it to use your real name on the internet?,??????? ?? ???? ???? ??? ????? ???? ????? ???,H
Where can I find a European family office database?,???? ?????? ????? ??? ?? ???? ??? ???? ?? ???? ???,H
Why is Saudi Arabia lowering the price of crude oil?,??? ??? ?? ???? ?? ???? ??? ???,H
Can Sketchup Pro really do as much as Autodesk products?,?? ????? ?? 8 ?? ?? ??? ??????? ???? ????,H
"Since East and West Germany united in 1990, are there any differences left between them?",??? ????? ????? ??? ????? ????? ?? ???? ???????? ?? ??? ?? ???,H
Couldn't someone buy a huge number of Virgin America headphones and resell them for a profit?,??? ???? ???? ?????? ??? ??? ?? ??? ??? ????? ?????? ??? ??? ??? ????? ?? ??? ????? ?????? ????? ???? ??????,H
What is the best horror movie you have seen?,???? ????? ??? ?? ??? ??? ???,H
Is government liasioning legal in India?,??? ???????? ??? ???? ???? ?????? ???,H
What color is inside an A-008 10mg?,?? ?? 10??? ?? ????? ?? 100 ???? ???? ???? ??? ???,H
What do Japanese think about Malaysian?,???????? ??????????? ?? ???? ??? ??? ????? ????,H
How do you smooth a wax sculpture?,?? ?? ??? ??? ?? ????? ?? ??? ????? ?? ???? ????,H
Is 16 GB enough for me on iPhone 6?,???? ??? 16 ?? ?? ??? ??? 6 ???,H
How do you spend your time in summer?,?????? ??? ???? ???? ??? ?? ??? ?????? ??????,H
Why is economic a social science?,??????? ?? ??? ??????? ????? ???,H
What are some good ways to memorize things for a test?,????? ?? ??? ???? ?? ?????? ????? ??? ???,H
What is the process for a Leave Request from the US Army?,"??? ?????? ??? ??? ???? ???? ???? ??? ? ???? ?? ?? ????? ??? ?? ????? ?? ???? ??? ?? ??? ???? ?? ??? ???? ?????? ?? ????? ???? ??? ????",H
Do Mexican girls like black guys?,??? ?????? ????? ???? ???? ??? ????? ?? ???? ???? ????,H
"In India, what are the differences between ordinance, bill, law and act?",??? ???? ????? ?????????? ??????? ?? ????? ????? ???,H
How do I start a data analysis project?,??? ?? ??? ???? ???????? ?? ?????? ???? ???? ?????,H
How do Germans treat their WWII vets?,?? ??? ?????? ?? ??? ?? ??? ?? ???? ???? ????,H
Who's the most popular supermodel of all time?,?? ??? ?? ?????? ??? ???? ??? ????,H
Which public sector pays the highest salary in India?,??? ?? ????? ???? ?? ?? ????? ?????? ???? ???,H
What are good interview questions?,?? ??? ??? ?? ??????? ?? ???? ???? ??? ???,H
Who was the first U.S. President?,???? ?????? ??? ??? ????,H
When is the chart preparation time?,12163 ?? ??? ???? ?? ????? ?? ??? ??? ???,H
"What is the most common letter found in the English, Spanish, and French?","??? ?????? ?? ????????? ?? ???? ???†??????? ? ???????? ??? ??????? ???†?? ??? ??????? ???",H
What's the reason behind excessive population in Bangladesh?,??????? ?? ????? ?? ???? ?? ????? ??? ?????? ????,H
Which is the one movie scene you watch again and again?,?? ?? ??? ??? ?????? ?? ??? ??? ???? ??? ?? ???,H
How can I start learning security/ ethical hacking?,??? ?? ???? ?????? ????? ???? ???? ???? ????,H
How might Stephen Wolfram had solved multiplication problems without having memorized the times tables and only knowing that 7x8=56?,???? ???? ??? ??? ???? ??? ??? ?? ????? ???? ?? ?????? ?????? ?? ??? ?? ????? ???? ?? ?? ???? ????,H
If I unfriend someone on Snapchat can they still see saved messages that they saved?,??? ?? ??????? ????? ??? ?? ???? ?????? ????,H
How does the brain create consciousness?,?? ??? ???? ???? ????? ???? ???,H
Is Chennai a well planned city?,???? ?? ??? ???? ??? ?? ?????? ??? ??? ???,H
How easy is it to obtain a fake SC/ST certificate in India?,???????? ??? ??? ?? / ??? ?? ?? ??? ????? ???? ???? ???? ???? ???? ????? ???? ???,H
What goes through a guy's mind when he touches his girlfriend's ass?,??? ???? ???? ???? / ??? ????? ?? ???? ???? ?????? ??? ?? ?? ???? ??? ??? ????? ???,H
What are some of the best TV series to watch on Netflix?,?? ?? ?????? ????? ?? ?????? ??? ???? ????? ????,H
What are the questions I can ask people as a part of the survey I am about to conduct for starting a business in catering?,?????? ??? ???? ??? ?????? ??? ??? ??????? ???? ???? ?? ??? ??? ???? ?? ???? ??? ??? ?? ??? ??? ?? ??? ?? ????? ?? ??? ???? ??? ??? ????,H
Where is the RAW filter in Photoshop CS6?,?? ??? ?? ?? ??????? ?? ???6 ??? ??? ??? ?? ???? ????,H
What is chilled milk?,???? ??? ???,H
Which are the Private detective reveals the tech tips to help men catch their cheating love rat wife?,??? ???? ????? ??? ?? ???? ?? ???? ??????,H
Will manned drones be the flying cars of the future?,??? ?????? ??? ???? ????? ????? ???? ????? ??? ???,H
How should I prepare to ensure my selection in KVPY in class 10?,???? 11 ??? ?? ?? ?? ???? ??? ???? ?????? ?? ????? ????? ?? ? I ???? ?? ??? ????? ???? ??????,H
How does it feel like to be in IIM-A?,"??? ??? ??? ?? ? ?? ? ?? ? ??? ? ?? ? ??? ??? ???? ????? ???? ???",H
Are you brutally honest with your fears?,?? ???? ?? ???????? ??? ???,H
What is the function of cilia in a plant cell?,????? ?? ???? ??? ???????????? ?? ??? ??? ???,H
Has anyone done a course from AcadGild?,??? ??? ?? ?? ????????? ???? ??? ???†???? ???,H
What is the greatest mystery in the universe?,?? ?? ?? ?? ?? ??? ???? ??? ???,H
What are the essentials to apply for PAN Card?,??? ??? ???? ?? ??? ?? ??? ??????? ?? ???? ????,H
How much English is spoken in India?,???? ??? ??????? ???? ???? ???? ???,H
Can I access any website by its IP address?,??? ????? ??? ?? ??? ?? ???? ????? ???? ?????? ????,H
Which is more required for completing a PhD: patience or brilliance?,??? ?? ??? ?? ?? ????? ??? ?? ????? ???,H
Why did Kaley Cuoco cut her hair? Is it for the BBT show or did she just want to?,??? ???? ???? 8 ???? ??? ???? ?????? ???????? ?? ?????? ????? ???†?? ?? ??? ??? ?? ???? ??????,H
How can I treat a corn snake bite?,???? ?? ????? ?? ???? ?? ?????? ????? ??? ???,H
When will MIUI 8 for Xiaomi Redmi Note 3 release in India?,???????? ??? ????? ??? 2 ??? ????? ??? 2 ????? ?? ?????? ?????,H
Do I need to get a tetanus shot again?,??? ???? ????? ??? ???? ?? ????? ???,H
What purpose does music serve in films?,??? ???? ??? ??? ??? ??? ??? ??? ???? ?? ?? ?????? ?? ???? ?? ??? ??? ????,H
What exercises do you recommend to be able to sing in harmony?,"??? ??? ?? ??? ???? ??? ????? ???? ?? ???? ?????? ??? ? ?? ??? ?? ????? ???? ???? ??? ???",H
How do I move forward with my art?,???? ?? ??? ??? ????? ??????,H
What are the sensors available in Acer Liquid Z630S Android Smart phone by using CPU-Z App?,???? ??? ????? ??? ??? ?? ???? ???????? ??? ???? ?????? ???? ????,H
How do I became a perfect web developer?,?? ??? ??? ??? ???? ??? ?????? ?? ??? ???,H
What does it feel like to fall in love with someone in a short amount of time?,"??? ??? ?? ???? ???? ???? ???????†???? ???? ? ???? ? ??? ?? ???? ???? ????? ???? ?????†??? ????? ???? ????",H
How many keywords are there in AutoHotkey Scripting Programming Language in the latest version?,???? ???? ???? ??? ?????? ?????? ????????? ???? ??? ???? ?????? ????? ????,H
"What does ""My people are destroyed for lack of knowledge: because thou hast rejected knowledge, I will also reject thee."" mean?",???? ??? ???  ? ?? ?? ??? ?? ??? ?? ???: ???????? ?? ????,H
"Considering your position as Secretary of State gave you insight into the US's drone program, what will you do to reform the targeting process?",??????? ????? ?? ????? ?? ?? ?? ?? ?? ??? ????? ????? ????,H
Can I score 8.5 CGPA if have 7.4 CGPA in first sem?,"??? ?? ????  ??? 7.5 ?? ?? ?? ?? ????? ??? ?? ? ??? ??? ???? 10 ??? ?????? ??? ?? ?? ?? ?? 9 ?? ?? ?? ?? ???? ?????? ????",H
What are the best pictures of female models taken globally?,?????? ????? ?? ?????? ?????? ????? ??? ?? ??? ?? ???? ???? ???,H
What companies are similar to IDEO in the UK?,??? ??????? ??????? ??? ??? ?? ?? ?? ?? ???? ???? ????,H
Sitecore: What are the licences fees associated with sitcore?,???? ??? ?? ??? ?? ???? ??????? ???? ?? ???? ???? ???,H
Do you think the Indian economy will beat the Chinese economy in years to come? Why?,??? ?? ?? ???? ?? ?? ??? ???? ????? ??? ???? ????? ???? ????? ??? ?????? ???? ?? ?? ?? ?? ????? ?????,H
How can I avoid over thinking?,?? ??? ?? ????? ?? ???? ?? ??? ??? ???? ????? ??? ?? ?? ??? ??? ?? ??? ???,H
What are some of the criticisms of cultural relativism?,?????? ???? ?? ????? ??? ??????? ??? ????,H
"Is there a ""blind trust"" provision for American Presidents, and how is it enforced?",??? ?????? ??? ??? ????? ?????,H
What is the essence of enlightenment?,???? ????? ??? ???,H
Which universities in the US offer more management content in the management information systems curriculum?,?????? ??? ??? ?? ??????????? ??????? ????????? ???? ?? ???? ??? ????? ?????? ???? ??? ???? ????,H
How does it feel to retake a class in college?,??? ???? ??? ?????? ???? ???? ?? ?????? ??? ?????? ?? ??????? ????? ???? ????,H
What is the scope for civil engineering in germany?,?????? ??? ??? ???????? ?? ????? ??? ??? ???,H
"What is the next number in the sequence: 1, 2, 3, 4?","?????? ??? ????? ??? ???? ???? ??? ??: 1 / 2?16?4?15?3?56? _?",H
What opportunities lie my way if I do an MBA after law?,????? ?? ??? ??? ??? ?? ?? ??? ???? ?????? ???,H
What are the really small things that tell a lot about a person's psychology and personality?,??? ??? ?? ????? ?? ?? ?? ?? ???? ??? ??? ??? ???? ????,H
Is noon 12 am or 12 pm?,??? ??? ???? ??? ????? ?? ??? ?????? ???? ???? ???,H
What are the top paid jobs of 2011?,2011 ?? ?????? ??????? ??? ????,H
What are some unwritten rules in USA?,?? ?? ??? ???? ??? ?? ???  ??? ??? ?????? ???? ??? ????,H
How is technology making the world a better place?,??? ???????? ??? ????????? ???? ?? ??? ???? ??? ??? ??? ?? ?? ???? ????,H
What is your review of Performance Testing?,???????? ?? ???? ??? ???,H
Is it worth getting an engineering degree if I struggle to get C's?,?? ???????? ??? ??? ???? ???? ???? ?? ? ???? ?? ???? ????,H
Which is a suitable inpatient drug and alcohol rehab center in Appling County GA?,??? ?????? ?? ?? ??? ????? ?????? ?? ???  ?????? ??? ????? ??????????? ?? ??? ?? ???? ???,H
What are the best things to buy on Amazon?,??????? ?? ??? 2Ç¨ ??? ????? ?????? ??? ???? ???? ????,H
Is lamb meat considered a red meat or a white meat?,??? ???? ??? ???? ????? ???? ???,H
"In Japanese, how do you say ""darkness""?","???? ?????? ??? ""??? ???? ???"" ???? ???? ???",H
How can I stop being afraid of working?,?? ?? ??? ?? ?????? ???? ?? ??? ????? ???,H
How many Twitter users are there in Switzerland?,???? ????? ?????? ????? ????,H
How do I my epf account no I have my uan?,"??? ???? ??? ??? ?? ??? ?????? ????? ??? ? ??? ??? ??? ???? ??? ??? ??? ???? ?????? ?????? ?? ?????? ?? ??? ?? ??? ????? ???? ???? ?? ???",H
Did Quora get hacked recently?,??????? ??? ??? ??? ???,H
Which is better: DTU EEE or IITD production engineering?,IITD ?????? ?? ?? ?? ?? ?? ??? ?? ???? ???,H
Is Monica Belucci related to Belushi families house?,??? ????? ?? ????? ?????? ????? ???: ???? ??? ????,H
How much do porn stars earn?,??? ?? ??? ????? ?????? ??? ????? ???,H
I am regarded as complete loser by all.Should I end my life?How much courage it take to restart my life?,??? ??? ???? ???.†???? ????? ??? ??? ???? ???†??? ??? ?? ??? ???? ???? ??????†??? ???? ???? ???? ?????? ?? ???? ???? ?????? ????†??? ??? 24 ??? ?? ??? ??? ???? ???? ???? ?? ???? ???? ????? ?? ?????? ?? ??? ???†??? ?? ??? ?????? ???? ????? ????†??? ???? ???? ???? ????? ?????? ????? ????†???? ???? ???? ?? ???? ???†??? ??? ?????,H
What are the best blogs to follow if you're a computer technician/network admin?,??????? ??? ????? ?? ????? ????? ?? ??? ??? ?? ?????? ???? ????,H
Inspirotech is the best web designing company in India?,?? ?? ????? ??? ?? ??? ???????? ??????? ????,H
"If Beyonc√© were a color, what color would she be and why?",??? ?? ??? ???? ?? ?? ?? ??? ??? ???? ??? ?????,H
"Which is a suitable solar panel installation provider near South Gate, California CA?","??????? ??? ? ?????????? ?? ?? ?? ???? ???? ???? ?? ????? ?? ????? ???? ????? ????? ???",H
Which is the best book to understand special relativity?,??? ?????? ?? ??? ????? ?????? ???? ?? ????? ??? ???? ?????? ?? ????????? ?? ??????? ?? ??????? ??? ???? ???? ?? ?????? ??? ????,H
Is it advisable to do MBA after CA?,?? ?? ??? ??? ??? ?? ?? ?? ???? ????,H
What have you learned during your internship?,??? ??? ?????? ?? ????? 1 ??? ??????? ?????? ????,H
How does NBA system work?,??? ?? ?? ??? ???? ???? ???? ??? ???? ???,H
Do I need to file an income tax return if my only source of income is from the agriculture in India?,"??? ?? ??? ?? ????? ?? ? ??? ???? ??? ?? ?? ?????? ??? ???? ???? ??? ?? ?? ?? ??? ?? ??? ???? ???? ??????? ??? ????? ?? ????? ???",H
How do I ask my newly married wife to have sex?,??? ?? ??? ???? ???? ????? ???? ??? ???? ?? ???? ??? ????,H
How much will it cost to just build an app like uber if I hire someone external to do it for me?,???? (??? ?? ??? ??? ????????) ???? ??? ????? ??? ???? ??? ??? ???,H
Which are the major highways in California and how are they compared to the major highways in Alaska?,?????????? ?? ??? ???????? ??? ?? ??? ??? ?? ?? ?????? ??????? ?? ??? ???????? ?? ??? ???,H
How can I gain healthy weight and mass?,??? ??? ??? ??? ????? ??? ??? ?????? ?? ???? ????? ??????? ??? ????,H
Who would win in a fight between a brutal cat and a brutal dog?,"????? ? ??? ?? ????? ??? ??? ?????",H
I am confused between Vivo V5 and Oneplus 2 which one is better?,"???? ??? ?? ??? ? ?? ??? 2 ?? ???? ??? ???? 4 ?????? ??????†????? ???? ???",H
Which is the best porn video?,?? ?? ???? ??????? ?? ????? ?? ?? ?? ?????? ??? ????? ??? ???,H
What book would you recommend from the 20th century?,?? 21st ??? ??? ???? ?? ??? ???? ?? ????? ???? ???,H
"Why is a comma often used after ""sometimes""?","?? ???? ?? ???? ?? ??? ""???"" ?? ??????? ??? ???",H
"Is there a difference in quality between wired and wireless headphones? If so, why?",??? ??? ??? ??? ?? ?? ??? ??? ??? ??? ????? ??? ??? ??? ???,H
"I had fight with my manager, he tried to convince me. I am still in the same team. Someone please guide me what I should do?","??? ?? ???? ?????? ?? ???? ????? ??? ??? ? ?? ?? ???? ???? ???? ?? ???? ??? ??? ??? ??? ?? ??? ??? ???? ???? ??? ???? ????? ??? ? ???? ??? ???? ??? ??? ????? ???",H
What are the biggest pain points of IT managers?,??? ?? ??????? ?? ?? ?? ??? ??? ???? ??? ???,H
How can I earn 200 INR daily by devoting 1-2 hours daily?,??? ?? ??? ?????? 1-2 ????? ???? ?? ??? ?? ?????? 200 ??? ??? ???? ????,H
How do I edit my answer on Quora?,?????? ????? ??? ???? ????? ???? ???,H
How can I buy bitcoins without an ID?,??? ?? ????? ???? ?? ????? ??????? ???? ???? ????,H
How long does it take to get visa?,???? ???????? ???? ???? ???? ??? ???? ??? ???? ???,H
What were the U.S Bible Belt states known as before being called as such?,???? ?? ??? ?? ??? ?? ?? ???? ?? ??? ?? ???? ?????? ????? ???? ??????? ??? ????,H
What can I do to become aeronautics engineer after graduate in automobile engineer?,????????? ?? ??? ????? ?? ????????? ????????? ???? ??????? ??? ???? ????,H
Which book should I prefer for maths class12 preparation ..NCERT or Elements? (with just a month left for boards)?,??? ???????? ??????? ?? ??? ??? ????? ?? ??? ?? ???? ?? ????? ?????? ?? ??? ??? ?? ?????? ????? ???,H
How do I fill pan card application online?,??? ??? ???? ?? ??? ?? ??? ??????? ?? ???? ????,H
Why isn‚Äôt Amazon providing the total ratings or reviews filter option in advance search?,?? ????? ??? ?????? ???? ?? ????? ?? ???? ??? ????? ???? ?? ???? ???? ?????? ?? ??? ????,H
Does the other person know that I saved our conversation on snapchat?,????? ??? ????? ?? ?? ??? ?????? ?? ????? ????? ?? ????? ???,H
Which are the best Christmas movies of all time?,????? ?? ??? ?????? ?? ??? ???? ?? ?????? ???? ???? ???,H
What is world peace?,????? ??? ???? ?????,H
"Stock available, website available, not a dime in cash - is it really possible to make a business out of it? Tangible luxury handmade goods.",??? ??? ???? ??? ??????? ?? ????? ?? ????? ?? ?????? ???? ???? ?????,H
How do I make financial projections using Excel?,??? ??? ?? ?? ??? ???? ??? ??? ???? ????,H
How many protons does iodine have?,???? ??? ???? ?????? ????,H
Is life all about a career?,????? ??? ???,H
The Martian (2015 movie): Why couldn't Matt Damon grow more potatoes using the poop logic he used for the first time?,?????? ??? ????? ???? ???? ??? ???,H
How can I lose 15 kg in 1 month?,?? ?? ??? ??? ?? ?? 1 ??? ??? 15 ?? ???? ???? ????,H
What do monks do about morning wood?,???? ??????? ?? ??? ???? ????? ????,H
What should you do if you feel hopeless and overwhelmed?,?? ?? ???? ?????? ?? ? ??? ?? ?? ??? ?????? ????? ???? ?? ?? ?? ?? ??? ???? ??????,H
"Does the C.P.H. 4 molecule really exist as shown in the movie Lucy? If so, how does it work?",??? ??????? ????? ????? ???,H
What is it like to realize that you are asexual?,??? ???? ??? ???? ??? ??? ??? / ??? ???? ???? ?? ??? ?? ??? ???,H
How do you fall asleep fast when you are not tired?,??? ???? ?? ????? ?? ?? ?? ?????? ???? ?? ??? ??? ?? ?? ???? ????,H
What is the difference between IT and computer science engineering?,??????? ????? ??? ??????? ????????? ?? ????? ??? ???????? ????,H
Does Hyatt allow unmarried/unrelated couples?,??? ??? ???????? ????? ????? ?? ??? ???? ??? ???? ?? ????? ???? ???,H
How do I politely get someone to reply to my emails when he doesn't usually reply?,??? ?????? ????? ???? ?? ???? ??? ?? ???? ?? ?? ???? ???,H
"What states make up the ""Bible Belt""?",???? ?? ??? ?? ??? ?? ?? ???? ?? ??? ?? ???? ?????? ????? ???? ??????? ??? ????,H
Am I an employee or a contractor?,?? ?? ?? ?? ??? ???????? ?????????,H
What type of government does Turkey have? How does it compare to the one in Japan?,???? ????? ?? ?? ??? ?? ??? ?? ???? ????? ??? ?? ??? ?? ??? ??? ??? ?????? ???? ???,H
Are Telugu speaking people offended by the slang Gultis?,????? ??????????? ?? ???? ????? ?? ???? ???? ???,H
For what use cases do you think deep learning and neural networks overkill and simpler models work better in practice?,"???? Q ?????? ??? ? ?? ?????? ??? ??? ??? ??? ?? ?? ??? ?? ??? ???? ????",H
What are some tips on making it through the job interview process at S & T Bank?,?? ?? ???? ?? ??? ??? ??????? ?? ??? ?? ????? ??? ????? ?? ???? ??? ??? ???? ??? ????,H
"If I have a permanent retainer, do I need to wear the removable ones at all?",??? ????? ?????? ????? ???? ?? ???? ???? ????? ???,H
Why did Zlatan Ibrahimovic move to Manchester United?,??? ?? ?? ???? ?? ?? ????? ?????????? ??????? ???????? ?? ????? ????? ???,H
What is the most beautiful thing that you have ever seen?,?? ?? ?? ?? ?? ??????? ??? ??? ?? ???,H
Who is PETA & why are they so keen in stopping jallikattu?,???? ?? ???? ??? ??? ???? ???,H
"What is the difference between a plot, story and a script?",???? ?????? ????? ??? ?????? ?? ?? ??? ????? ????,H
"What NFL teams do not have cheerleaders, and why?",??? ??? ??? ?? ??? ?? ????? ?? ?? ????? ???? ??? ????? ????,H
How many SMS are sent in Japan per day?,?????? ??? ???? ????? ????? ????? ???? ????†?? ??????†???????,H
What are the best winter jackets for temperature of -10 and where can I get them in Coimbatore?,??? ???? ???? ??? ???? ???? ?????? ??? ?? ?????? ??? ???? ?????? ????,H
"What is the best answer to ""if you cant take care of my daughter, then why are you with her?""? Mind you, its coming from a sarcastic mother.","??? ?? ???? ???? ?? ???? ???? ???? ?? ???? ?? ?? ? ?? ?? ?????? ???? ??? ??? ?? ?? ??? ????? ? ?? ??? ????? ????? ?? ????? ?? ???? ???",H
"""Every one is unique in this world"", what are the best ways to find my uniqueness?",??? ?? ???? ?? ????? ????? ?? ??? ???? ??? ??????? ???? ?? ???? ??? ???? ???? ??? ???? ????? ?? ?? ??? ???? ????? ??? ?? ????? ???? ??? ?? ?????? ?? ??? ?????,H
"What are the best depressing movies, and why?",?? ?? ??? ??? ?????? ?? ??? ??? ???? ??? ?? ???,H
Can you still learn new languages after childhood?,??? ???? ??? ??? ?????? ????? ?? ?? ??? ????,H
